SourceCourseName,MatchedCourseName,ImageFile,ImageLink
Administrative Procedure Development,Administrative Procedure Development,73d5df26-0e08-4f08-a347-d7f8c82fbdf3.webp,C:\Websites\learningmanagementsystem\Images\Course_Images\CourseImages\73d5df26-0e08-4f08-a347-d7f8c82fbdf3.png
Administrative Record Management,Administrative Record Management,3e9ebc34-ef37-4573-ad11-2a5cd4440787.webp,C:\Websites\learningmanagementsystem\Images\Course_Images\CourseImages\3e9ebc34-ef37-4573-ad11-2a5cd4440787.png
Administrative Skills for Meeting and Event Coordination,Administrative Skills for Meeting and Event Coordination,cd59d8ba-91c5-4532-aedc-12bc30f77838.webp,C:\Websites\learningmanagementsystem\Images\Course_Images\CourseImages\cd59d8ba-91c5-4532-aedc-12bc30f77838.png
Advanced Excel Assessment,Advanced Excel Assessment,e52b8ab4-8b2f-4e6f-8a5e-1f9bfd43b1b9.webp,C:\Websites\learningmanagementsystem\Images\Course_Images\CourseImages\e52b8ab4-8b2f-4e6f-8a5e-1f9bfd43b1b9.png
Advanced Microsoft Excel,Advanced Microsoft Excel,653dce5f-4b69-4803-8250-7ddbba7ee451.webp,C:\Websites\learningmanagementsystem\Images\Course_Images\CourseImages\653dce5f-4b69-4803-8250-7ddbba7ee451.png
Advanced Microsoft PowerPoint,Advanced Microsoft PowerPoint,a94f1720-fca2-4165-94e7-76397800884f.webp,C:\Websites\learningmanagementsystem\Images\Course_Images\CourseImages\a94f1720-fca2-4165-94e7-76397800884f.png
Advanced Microsoft Word,Advanced Microsoft Word,8c7d1801-99ad-4db5-9830-3c5521315164.webp,C:\Websites\learningmanagementsystem\Images\Course_Images\CourseImages\8c7d1801-99ad-4db5-9830-3c5521315164.png
Analyse and Apply Management Practices Within the Supply Chain,Analyse and Apply Management Practices Within the Supply Chain,b00bb150-f856-4573-aa0a-98e15f6f6c31.webp,C:\Websites\learningmanagementsystem\Images\Course_Images\CourseImages\b00bb150-f856-4573-aa0a-98e15f6f6c31.png
Analysing Media Impact on Business Sectors,Analysing Media Impact on Business Sectors,aaafae8a-06eb-4ce9-bcea-91bcd5d65d0f.webp,C:\Websites\learningmanagementsystem\Images\Course_Images\CourseImages\aaafae8a-06eb-4ce9-bcea-91bcd5d65d0f.png
Analysing Shape and Motion in 2D and 3D Space,Analysing Shape and Motion in 2D and 3D Space,425c370b-496d-454c-85d1-aed048a4a291.webp,C:\Websites\learningmanagementsystem\Images\Course_Images\CourseImages\425c370b-496d-454c-85d1-aed048a4a291.png
Apply Concepts and Principles of Business Ethics in the Professional Environment,Apply Concepts and Principles of Business Ethics in the Professional Environment,5bbf72ac-2518-4f91-ac0c-b53d656ea3ea.webp,C:\Websites\learningmanagementsystem\Images\Course_Images\CourseImages\5bbf72ac-2518-4f91-ac0c-b53d656ea3ea.png
Apply In-bound Contact Centre Operations Within a Commercial Environment,Apply In-bound Contact Centre Operations Within a Commercial Environment,89be591f-78db-4d1a-854f-24ca25fb5a33.webp,C:\Websites\learningmanagementsystem\Images\Course_Images\CourseImages\89be591f-78db-4d1a-854f-24ca25fb5a33.png
Apply Legal Aspects in a Security Environment,Apply Legal Aspects in a Security Environment,e35c55a3-b248-4d69-8ffd-3c752ebcb743.webp,C:\Websites\learningmanagementsystem\Images\Course_Images\CourseImages\e35c55a3-b248-4d69-8ffd-3c752ebcb743.png
Apply Out-bound Contact Centre Operations Within a Commercial Environment,Apply Out-bound Contact Centre Operations Within a Commercial Environment,cb2a4d3c-b027-490f-87cd-146e7d4a74b9.webp,C:\Websites\learningmanagementsystem\Images\Course_Images\CourseImages\cb2a4d3c-b027-490f-87cd-146e7d4a74b9.png
Apply the Skills of Customer Care,Apply the Skills of Customer Care,ecd025b7-2a38-4f28-890c-6561c6abe35a.webp,C:\Websites\learningmanagementsystem\Images\Course_Images\CourseImages\ecd025b7-2a38-4f28-890c-6561c6abe35a.png
Applying an Organisation's Code of Conduct,Applying an Organisation's Code of Conduct,1ef846cf-5f7e-46ef-8642-a7ef40878364.webp,C:\Websites\learningmanagementsystem\Images\Course_Images\CourseImages\1ef846cf-5f7e-46ef-8642-a7ef40878364.png
Appraise and Valuate Used Vehicles,Appraise and Valuate Used Vehicles,edceba13-8ece-42e6-ad94-674f2e5c9942.webp,C:\Websites\learningmanagementsystem\Images\Course_Images\CourseImages\edceba13-8ece-42e6-ad94-674f2e5c9942.png
Assessor (Conduct Outcome-based Assessments),Assessor (Conduct Outcome-based Assessments),9a9ec00b-d052-470d-a640-ad519340bf93.webp,C:\Websites\learningmanagementsystem\Images\Course_Images\CourseImages\9a9ec00b-d052-470d-a640-ad519340bf93.png
Audience and Context Needs in Oral Communication,Audience and Context Needs In Oral Communication,ed328c02-fc93-47b2-82f1-38bd1166bd66.webp,C:\Websites\learningmanagementsystem\Images\Course_Images\CourseImages\ed328c02-fc93-47b2-82f1-38bd1166bd66.png
Basic Business Principles,Basic Business Principles,fff895e7-c545-4dc2-b200-daff26239386.webp,C:\Websites\learningmanagementsystem\Images\Course_Images\CourseImages\fff895e7-c545-4dc2-b200-daff26239386.png
Basic Computer Skills Assessment,Basic Computer Skills Assessment,45a2ee3a-009c-4778-82e9-b0ca76d89ba5.webp,C:\Websites\learningmanagementsystem\Images\Course_Images\CourseImages\45a2ee3a-009c-4778-82e9-b0ca76d89ba5.png
Basic Excel Assessment,Basic Excel Assessment,ce93d37c-2df4-4255-83dc-010e862bc4a7.webp,C:\Websites\learningmanagementsystem\Images\Course_Images\CourseImages\ce93d37c-2df4-4255-83dc-010e862bc4a7.png
Basic Microsoft Excel,Basic Microsoft Excel,a0a3800a-4a6b-499b-93dc-6ff3e4273649.webp,C:\Websites\learningmanagementsystem\Images\Course_Images\CourseImages\a0a3800a-4a6b-499b-93dc-6ff3e4273649.png
Basic Microsoft PowerPoint,Basic Microsoft PowerPoint,db8f3af7-718a-4b61-96dd-8c31d7ad57e6.webp,C:\Websites\learningmanagementsystem\Images\Course_Images\CourseImages\db8f3af7-718a-4b61-96dd-8c31d7ad57e6.png
Basic Microsoft Word,Basic Microsoft Word,ce23e5c3-0233-448e-8dcf-d279c5dc2553.webp,C:\Websites\learningmanagementsystem\Images\Course_Images\CourseImages\ce23e5c3-0233-448e-8dcf-d279c5dc2553.png
Basic Office Research,Basic Office Research,3e60b0df-a937-4cea-90f3-259d51df30cd.webp,C:\Websites\learningmanagementsystem\Images\Course_Images\CourseImages\3e60b0df-a937-4cea-90f3-259d51df30cd.png
Basic Supervisory Skills - Supervising Project Teams,Basic Supervisory Skills - Supervising Project Teams,ced16492-3483-430c-a549-1c538fa13b7e.webp,C:\Websites\learningmanagementsystem\Images\Course_Images\CourseImages\ced16492-3483-430c-a549-1c538fa13b7e.png
Basics of Drafting a Contract,Basics of Drafting a Contract,71309af7-5f05-4a3a-a4ff-9cd38c7da5df.webp,C:\Websites\learningmanagementsystem\Images\Course_Images\CourseImages\71309af7-5f05-4a3a-a4ff-9cd38c7da5df.png
Booking Systems,Booking Systems,05ce508a-2923-4ad0-8259-2bd130606523.webp,C:\Websites\learningmanagementsystem\Images\Course_Images\CourseImages\05ce508a-2923-4ad0-8259-2bd130606523.png
Branding,Branding,678950f4-696e-436f-98b7-c2f5af4a6ee4.webp,C:\Websites\learningmanagementsystem\Images\Course_Images\CourseImages\678950f4-696e-436f-98b7-c2f5af4a6ee4.png
Breast Cancer,Breast Cancer,cf21744e-0742-4ad5-8b97-12a5a49f72ca.webp,C:\Websites\learningmanagementsystem\Images\Course_Images\CourseImages\cf21744e-0742-4ad5-8b97-12a5a49f72ca.png
Build Customer Relations in an Operational Unit,Build Customer Relations in an Operational Unit,2b8a4304-46d5-4374-bc75-fc515025bd10.webp,C:\Websites\learningmanagementsystem\Images\Course_Images\CourseImages\2b8a4304-46d5-4374-bc75-fc515025bd10.png
Building Competitive Supply Chain Networks,Building Competitive Supply Chain Networks,eb128100-ce39-4172-ac5f-a073e13d850a.webp,C:\Websites\learningmanagementsystem\Images\Course_Images\CourseImages\eb128100-ce39-4172-ac5f-a073e13d850a.png
Building High-Performance Teams,Building High-Performance Teams,730d8c40-14e2-482a-bcaa-8a062f71d68f.webp,C:\Websites\learningmanagementsystem\Images\Course_Images\CourseImages\730d8c40-14e2-482a-bcaa-8a062f71d68f.png
Business & Personal Financial Analysis,Business & Personal Financial Analysis,bd82eaff-6825-46c4-b426-d8ce11eeec9b.webp,C:\Websites\learningmanagementsystem\Images\Course_Images\CourseImages\bd82eaff-6825-46c4-b426-d8ce11eeec9b.png
Business Communication,Business Communication,a580be5b-bc36-4eba-8bca-0f683039ce2f.webp,C:\Websites\learningmanagementsystem\Images\Course_Images\CourseImages\a580be5b-bc36-4eba-8bca-0f683039ce2f.png
Business Ethics,Business Ethics,0560082a-66fe-4da2-a627-17d5c5eb75b8.webp,C:\Websites\learningmanagementsystem\Images\Course_Images\CourseImages\0560082a-66fe-4da2-a627-17d5c5eb75b8.png
Business Planning for New Ventures,Business Planning for New Ventures,2b5bb719-ed9d-48ee-8962-55b6b66f9a5d.webp,C:\Websites\learningmanagementsystem\Images\Course_Images\CourseImages\2b5bb719-ed9d-48ee-8962-55b6b66f9a5d.png
Business Principles and Information Technology.,Business Principles and Information Technology.,6f571d31-4238-4baf-93ae-5040c40c693a.webp,C:\Websites\learningmanagementsystem\Images\Course_Images\CourseImages\6f571d31-4238-4baf-93ae-5040c40c693a.png
Business Report Writing in Retail/Wholesale,Business Report Writing in Retail/Wholesale,c29b5c69-c519-4f8f-a771-f347e873468b.webp,C:\Websites\learningmanagementsystem\Images\Course_Images\CourseImages\c29b5c69-c519-4f8f-a771-f347e873468b.png
Business Writing Level 4,Business Writing Level 4,0bb523f8-3a99-4097-b7ed-b596c578a136.webp,C:\Websites\learningmanagementsystem\Images\Course_Images\CourseImages\0bb523f8-3a99-4097-b7ed-b596c578a136.png
Carrying Out Basic First Aid Treatment in the Workplace,Carrying Out Basic First Aid Treatment in the Workplace,ca7ecf3c-ec7d-41df-a52c-b64703eafaf3.webp,C:\Websites\learningmanagementsystem\Images\Course_Images\CourseImages\ca7ecf3c-ec7d-41df-a52c-b64703eafaf3.png
Change Management,Change Management,0e60bafb-4a7e-4b5c-b108-b9f746996866.webp,C:\Websites\learningmanagementsystem\Images\Course_Images\CourseImages\0e60bafb-4a7e-4b5c-b108-b9f746996866.png
Choosing Suppliers: Selection and Evaluation,Choosing Suppliers: Selection and Evaluation,8fbabc7c-4a7d-4fcd-a9e7-8d1f4e322ff8.webp,C:\Websites\learningmanagementsystem\Images\Course_Images\CourseImages\8fbabc7c-4a7d-4fcd-a9e7-8d1f4e322ff8.png
Coaching for Business Managers,Coaching for Business Managers,3b3b1e01-7436-445b-b8ac-bfcb909e6ac2.webp,C:\Websites\learningmanagementsystem\Images\Course_Images\CourseImages\3b3b1e01-7436-445b-b8ac-bfcb909e6ac2.png
Collect and record information queries and requests from customers,Collect and record information queries and requests from customers,a894e68d-3729-4b2b-809a-0fbe51de8042.webp,C:\Websites\learningmanagementsystem\Images\Course_Images\CourseImages\a894e68d-3729-4b2b-809a-0fbe51de8042.png
Communicate in an Assertive Manner With Clients and Fellow Workers,Communicate in an Assertive Manner With Clients and Fellow Workers,2c1e0c70-c76a-4938-9297-26bace01a1d8.webp,C:\Websites\learningmanagementsystem\Images\Course_Images\CourseImages\2c1e0c70-c76a-4938-9297-26bace01a1d8.png
Communicate Verbally and Non-verbally in the Workplace,Communicate Verbally and Non-verbally in the Workplace,ab90acf9-676c-4c30-b40a-e49f3b22c6d4.webp,C:\Websites\learningmanagementsystem\Images\Course_Images\CourseImages\ab90acf9-676c-4c30-b40a-e49f3b22c6d4.png
Communicate With Customers in a Contact Centre and BPO,Communicate With Customers in a Contact Centre and BPO,4e0b5d15-4cfc-4f91-afd8-d0b28537b9c4.webp,C:\Websites\learningmanagementsystem\Images\Course_Images\CourseImages\4e0b5d15-4cfc-4f91-afd8-d0b28537b9c4.png
Communication in Diverse Contexts,Communication in Diverse Contexts,b0f25b48-5712-45a2-bd07-d533700b2785.webp,C:\Websites\learningmanagementsystem\Images\Course_Images\CourseImages\b0f25b48-5712-45a2-bd07-d533700b2785.png
Communication Skills,Communication Skills,d6f0260b-aea7-473b-860d-1fb93097b0af.webp,C:\Websites\learningmanagementsystem\Images\Course_Images\CourseImages\d6f0260b-aea7-473b-860d-1fb93097b0af.png
Comprehensive Security Risk Training,Comprehensive Security Risk Training,8916d772-ad8c-47bc-bbfd-f903b7690eed.webp,C:\Websites\learningmanagementsystem\Images\Course_Images\CourseImages\8916d772-ad8c-47bc-bbfd-f903b7690eed.png
Computer Industry Ethics in South Africa,Computer Industry Ethics in South Africa,f99fc2a2-cfc4-42d0-8543-fb3500e547a1.webp,C:\Websites\learningmanagementsystem\Images\Course_Images\CourseImages\f99fc2a2-cfc4-42d0-8543-fb3500e547a1.png
Computer Skills for Contact Centre Staff,Computer Skills for Contact Centre Staff,55940b9b-27d2-4eec-8f65-0dc5c668c16e.webp,C:\Websites\learningmanagementsystem\Images\Course_Images\CourseImages\55940b9b-27d2-4eec-8f65-0dc5c668c16e.png
Conduct a Meeting,Conduct a Meeting,77e0bb65-ac83-43c3-9a3e-7a58773b5da4.webp,C:\Websites\learningmanagementsystem\Images\Course_Images\CourseImages\77e0bb65-ac83-43c3-9a3e-7a58773b5da4.png
Conduct a Security Patrol in an Area of Responsibility,Conduct a Security Patrol in an Area of Responsibility,4b429d94-9767-45e6-afd6-6c3c87b17432.webp,C:\Websites\learningmanagementsystem\Images\Course_Images\CourseImages\4b429d94-9767-45e6-afd6-6c3c87b17432.png
Conduct Sales and Support Services,Conduct Sales and Support Services,efbe4f00-3570-4a1b-8614-0315ebc9a1e7.webp,C:\Websites\learningmanagementsystem\Images\Course_Images\CourseImages\efbe4f00-3570-4a1b-8614-0315ebc9a1e7.png
Conducting a Technical Meeting,Conducting a Technical Meeting,3b10c815-4702-4926-a612-db249f1e49d6.webp,C:\Websites\learningmanagementsystem\Images\Course_Images\CourseImages\3b10c815-4702-4926-a612-db249f1e49d6.png
Conducting Organisational Needs Analysis,Conducting Organisational Needs Analysis,4898f666-0f01-4848-bf43-49a52b1f847b.webp,C:\Websites\learningmanagementsystem\Images\Course_Images\CourseImages\4898f666-0f01-4848-bf43-49a52b1f847b.png
Contract Administration in a New Business,Contract Administration in a New Business,4d8b4077-e4ed-47e7-bd4a-224134aa8b67.webp,C:\Websites\learningmanagementsystem\Images\Course_Images\CourseImages\4d8b4077-e4ed-47e7-bd4a-224134aa8b67.png
Contribute to a Diverse Working Environment in a Contact Centre,Contribute to a Diverse Working Environment in a Contact Centre,c541a4a2-0bdd-42a1-b32b-826d61b6f96f.webp,C:\Websites\learningmanagementsystem\Images\Course_Images\CourseImages\c541a4a2-0bdd-42a1-b32b-826d61b6f96f.png
Contributing to Project Initiation and Scope Definition,Contributing to Project Initiation and Scope Definition,6a7eedae-2d57-4ac5-8f6a-48b2e1e3aec3.webp,C:\Websites\learningmanagementsystem\Images\Course_Images\CourseImages\6a7eedae-2d57-4ac5-8f6a-48b2e1e3aec3.png
Contributing to Project Risk Management,Contributing to Project Risk Management,7c1902fc-11de-4e33-8620-f4fbea967dcc.webp,C:\Websites\learningmanagementsystem\Images\Course_Images\CourseImages\7c1902fc-11de-4e33-8620-f4fbea967dcc.png
Control Expenses Within a Budget,Control Expenses Within a Budget,bbdd8deb-4109-4d5d-8a49-f7090eebaf32.webp,C:\Websites\learningmanagementsystem\Images\Course_Images\CourseImages\bbdd8deb-4109-4d5d-8a49-f7090eebaf32.png
Create Database Access with SQL,Create Database Access with SQL,855d153b-7cc8-4a74-806e-514c35f6cc5d.webp,C:\Websites\learningmanagementsystem\Images\Course_Images\CourseImages\855d153b-7cc8-4a74-806e-514c35f6cc5d.png
Critical Thinking and Problem Resolution,Critical Thinking and Problem Resolution,c15e3af4-e031-4861-bca9-fc3f55e1aa4b.webp,C:\Websites\learningmanagementsystem\Images\Course_Images\CourseImages\c15e3af4-e031-4861-bca9-fc3f55e1aa4b.png
Cultivating Productive Supply Chain Culture,Cultivating Productive Supply Chain Culture,85cdb7fd-9184-4b61-9ab9-f70e1cb0fde9.webp,C:\Websites\learningmanagementsystem\Images\Course_Images\CourseImages\85cdb7fd-9184-4b61-9ab9-f70e1cb0fde9.png
Cultural Awareness,Cultural Awareness,6ed3fe16-777b-48dd-ad79-55bf41d823af.webp,C:\Websites\learningmanagementsystem\Images\Course_Images\CourseImages\6ed3fe16-777b-48dd-ad79-55bf41d823af.png
Customer Data Collection and Recording,Customer Data Collection and Recording,bfd73769-97c7-4359-8f68-d568269e6f5e.webp,C:\Websites\learningmanagementsystem\Images\Course_Images\CourseImages\bfd73769-97c7-4359-8f68-d568269e6f5e.png
Customer Satisfaction,Customer Satisfaction,f197aa2d-4e00-4ce8-bc0b-c370b7834938.webp,C:\Websites\learningmanagementsystem\Images\Course_Images\CourseImages\f197aa2d-4e00-4ce8-bc0b-c370b7834938.png
Customer Service for Professionals,Customer Service for Professionals,e81c2455-2084-43e5-a437-6debca4224fe.webp,C:\Websites\learningmanagementsystem\Images\Course_Images\CourseImages\e81c2455-2084-43e5-a437-6debca4224fe.png
Data Checking Assessment,Data Checking Assessment,f0e77bab-95e3-4f09-8171-b2fae3d848a6.webp,C:\Websites\learningmanagementsystem\Images\Course_Images\CourseImages\f0e77bab-95e3-4f09-8171-b2fae3d848a6.png
Define Core and Secondary Functions of an Organisation,Define Core and Secondary Functions of an Organisation,b91a8c73-d9ca-4316-868a-73a521aeb091.webp,C:\Websites\learningmanagementsystem\Images\Course_Images\CourseImages\b91a8c73-d9ca-4316-868a-73a521aeb091.png
Demonstrate an Understanding of Contact Centre and BPO Working Practices,Demonstrate an Understanding of Contact Centre and BPO Working Practices,9d71c3ab-ebec-4a20-9942-b13f34070a56.webp,C:\Websites\learningmanagementsystem\Images\Course_Images\CourseImages\9d71c3ab-ebec-4a20-9942-b13f34070a56.png
Demonstrate Automotive Vehicle Product Knowledge,Demonstrate Automotive Vehicle Product Knowledge,832c4cb7-e320-45a7-aadf-74585f28db26.webp,C:\Websites\learningmanagementsystem\Images\Course_Images\CourseImages\832c4cb7-e320-45a7-aadf-74585f28db26.png
Demonstrate Knowledge and Application of Ethical Conduct in a Business Environment,Demonstrate Knowledge and Application of Ethical Conduct in a Business Environment,374b80e0-c497-46be-b813-24609ac43b05.webp,C:\Websites\learningmanagementsystem\Images\Course_Images\CourseImages\374b80e0-c497-46be-b813-24609ac43b05.png
Describe the Interaction With Internal Departments and External Sales Support Structures,Describe the Interaction With Internal Departments and External Sales Support Structures,7b6a8ff0-1f17-4d5b-86f6-93f06a8fcda6.webp,C:\Websites\learningmanagementsystem\Images\Course_Images\CourseImages\7b6a8ff0-1f17-4d5b-86f6-93f06a8fcda6.png
Designing Information Systems,Designing Information Systems,809f2f73-6002-4526-a11a-c719f9a6a58c.webp,C:\Websites\learningmanagementsystem\Images\Course_Images\CourseImages\809f2f73-6002-4526-a11a-c719f9a6a58c.png
Develop Understanding Within an Organisation About the Risks Associated With Its Functioning and Contexts,Develop Understanding Within an Organisation About the Risks Associated With Its Functioning and Contexts,eaa1821f-f260-4190-be89-29aeb9541010.webp,C:\Websites\learningmanagementsystem\Images\Course_Images\CourseImages\eaa1821f-f260-4190-be89-29aeb9541010.png
"Develop, Implement and Evaluate a Project Plan","Develop, Implement and Evaluate a Project Plan",fa16e94a-1c37-43c0-9561-c634869822b2.webp,C:\Websites\learningmanagementsystem\Images\Course_Images\CourseImages\fa16e94a-1c37-43c0-9561-c634869822b2.png
Developing Innovative Work Environments,Developing Innovative Work Environments,9533fb7a-b086-4009-b6ce-2f98c87edafa.webp,C:\Websites\learningmanagementsystem\Images\Course_Images\CourseImages\9533fb7a-b086-4009-b6ce-2f98c87edafa.png
Developing Strategies for Operational Supply Optimisation,Developing Strategies for Operational Supply Optimisation,9f23e93d-5b16-4fd9-aa75-acb31c9e314a.webp,C:\Websites\learningmanagementsystem\Images\Course_Images\CourseImages\9f23e93d-5b16-4fd9-aa75-acb31c9e314a.png
Devise and Apply Strategies to Establish and Maintain Workplace Relations,Devise and Apply Strategies to Establish and Maintain Workplace Relations,77902a37-cad5-4a4b-91f1-5097dd71f3cf.webp,C:\Websites\learningmanagementsystem\Images\Course_Images\CourseImages\77902a37-cad5-4a4b-91f1-5097dd71f3cf.png
Effective Communication Techniques,Effective Communication Techniques,fcfc99c8-c2b4-438a-8ec9-23d5324658e1.webp,C:\Websites\learningmanagementsystem\Images\Course_Images\CourseImages\fcfc99c8-c2b4-438a-8ec9-23d5324658e1.png
Effective Performance in a Business,Effective Performance in a Business,717e4d39-968a-49c2-a724-59f033c12c27.webp,C:\Websites\learningmanagementsystem\Images\Course_Images\CourseImages\717e4d39-968a-49c2-a724-59f033c12c27.png
Effective Sales: A Masterclass,Effective Sales: A Masterclass,a52d3718-eaba-4492-b9a2-d30e195537e7.webp,C:\Websites\learningmanagementsystem\Images\Course_Images\CourseImages\a52d3718-eaba-4492-b9a2-d30e195537e7.png
Effective Time Management,Effective Time Management,19e46b03-b7c0-4376-ac5f-af6c4b503da8.webp,C:\Websites\learningmanagementsystem\Images\Course_Images\CourseImages\19e46b03-b7c0-4376-ac5f-af6c4b503da8.png
Emotional intelligence,Emotional Intelligence,32a2683a-94c6-43b9-87ea-f3058bdea122.webp,C:\Websites\learningmanagementsystem\Images\Course_Images\CourseImages\32a2683a-94c6-43b9-87ea-f3058bdea122.png
Employment Relations,Employment Relations,1f32648a-deba-4d3f-8308-9860cd302334.webp,C:\Websites\learningmanagementsystem\Images\Course_Images\CourseImages\1f32648a-deba-4d3f-8308-9860cd302334.png
Empowering Team Members,Empowering Team Members,96271d76-a18a-4588-bc1d-5b066e64b2fe.webp,C:\Websites\learningmanagementsystem\Images\Course_Images\CourseImages\96271d76-a18a-4588-bc1d-5b066e64b2fe.png
Entrepreneurial Characteristics,Entrepreneurial Characteristics,6b4569a2-6dbc-48d5-b6a1-b94c46f19360.webp,C:\Websites\learningmanagementsystem\Images\Course_Images\CourseImages\6b4569a2-6dbc-48d5-b6a1-b94c46f19360.png
Everyday Business Functions,Everyday Business Functions,d53b09af-9838-4bac-a0e6-7c1c38cfb156.webp,C:\Websites\learningmanagementsystem\Images\Course_Images\CourseImages\d53b09af-9838-4bac-a0e6-7c1c38cfb156.png
Exhibitor and Visitor Engagement Management,Exhibitor and Visitor Engagement Management,c482b619-f4b3-49f1-b9db-ddd5e2451300.webp,C:\Websites\learningmanagementsystem\Images\Course_Images\CourseImages\c482b619-f4b3-49f1-b9db-ddd5e2451300.png
Explain Basic Health and Safety Principles in and Around the Workplace,Explain Basic Health and Safety Principles in and Around the Workplace,0228c5ce-a362-4620-8d75-bf1a1cf359a1.webp,C:\Websites\learningmanagementsystem\Images\Course_Images\CourseImages\0228c5ce-a362-4620-8d75-bf1a1cf359a1.png
Explain the Requirements for Becoming a Security Service Provider,Explain the Requirements for Becoming a Security Service Provider,a392f5d8-310d-4e34-9d7d-adc39ba1b497.webp,C:\Websites\learningmanagementsystem\Images\Course_Images\CourseImages\a392f5d8-310d-4e34-9d7d-adc39ba1b497.png
Exploring Physical Quantities and Geometrical Relationships,Exploring Physical Quantities and Geometrical Relationships,7a2479bf-34a3-4372-9e3f-1a9d703a6259.webp,C:\Websites\learningmanagementsystem\Images\Course_Images\CourseImages\7a2479bf-34a3-4372-9e3f-1a9d703a6259.png
Facilitator Training,Facilitator Training,a06650ea-403d-48ae-aadb-4f1eb3568c7f.webp,C:\Websites\learningmanagementsystem\Images\Course_Images\CourseImages\a06650ea-403d-48ae-aadb-4f1eb3568c7f.png
Factors That Impact on the Bottom Line of a Wholesale and Retail Unit,Factors That Impact on the Bottom Line of a Wholesale and Retail Unit,b2cec5e4-27f0-4c9e-b887-877d7ebe7e83.webp,C:\Websites\learningmanagementsystem\Images\Course_Images\CourseImages\b2cec5e4-27f0-4c9e-b887-877d7ebe7e83.png
Fair and Effective Disciplinary Procedures,Fair and Effective Disciplinary Procedures,f5393ceb-e9bc-43e8-b777-4449db7c2c74.webp,C:\Websites\learningmanagementsystem\Images\Course_Images\CourseImages\f5393ceb-e9bc-43e8-b777-4449db7c2c74.png
Finance a New Venture,Finance a New Venture,50eac245-43cd-4aa3-bbaa-57081fcfb45c.webp,C:\Websites\learningmanagementsystem\Images\Course_Images\CourseImages\50eac245-43cd-4aa3-bbaa-57081fcfb45c.png
Finance For Non Financial Managers,Finance For Non Financial Managers,5aed7442-48b7-46e2-8fbb-34d71876ca2b.webp,C:\Websites\learningmanagementsystem\Images\Course_Images\CourseImages\5aed7442-48b7-46e2-8fbb-34d71876ca2b.png
Financial Advisory and Intermediary Services Act 2002 (FAIS) (Act 37 of 2002),Financial Advisory and Intermediary Services Act 2002 (FAIS) (Act 37 of 2002),0618b510-eacf-4cef-99fa-8f2ae0911091.webp,C:\Websites\learningmanagementsystem\Images\Course_Images\CourseImages\0618b510-eacf-4cef-99fa-8f2ae0911091.png
"Financial Aspects of Personal, Business and National Issues","Financial Aspects of Personal, Business and National Issues",0627dce1-c52b-48f1-9bf8-4a988aebf148.webp,C:\Websites\learningmanagementsystem\Images\Course_Images\CourseImages\0627dce1-c52b-48f1-9bf8-4a988aebf148.png
Financial Intelligence Centre Act (FICA),Financial Intelligence Centre Act (FICA),aafca05d-1e30-4ee7-a272-86a126be7673.webp,C:\Websites\learningmanagementsystem\Images\Course_Images\CourseImages\aafca05d-1e30-4ee7-a272-86a126be7673.png
Financial Management Essentials for Entrepreneurs,Financial Management Essentials for Entrepreneurs,e7879340-f952-45ed-b27b-8ecb270b339c.webp,C:\Websites\learningmanagementsystem\Images\Course_Images\CourseImages\e7879340-f952-45ed-b27b-8ecb270b339c.png
Financial Mathematics & Analysis,Financial Mathematics & Analysis,c637d492-b53a-462a-88a3-fa6374ad911e.webp,C:\Websites\learningmanagementsystem\Images\Course_Images\CourseImages\c637d492-b53a-462a-88a3-fa6374ad911e.png
Financial Modeling,Financial Modeling,3930468f-38ed-4c30-b9b0-1274d7854476.webp,C:\Websites\learningmanagementsystem\Images\Course_Images\CourseImages\3930468f-38ed-4c30-b9b0-1274d7854476.png
Financial Planning for New Ventures,Financial Planning for New Ventures,aad4c849-9aec-4a34-9f51-72091139a3ab.webp,C:\Websites\learningmanagementsystem\Images\Course_Images\CourseImages\aad4c849-9aec-4a34-9f51-72091139a3ab.png
Fire Fighting,Fire Fighting,49a3f446-f7b9-469b-9199-bedc311a0eec.webp,C:\Websites\learningmanagementsystem\Images\Course_Images\CourseImages\49a3f446-f7b9-469b-9199-bedc311a0eec.png
First Aid,First Aid,d5c1b86d-959b-46df-b852-1b13c57bfad2.webp,C:\Websites\learningmanagementsystem\Images\Course_Images\CourseImages\d5c1b86d-959b-46df-b852-1b13c57bfad2.png
Foundations of English: Building Blocks for Effective Communication,Foundations of English: Building Blocks for Effective Communication,dc11c539-9b53-4040-b48e-463125a732e0.webp,C:\Websites\learningmanagementsystem\Images\Course_Images\CourseImages\dc11c539-9b53-4040-b48e-463125a732e0.png
Fraud Management in the Office,Fraud Management in the Office,b70c9e13-7750-44c9-ad43-83170b988524.webp,C:\Websites\learningmanagementsystem\Images\Course_Images\CourseImages\b70c9e13-7750-44c9-ad43-83170b988524.png
Fundamentals of International Trade,Fundamentals of International Trade,29b16684-eab6-4226-8c82-fbb37aa1d331.webp,C:\Websites\learningmanagementsystem\Images\Course_Images\CourseImages\29b16684-eab6-4226-8c82-fbb37aa1d331.png
Gather and Provide Relevant Information to Contribute to Contact Centre Problem Solving,Gather and Provide Relevant Information to Contribute to Contact Centre Problem Solving,23e34ded-6a73-4cc7-b9c5-0410fa039344.webp,C:\Websites\learningmanagementsystem\Images\Course_Images\CourseImages\23e34ded-6a73-4cc7-b9c5-0410fa039344.png
Give Evidence In Court,Give Evidence In Court,6646e7f7-5eac-4381-9a22-3061d079c6f6.webp,C:\Websites\learningmanagementsystem\Images\Course_Images\CourseImages\6646e7f7-5eac-4381-9a22-3061d079c6f6.png
Google Sheets and Forms,Google Sheets and Forms,6acd7d23-a313-4794-835d-b3b20dc33c66.webp,C:\Websites\learningmanagementsystem\Images\Course_Images\CourseImages\6acd7d23-a313-4794-835d-b3b20dc33c66.png
Hand Over a Serviced Vehicle,Hand Over a Serviced Vehicle,a41de57e-6665-4540-81d1-e969770a9867.webp,C:\Websites\learningmanagementsystem\Images\Course_Images\CourseImages\a41de57e-6665-4540-81d1-e969770a9867.png
Handle Complaints and Problems,Handle Complaints and Problems,7ad5130a-815f-4d0b-add3-1cd933b7d555.webp,C:\Websites\learningmanagementsystem\Images\Course_Images\CourseImages\7ad5130a-815f-4d0b-add3-1cd933b7d555.png
How to Deal With Depression,How to Deal With Depression,f92d5041-c19d-4566-a1cd-0513090073aa.webp,C:\Websites\learningmanagementsystem\Images\Course_Images\CourseImages\f92d5041-c19d-4566-a1cd-0513090073aa.png
How to Start Your First Business,How to Start Your First Business,dbeaaa59-39a8-47ca-90f2-a03db01a7cc7.webp,C:\Websites\learningmanagementsystem\Images\Course_Images\CourseImages\dbeaaa59-39a8-47ca-90f2-a03db01a7cc7.png
How to Take Care of a Baby,How to Take Care of a Baby,ab045635-f5bf-4fd5-ad87-8bb222102358.webp,C:\Websites\learningmanagementsystem\Images\Course_Images\CourseImages\ab045635-f5bf-4fd5-ad87-8bb222102358.png
Identify and Respond to Customer Needs in a Contact Centre,Identify and Respond to Customer Needs in a Contact Centre,bb1752d7-fda7-4c16-8a20-9a6cdab6a269.webp,C:\Websites\learningmanagementsystem\Images\Course_Images\CourseImages\bb1752d7-fda7-4c16-8a20-9a6cdab6a269.png
Identify Customers and Generate Selling Opportunities,Identify Customers and Generate Selling Opportunities,245af8ab-966b-4254-b8e3-0d36aa9f4679.webp,C:\Websites\learningmanagementsystem\Images\Course_Images\CourseImages\245af8ab-966b-4254-b8e3-0d36aa9f4679.png
Identifying Business Opportunities,Identifying Business Opportunities,00e31b2a-725e-4a2c-9a62-0c8189a357d2.webp,C:\Websites\learningmanagementsystem\Images\Course_Images\CourseImages\00e31b2a-725e-4a2c-9a62-0c8189a357d2.png
Implement and Manage Human Resource and Labour Relations Policies and Acts,Implement and Manage Human Resource and Labour Relations Policies and Acts,59e5e1c3-6ed3-4e3d-9086-896ec4ae0655.webp,C:\Websites\learningmanagementsystem\Images\Course_Images\CourseImages\59e5e1c3-6ed3-4e3d-9086-896ec4ae0655.png
Implementation Options for Information Technology (IT),Implementation Options for Information Technology (IT),fb21cd1b-6141-44d6-a58c-f4a6c1571093.webp,C:\Websites\learningmanagementsystem\Images\Course_Images\CourseImages\fb21cd1b-6141-44d6-a58c-f4a6c1571093.png
Implementing and Maintaining Information Systems,Implementing and Maintaining Information Systems,f73601c2-b134-49d3-90d3-b491028427ed.webp,C:\Websites\learningmanagementsystem\Images\Course_Images\CourseImages\f73601c2-b134-49d3-90d3-b491028427ed.png
Implementing Project Administration Processes,Implementing Project Administration Processes,1aba41a5-e829-455e-838c-a0790e5d6731.webp,C:\Websites\learningmanagementsystem\Images\Course_Images\CourseImages\1aba41a5-e829-455e-838c-a0790e5d6731.png
Incorporate Batho Pele Principles in Your Work Role,Incorporate Batho Pele Principles in Your Work Role,24ac93be-815a-4304-bf28-e39247e8ba4c.webp,C:\Websites\learningmanagementsystem\Images\Course_Images\CourseImages\24ac93be-815a-4304-bf28-e39247e8ba4c.png
Installing a Networked Workstation,Installing a Networked Workstation,34d97b48-fee9-45fc-b066-211b15df20a1.webp,C:\Websites\learningmanagementsystem\Images\Course_Images\CourseImages\34d97b48-fee9-45fc-b066-211b15df20a1.png
Instil in Myself a Personal Contact Centre Culture,Instil in Myself a Personal Contact Centre Culture,f2d1c3c9-aea3-4533-bf64-9cb04189e57d.webp,C:\Websites\learningmanagementsystem\Images\Course_Images\CourseImages\f2d1c3c9-aea3-4533-bf64-9cb04189e57d.png
Intermediate Excel Assessment,Intermediate Excel Assessment,86f1163e-c22e-452d-83e0-c76ff41f7f07.webp,C:\Websites\learningmanagementsystem\Images\Course_Images\CourseImages\86f1163e-c22e-452d-83e0-c76ff41f7f07.png
Intermediate Microsoft Excel,Intermediate Microsoft Excel,e4068f13-5e3b-4cb1-8300-79e928599f65.webp,C:\Websites\learningmanagementsystem\Images\Course_Images\CourseImages\e4068f13-5e3b-4cb1-8300-79e928599f65.png
Intermediate Microsoft Word,Intermediate Microsoft Word,40937e46-44f3-4002-87c2-b3985d7fe6ae.webp,C:\Websites\learningmanagementsystem\Images\Course_Images\CourseImages\40937e46-44f3-4002-87c2-b3985d7fe6ae.png
"Interpret Classification Systems in Order to Organise, Retrieve and Dispose of Records","Interpret Classification Systems in Order to Organise, Retrieve and Dispose of Records",2dffbe37-0fdc-4b92-9574-d1df298b8ac4.webp,C:\Websites\learningmanagementsystem\Images\Course_Images\CourseImages\2dffbe37-0fdc-4b92-9574-d1df298b8ac4.png
Interpreting Financial Reports,Interpreting Financial Reports,3abc11a3-52de-49b5-98d8-2eb9c8506f15.webp,C:\Websites\learningmanagementsystem\Images\Course_Images\CourseImages\3abc11a3-52de-49b5-98d8-2eb9c8506f15.png
Interpreting Literary Texts,Interpreting Literary Texts,2f2db6f2-9e40-4cee-a7df-98eaa590a3b3.webp,C:\Websites\learningmanagementsystem\Images\Course_Images\CourseImages\2f2db6f2-9e40-4cee-a7df-98eaa590a3b3.png
Interview Skills Assessment,Interview Skills Assessment,44ff4e14-551b-4965-b910-f804d82a3516.webp,C:\Websites\learningmanagementsystem\Images\Course_Images\CourseImages\44ff4e14-551b-4965-b910-f804d82a3516.png
Interviewing Skills for Employers,Interviewing Skills for Employers,c5ee008e-c524-4afa-bbc3-8c3d69d6994e.webp,C:\Websites\learningmanagementsystem\Images\Course_Images\CourseImages\c5ee008e-c524-4afa-bbc3-8c3d69d6994e.png
Introduce New Staff to the Workplace,Introduce New Staff to the Workplace,01c6f555-a6d0-4e96-b343-e108ff94b8dc.webp,C:\Websites\learningmanagementsystem\Images\Course_Images\CourseImages\01c6f555-a6d0-4e96-b343-e108ff94b8dc.png
Introducing a New Team Member,Introducing a New Team Member,d861a543-bdf8-4783-b1f9-3958e08fe214.webp,C:\Websites\learningmanagementsystem\Images\Course_Images\CourseImages\d861a543-bdf8-4783-b1f9-3958e08fe214.png
Introduction to Computers,Introduction to Computers,17788977-340d-4da5-8642-a2f8220cd190.webp,C:\Websites\learningmanagementsystem\Images\Course_Images\CourseImages\17788977-340d-4da5-8642-a2f8220cd190.png
Introduction to Labour Law and the Basic Conditions of Employment Act,Introduction to Labour Law and the Basic Conditions of Employment Act,ea3efa6b-4130-4987-975d-252a8dccf537.webp,C:\Websites\learningmanagementsystem\Images\Course_Images\CourseImages\ea3efa6b-4130-4987-975d-252a8dccf537.png
IT Business Analysis,IT Business Analysis,15a0da72-c976-4301-8cfe-f61fb4716d13.webp,C:\Websites\learningmanagementsystem\Images\Course_Images\CourseImages\15a0da72-c976-4301-8cfe-f61fb4716d13.png
IT Solutions Assessment,IT Solutions Assessment,3f027f6f-da4c-4404-9be6-c77066442438.webp,C:\Websites\learningmanagementsystem\Images\Course_Images\CourseImages\3f027f6f-da4c-4404-9be6-c77066442438.png
IT Support & Customer Care,IT Support & Customer Care,68c27377-6f21-476e-bf49-970b97ba5a9b.webp,C:\Websites\learningmanagementsystem\Images\Course_Images\CourseImages\68c27377-6f21-476e-bf49-970b97ba5a9b.png
IT Support and Enterprise Systems Management,IT Support and Enterprise Systems Management,620bb8b2-6b71-4f3c-9722-3f1220418ccb.webp,C:\Websites\learningmanagementsystem\Images\Course_Images\CourseImages\620bb8b2-6b71-4f3c-9722-3f1220418ccb.png
IT System Support,IT System Support,b769c6fd-d2da-4365-a73d-0324ff8a1a36.webp,C:\Websites\learningmanagementsystem\Images\Course_Images\CourseImages\b769c6fd-d2da-4365-a73d-0324ff8a1a36.png
Knowledge Management,Knowledge Management,fbc4d22c-a243-4366-8aec-b7b028c0a799.webp,C:\Websites\learningmanagementsystem\Images\Course_Images\CourseImages\fbc4d22c-a243-4366-8aec-b7b028c0a799.png
LAN Installation and Commissioning,LAN Installation and Commissioning,11644d8a-d6bd-44e3-a1f1-4f5d23ab60be.webp,C:\Websites\learningmanagementsystem\Images\Course_Images\CourseImages\11644d8a-d6bd-44e3-a1f1-4f5d23ab60be.png
Language and Communication in Occupational Learning,Language and Communication in Occupational Learning,8f7aea1f-04ff-40af-a180-661180786093.webp,C:\Websites\learningmanagementsystem\Images\Course_Images\CourseImages\8f7aea1f-04ff-40af-a180-661180786093.png
Language Proficiency Test (English),Language Proficiency Test (English),2f7f292c-60c9-4bab-a4a6-b1ee9ad304e7.webp,C:\Websites\learningmanagementsystem\Images\Course_Images\CourseImages\2f7f292c-60c9-4bab-a4a6-b1ee9ad304e7.png
Leadership in Supply Chain Management,Leadership in Supply Chain Management,29bf8a21-bf1c-41de-a9a2-a69a13222446.webp,C:\Websites\learningmanagementsystem\Images\Course_Images\CourseImages\29bf8a21-bf1c-41de-a9a2-a69a13222446.png
Leadership Theories,Leadership Theories,f6eedc83-fc20-47c9-b7c7-04a3b8b48b41.webp,C:\Websites\learningmanagementsystem\Images\Course_Images\CourseImages\f6eedc83-fc20-47c9-b7c7-04a3b8b48b41.png
Local Area Network (LAN) Management Issues,Local Area Network (LAN) Management Issues,637e9889-52a9-4c64-8341-573e1cbcfc69.webp,C:\Websites\learningmanagementsystem\Images\Course_Images\CourseImages\637e9889-52a9-4c64-8341-573e1cbcfc69.png
Local Area Network Administration,Local Area Network Administration,5266a42a-5570-434b-9d66-abf4bc3845e3.webp,C:\Websites\learningmanagementsystem\Images\Course_Images\CourseImages\5266a42a-5570-434b-9d66-abf4bc3845e3.png
Logical Problem Solving and Error Detection,Logical Problem Solving and Error Detection,ac416fd2-b522-479b-9111-9cb59de13e89.webp,C:\Websites\learningmanagementsystem\Images\Course_Images\CourseImages\ac416fd2-b522-479b-9111-9cb59de13e89.png
Maintain and Adapt Oral/signed Communication,Maintain and Adapt Oral/signed Communication,23c26157-ab98-41b3-9028-8c94aab8af96.webp,C:\Websites\learningmanagementsystem\Images\Course_Images\CourseImages\23c26157-ab98-41b3-9028-8c94aab8af96.png
Maintain Stock in the Automotive Sales Retail Industry,Maintain Stock in the Automotive Sales Retail Industry,df747050-4541-4eb1-84fd-95c3a8c91579.webp,C:\Websites\learningmanagementsystem\Images\Course_Images\CourseImages\df747050-4541-4eb1-84fd-95c3a8c91579.png
Maintenance of Office Equipment,Maintenance of Office Equipment,9a955d45-1f0e-4448-8bf5-805976a38ef9.webp,C:\Websites\learningmanagementsystem\Images\Course_Images\CourseImages\9a955d45-1f0e-4448-8bf5-805976a38ef9.png
Make Appointments and Control Flow of Customer Vehicles,Make Appointments and Control Flow of Customer Vehicles,c05490e2-c551-4d76-92d3-997b99bd2487.webp,C:\Websites\learningmanagementsystem\Images\Course_Images\CourseImages\c05490e2-c551-4d76-92d3-997b99bd2487.png
Manage and Communicate Requirements,Manage and Communicate Requirements,f26e5221-9a23-467c-9730-2873a9010d1c.webp,C:\Websites\learningmanagementsystem\Images\Course_Images\CourseImages\f26e5221-9a23-467c-9730-2873a9010d1c.png
Manage and Supervise Business Analysis,Manage and Supervise Business Analysis,d9da46d2-67c4-4b02-b494-ab74778cf8ec.webp,C:\Websites\learningmanagementsystem\Images\Course_Images\CourseImages\d9da46d2-67c4-4b02-b494-ab74778cf8ec.png
Manage Business Operations,Manage Business Operations,2cb0a14a-0df9-4e94-8bd4-dab4142922d8.webp,C:\Websites\learningmanagementsystem\Images\Course_Images\CourseImages\2cb0a14a-0df9-4e94-8bd4-dab4142922d8.png
Manage Diversity to Add Value in the Workplace,Manage Diversity to Add Value in the Workplace,37b083d4-cf30-4154-8cda-19b318189d0c.webp,C:\Websites\learningmanagementsystem\Images\Course_Images\CourseImages\37b083d4-cf30-4154-8cda-19b318189d0c.png
Manage General Administration,Manage General Administration,fa116966-fa37-43cf-8ff0-08cfae904aa4.webp,C:\Websites\learningmanagementsystem\Images\Course_Images\CourseImages\fa116966-fa37-43cf-8ff0-08cfae904aa4.png
Manage in-bound and/or Out-bound Calls in a Contact Centre,Manage in-bound and/or Out-bound Calls in a Contact Centre,b3a57068-14b0-48a5-ab67-05fde834413a.webp,C:\Websites\learningmanagementsystem\Images\Course_Images\CourseImages\b3a57068-14b0-48a5-ab67-05fde834413a.png
Manage Personal Finances,Manage Personal Finances,cd859e01-97dc-499e-b7c7-5a9ed36d38b4.webp,C:\Websites\learningmanagementsystem\Images\Course_Images\CourseImages\cd859e01-97dc-499e-b7c7-5a9ed36d38b4.png
Manage Project Meetings and Workshops,Manage Project Meetings and Workshops,3af4585d-fc01-488f-adfb-a26dfc78f91f.webp,C:\Websites\learningmanagementsystem\Images\Course_Images\CourseImages\3af4585d-fc01-488f-adfb-a26dfc78f91f.png
Managing an Information System in a Business,Managing an Information System in a Business,3517d49f-bfc5-41bf-9f1d-75396cd1cf63.webp,C:\Websites\learningmanagementsystem\Images\Course_Images\CourseImages\3517d49f-bfc5-41bf-9f1d-75396cd1cf63.png
Managing Customer Complaints in a Contact Centre,Managing Customer Complaints in a Contact Centre,a50c4064-670c-4398-b0c5-cde256aa3b80.webp,C:\Websites\learningmanagementsystem\Images\Course_Images\CourseImages\a50c4064-670c-4398-b0c5-cde256aa3b80.png
Managing of Service Providers,Managing of Service Providers,8725cbf0-55d7-4098-8d99-be37ab38a8c9.webp,C:\Websites\learningmanagementsystem\Images\Course_Images\CourseImages\8725cbf0-55d7-4098-8d99-be37ab38a8c9.png
Managing Office Supplies,Managing Office Supplies,6cf87452-cfd8-4d9c-a30f-aef970ae648b.webp,C:\Websites\learningmanagementsystem\Images\Course_Images\CourseImages\6cf87452-cfd8-4d9c-a30f-aef970ae648b.png
Managing Project Documentation,Managing Project Documentation,3f274946-6f7e-4f49-9e86-a9c4ac4534fe.webp,C:\Websites\learningmanagementsystem\Images\Course_Images\CourseImages\3f274946-6f7e-4f49-9e86-a9c4ac4534fe.png
Managing Supply Chain Relationships,Managing Supply Chain Relationships,69c42216-785d-4d53-81b1-90b6aeb8a823.webp,C:\Websites\learningmanagementsystem\Images\Course_Images\CourseImages\69c42216-785d-4d53-81b1-90b6aeb8a823.png
Managing Workplace Conflicts,Managing Workplace Conflicts,523b49f2-e260-429b-90cd-41e25a1704dd.webp,C:\Websites\learningmanagementsystem\Images\Course_Images\CourseImages\523b49f2-e260-429b-90cd-41e25a1704dd.png
Mastering Cv Construction and Interview Skills,Mastering Cv Construction and Interview Skills,00b27682-b172-4891-b2e4-aae30df20225.webp,C:\Websites\learningmanagementsystem\Images\Course_Images\CourseImages\00b27682-b172-4891-b2e4-aae30df20225.png
Mastering Disciplinary Hearings: A Comprehensive Guide,Mastering Disciplinary Hearings: A Comprehensive Guide,2ca99dfe-d2fc-42ed-8fc6-90fc2ff172fe.webp,C:\Websites\learningmanagementsystem\Images\Course_Images\CourseImages\2ca99dfe-d2fc-42ed-8fc6-90fc2ff172fe.png
Match New Venture Opportunity to Market Needs,Match New Venture Opportunity to Market Needs,4fcf1baf-6413-46c4-91ee-5770a5a5d3cf.webp,C:\Websites\learningmanagementsystem\Images\Course_Images\CourseImages\4fcf1baf-6413-46c4-91ee-5770a5a5d3cf.png
Mathematical Analysis in Economics and Finance,Mathematical Analysis in Economics and Finance,519a31dd-6a01-47f1-84fc-e4058614a356.webp,C:\Websites\learningmanagementsystem\Images\Course_Images\CourseImages\519a31dd-6a01-47f1-84fc-e4058614a356.png
Meet Performance Standards Within a Contact Centre,Meet Performance Standards Within a Contact Centre,67545e41-11e8-46bc-a26e-13d8e77cb78d.webp,C:\Websites\learningmanagementsystem\Images\Course_Images\CourseImages\67545e41-11e8-46bc-a26e-13d8e77cb78d.png
"Merchandise and display products, services and related goods","Merchandise and display products, services and related goods",8d79d133-9a9f-47aa-ba10-75a25f5e39dc.webp,C:\Websites\learningmanagementsystem\Images\Course_Images\CourseImages\8d79d133-9a9f-47aa-ba10-75a25f5e39dc.png
Microsoft Outlook,Microsoft Outlook,2e11f780-d6d7-4273-b2b6-3ea39599b56e.webp,C:\Websites\learningmanagementsystem\Images\Course_Images\CourseImages\2e11f780-d6d7-4273-b2b6-3ea39599b56e.png
Microsoft Teams,Microsoft Teams,d6e16f35-8466-42af-9dca-0c373eaf18ab.webp,C:\Websites\learningmanagementsystem\Images\Course_Images\CourseImages\d6e16f35-8466-42af-9dca-0c373eaf18ab.png
Microsoft Visual Basic for Excel,Microsoft Visual Basic for Excel,141e37d8-5db2-4f5f-9b4e-91068a36a7e4.webp,C:\Websites\learningmanagementsystem\Images\Course_Images\CourseImages\141e37d8-5db2-4f5f-9b4e-91068a36a7e4.png
Moderator,Moderator,4f7815d2-a81b-4114-a816-70931b68902a.webp,C:\Websites\learningmanagementsystem\Images\Course_Images\CourseImages\4f7815d2-a81b-4114-a816-70931b68902a.png
"Monitor, Assess and Manage Risk","Monitor, Assess and Manage Risk",63a53288-3bd5-4f0d-9372-29782500204d.webp,C:\Websites\learningmanagementsystem\Images\Course_Images\CourseImages\63a53288-3bd5-4f0d-9372-29782500204d.png
Motivational Theories and Principles in Leadership,Motivational Theories and Principles in Leadership,2e292489-789c-4175-9b6d-24cda5c1f53a.webp,C:\Websites\learningmanagementsystem\Images\Course_Images\CourseImages\2e292489-789c-4175-9b6d-24cda5c1f53a.png
Motor Vehicle Learner's License - K53,Motor Vehicle Learner's License - K53,64e2df02-7ba0-4c72-a387-8d515c11be0d.webp,C:\Websites\learningmanagementsystem\Images\Course_Images\CourseImages\64e2df02-7ba0-4c72-a387-8d515c11be0d.png
Motorcycle Learner's License - K53,Motorcycle Learner's License - K53,111bb555-6717-4ec5-aa5e-d610865d4e96.webp,C:\Websites\learningmanagementsystem\Images\Course_Images\CourseImages\111bb555-6717-4ec5-aa5e-d610865d4e96.png
Multi-User Computer System Security Administration,Multi-User Computer System Security Administration,cf924c16-ae0b-4a08-b084-1154c70a70ed.webp,C:\Websites\learningmanagementsystem\Images\Course_Images\CourseImages\cf924c16-ae0b-4a08-b084-1154c70a70ed.png
Multi-User Operating System Management,Multi-User Operating System Management,007947f6-f4ff-4037-a807-1089633c31bb.webp,C:\Websites\learningmanagementsystem\Images\Course_Images\CourseImages\007947f6-f4ff-4037-a807-1089633c31bb.png
Negotiation Skills,Negotiation Skills,88305a43-075a-4395-b355-5304834d1cf3.webp,C:\Websites\learningmanagementsystem\Images\Course_Images\CourseImages\88305a43-075a-4395-b355-5304834d1cf3.png
Negotiation Skills in Business,Negotiation Skills in Business,2a043447-eac3-4936-9fc5-242c318f47a3.webp,C:\Websites\learningmanagementsystem\Images\Course_Images\CourseImages\2a043447-eac3-4936-9fc5-242c318f47a3.png
New Venture Marketing Strategies,New Venture Marketing Strategies,c28e7392-dc72-4214-8f25-1b6f189ca9e8.webp,C:\Websites\learningmanagementsystem\Images\Course_Images\CourseImages\c28e7392-dc72-4214-8f25-1b6f189ca9e8.png
Numerical Reasoning Assessment,Numerical Reasoning Assessment,356d408d-6795-4620-83e9-7df65f7b2ebe.webp,C:\Websites\learningmanagementsystem\Images\Course_Images\CourseImages\356d408d-6795-4620-83e9-7df65f7b2ebe.png
Occupational Health and Safety,Occupational Health and Safety,ad63fbdc-f7f5-469c-bacf-7717d99540d2.webp,C:\Websites\learningmanagementsystem\Images\Course_Images\CourseImages\ad63fbdc-f7f5-469c-bacf-7717d99540d2.png
Office Etiquette,Office Etiquette,c0578106-2d63-42dd-a24a-9975d512a078.webp,C:\Websites\learningmanagementsystem\Images\Course_Images\CourseImages\c0578106-2d63-42dd-a24a-9975d512a078.png
Office Local Area Network (LAN) Design,Office Local Area Network (LAN) Design,34af088f-3935-4961-a8a7-e9a4993e8e24.webp,C:\Websites\learningmanagementsystem\Images\Course_Images\CourseImages\34af088f-3935-4961-a8a7-e9a4993e8e24.png
Operational Planning,Operational Planning,ecde21ce-c78e-4a49-a71d-13beb0baae89.webp,C:\Websites\learningmanagementsystem\Images\Course_Images\CourseImages\ecde21ce-c78e-4a49-a71d-13beb0baae89.png
Optimising Supply Chain Information,Optimising Supply Chain Information,d22c858c-f3cb-49b1-a1e4-0db413bc83dc.webp,C:\Websites\learningmanagementsystem\Images\Course_Images\CourseImages\d22c858c-f3cb-49b1-a1e4-0db413bc83dc.png
Optimising Supply Chain Performance,Optimising Supply Chain Performance,ee145f7f-0579-462f-8bc4-fbb51f6194d7.webp,C:\Websites\learningmanagementsystem\Images\Course_Images\CourseImages\ee145f7f-0579-462f-8bc4-fbb51f6194d7.png
Oral Communication and Text Evaluation,Oral Communication and Text Evaluation,0a24d1a4-7b8e-42fe-986c-b151dc94e333.webp,C:\Websites\learningmanagementsystem\Images\Course_Images\CourseImages\0a24d1a4-7b8e-42fe-986c-b151dc94e333.png
Oversee and Share Project Timelines,Oversee and Share Project Timelines,d9f7de8d-f9e4-40dc-a13d-25db3f1da095.webp,C:\Websites\learningmanagementsystem\Images\Course_Images\CourseImages\d9f7de8d-f9e4-40dc-a13d-25db3f1da095.png
Participate in the Estimation and Preparation of Cost Budget for a Project or Sub-project and Monitor and Control Actual Cost Against Budget,Participate in the Estimation and Preparation of Cost Budget for a Project or Sub-project and Monitor and Control Actual Cost Against Budget,59e6f72e-332e-4ee3-a75c-a91854eecb0b.webp,C:\Websites\learningmanagementsystem\Images\Course_Images\CourseImages\59e6f72e-332e-4ee3-a75c-a91854eecb0b.png
Perform Basic Business Calculations,Perform Basic Business Calculations,c7b71cc3-aae9-4bc8-a8dd-badf6e886a01.webp,C:\Websites\learningmanagementsystem\Images\Course_Images\CourseImages\c7b71cc3-aae9-4bc8-a8dd-badf6e886a01.png
Perform Basic Fire Fighting,Perform Basic Fire Fighting,c9a70dcc-d53f-4732-8b4a-be6792760956.webp,C:\Websites\learningmanagementsystem\Images\Course_Images\CourseImages\c9a70dcc-d53f-4732-8b4a-be6792760956.png
Perform Hand Over and Take Over Responsibilities,Perform Hand Over and Take Over Responsibilities,a1b85466-4cac-4c2e-b995-e85af0b00abd.webp,C:\Websites\learningmanagementsystem\Images\Course_Images\CourseImages\a1b85466-4cac-4c2e-b995-e85af0b00abd.png
Perform Requirements Analysis,Perform Requirements Analysis,50946ee1-9ff1-457f-92a4-f8dbd9a11273.webp,C:\Websites\learningmanagementsystem\Images\Course_Images\CourseImages\50946ee1-9ff1-457f-92a4-f8dbd9a11273.png
Performance Standards and Review Processes,Performance Standards and Review Processes,a9295b4b-5ea0-4434-aaf8-98ac837ce6c9.webp,C:\Websites\learningmanagementsystem\Images\Course_Images\CourseImages\a9295b4b-5ea0-4434-aaf8-98ac837ce6c9.png
Personal Development,Personal Development,3fa7ca3b-9100-417b-b71f-6331d4076e33.webp,C:\Websites\learningmanagementsystem\Images\Course_Images\CourseImages\3fa7ca3b-9100-417b-b71f-6331d4076e33.png
Philosophy of Supply Chain Management,Philosophy of Supply Chain Management,f6c0288d-d2a2-45c2-bb37-c3cbf7c42a12.webp,C:\Websites\learningmanagementsystem\Images\Course_Images\CourseImages\f6c0288d-d2a2-45c2-bb37-c3cbf7c42a12.png
Plan and Manage Production/Operations in a New Venture,Plan and Manage Production/Operations in a New Venture,45c4aef6-319a-491d-8c43-54cb1a13b7cd.webp,C:\Websites\learningmanagementsystem\Images\Course_Images\CourseImages\45c4aef6-319a-491d-8c43-54cb1a13b7cd.png
Plan and Prepare Meeting Communications,Plan and Prepare Meeting Communications,ac25dad1-e90c-4dbb-ba8e-deeba6bf5b06.webp,C:\Websites\learningmanagementsystem\Images\Course_Images\CourseImages\ac25dad1-e90c-4dbb-ba8e-deeba6bf5b06.png
Prepare and Deliver a Purchased Vehicle to a Customer,Prepare and Deliver a Purchased Vehicle to a Customer,4d023f8f-8881-4dfb-a425-c7f13223702a.webp,C:\Websites\learningmanagementsystem\Images\Course_Images\CourseImages\4d023f8f-8881-4dfb-a425-c7f13223702a.png
Present Information in Report Format,Present Information in Report Format,088097f1-50bc-4b8b-ae79-cadcda5713e3.webp,C:\Websites\learningmanagementsystem\Images\Course_Images\CourseImages\088097f1-50bc-4b8b-ae79-cadcda5713e3.png
Process Data Using Information Technology,Process Data Using Information Technology,d28a4448-5edf-4e08-a3b9-0d3f83505d56.webp,C:\Websites\learningmanagementsystem\Images\Course_Images\CourseImages\d28a4448-5edf-4e08-a3b9-0d3f83505d56.png
Process Facilitation in Supply Chain Information Integration,Process Facilitation in Supply Chain Information Integration,05b98bca-2455-4a81-9f3a-b09f5915209d.webp,C:\Websites\learningmanagementsystem\Images\Course_Images\CourseImages\05b98bca-2455-4a81-9f3a-b09f5915209d.png
Process Incoming and Outgoing Telephone Calls,Process Incoming and Outgoing Telephone Calls,230d2cce-e48b-493e-8391-54e2c78ae6ba.webp,C:\Websites\learningmanagementsystem\Images\Course_Images\CourseImages\230d2cce-e48b-493e-8391-54e2c78ae6ba.png
Process Vehicle Service or Repair Requests,Process Vehicle Service or Repair Requests,41345b27-2a82-4d62-a0cc-de16ca2400d0.webp,C:\Websites\learningmanagementsystem\Images\Course_Images\CourseImages\41345b27-2a82-4d62-a0cc-de16ca2400d0.png
Processing of Automotive Orders and Payments,Processing of Automotive Orders and Payments,d254c667-5af6-4499-b01b-cd68ecfd4d8e.webp,C:\Websites\learningmanagementsystem\Images\Course_Images\CourseImages\d254c667-5af6-4499-b01b-cd68ecfd4d8e.png
Processing Transactions: Petty Cash and Banking,Processing Transactions: Petty Cash and Banking,5924a917-889e-4740-a4fd-90985d14fc28.webp,C:\Websites\learningmanagementsystem\Images\Course_Images\CourseImages\5924a917-889e-4740-a4fd-90985d14fc28.png
Produce a Business Plan for a New Venture,Produce a Business Plan for a New Venture,e5c0ab4f-a535-4f21-b957-0ad9b9868b37.webp,C:\Websites\learningmanagementsystem\Images\Course_Images\CourseImages\e5c0ab4f-a535-4f21-b957-0ad9b9868b37.png
Professional Conduct and Ethics in the Workplace,Professional Conduct and Ethics in the Workplace,04f719ef-c99a-4831-ba91-d6f85d7c55b3.webp,C:\Websites\learningmanagementsystem\Images\Course_Images\CourseImages\04f719ef-c99a-4831-ba91-d6f85d7c55b3.png
Professional Interaction Techniques,Professional Interaction Techniques,44667eb1-aba2-49c6-95e9-8615eaedb8d1.webp,C:\Websites\learningmanagementsystem\Images\Course_Images\CourseImages\44667eb1-aba2-49c6-95e9-8615eaedb8d1.png
Project Budget Preparation and Management,Project Budget Preparation and Management,3b7d782b-7f06-49dc-b626-a0d0b92b5d84.webp,C:\Websites\learningmanagementsystem\Images\Course_Images\CourseImages\3b7d782b-7f06-49dc-b626-a0d0b92b5d84.png
Project Management Fundamentals,Project Management Fundamentals,ff48d9fd-3e73-4a20-9caf-f3a213858aa4.webp,C:\Websites\learningmanagementsystem\Images\Course_Images\CourseImages\ff48d9fd-3e73-4a20-9caf-f3a213858aa4.png
Promote a Learning Culture,Promote a Learning Culture,2e9dc9e6-71c5-4cea-a25e-2d4648634ba7.webp,C:\Websites\learningmanagementsystem\Images\Course_Images\CourseImages\2e9dc9e6-71c5-4cea-a25e-2d4648634ba7.png
Protection of Personal Information Act,Protection of Personal Information Act,28236acb-5187-4e98-be22-c29bc6f1396f.webp,C:\Websites\learningmanagementsystem\Images\Course_Images\CourseImages\28236acb-5187-4e98-be22-c29bc6f1396f.png
Provide Information to Customers in a Contact Centre,Provide Information to Customers in a Contact Centre,c6da2bc3-7d28-4a1d-a4ed-e624a05b731c.webp,C:\Websites\learningmanagementsystem\Images\Course_Images\CourseImages\c6da2bc3-7d28-4a1d-a4ed-e624a05b731c.png
Public Speaking,Public Speaking,d6663ab7-a893-40b6-ad56-1cd313de2242.webp,C:\Websites\learningmanagementsystem\Images\Course_Images\CourseImages\d6663ab7-a893-40b6-ad56-1cd313de2242.png
Rational and Irrational Numbers and Number Systems,Rational and Irrational Numbers and Number Systems,ead1cb80-f293-48e2-a1d3-d00717619d65.webp,C:\Websites\learningmanagementsystem\Images\Course_Images\CourseImages\ead1cb80-f293-48e2-a1d3-d00717619d65.png
"Reading, Analysing, and Responding to Texts","Reading, Analysing, and Responding to Texts",e899b814-c767-4caf-a5b3-dda88f6e3957.webp,C:\Websites\learningmanagementsystem\Images\Course_Images\CourseImages\e899b814-c767-4caf-a5b3-dda88f6e3957.png
Reception Management Skills,Reception Management Skills,5518a7c3-19dd-4cdc-b4f9-b1cc9afcc856.webp,C:\Websites\learningmanagementsystem\Images\Course_Images\CourseImages\5518a7c3-19dd-4cdc-b4f9-b1cc9afcc856.png
Recruitment,Recruitment,dd629c91-2b04-47ac-ae81-21a340aafb56.webp,C:\Websites\learningmanagementsystem\Images\Course_Images\CourseImages\dd629c91-2b04-47ac-ae81-21a340aafb56.png
Research the Viability of New Venture Ideas/Opportunities,Research the Viability of New Venture Ideas/Opportunities,1e6315d3-1a79-45eb-9e96-bfd6e3af49ca.webp,C:\Websites\learningmanagementsystem\Images\Course_Images\CourseImages\1e6315d3-1a79-45eb-9e96-bfd6e3af49ca.png
Research Using Computer Technology,Research Using Computer Technology,984cfe5f-befb-4e36-9318-ee7a12b16c45.webp,C:\Websites\learningmanagementsystem\Images\Course_Images\CourseImages\984cfe5f-befb-4e36-9318-ee7a12b16c45.png
Reviewing Your Retail Sales Performance,Reviewing Your Retail Sales Performance,b837dc53-add6-4a3c-addf-58ab8ceef569.webp,C:\Websites\learningmanagementsystem\Images\Course_Images\CourseImages\b837dc53-add6-4a3c-addf-58ab8ceef569.png
Sell Products to Customers in a Wholesale and Retail Outlet,Sell Products to Customers in a Wholesale and Retail Outlet,0a014dfe-e267-4902-bb06-2252ba92831c.webp,C:\Websites\learningmanagementsystem\Images\Course_Images\CourseImages\0a014dfe-e267-4902-bb06-2252ba92831c.png
Selling to Corporate Fleet Owners,Selling to Corporate Fleet Owners,d349803b-ed20-454a-9443-3720b051b837.webp,C:\Websites\learningmanagementsystem\Images\Course_Images\CourseImages\d349803b-ed20-454a-9443-3720b051b837.png
Set Priorities for Team and Personal Tasks,Set Priorities for Team and Personal Tasks,c439c887-5693-460c-b6e5-2ccbffd6213f.webp,C:\Websites\learningmanagementsystem\Images\Course_Images\CourseImages\c439c887-5693-460c-b6e5-2ccbffd6213f.png
Setting Up Multi-User Network Operating Systems,Setting Up Multi-User Network Operating Systems,640ec1c2-32a0-4fca-a130-6991223cea54.webp,C:\Websites\learningmanagementsystem\Images\Course_Images\CourseImages\640ec1c2-32a0-4fca-a130-6991223cea54.png
Sexual Harassment,Sexual Harassment,19556f1f-7ee5-440f-8f5c-79441d4a44a0.webp,C:\Websites\learningmanagementsystem\Images\Course_Images\CourseImages\19556f1f-7ee5-440f-8f5c-79441d4a44a0.png
Situational Judgement Assessment,Situational Judgement Assessment,73acb15f-31d0-4394-9ce9-d1b64780dcb5.webp,C:\Websites\learningmanagementsystem\Images\Course_Images\CourseImages\73acb15f-31d0-4394-9ce9-d1b64780dcb5.png
Skills Development Coordination Practices (SDF),Skills Development Coordination Practices (SDF),b5945cc1-a2e5-4fbf-99e4-c4e593232ae9.webp,C:\Websites\learningmanagementsystem\Images\Course_Images\CourseImages\b5945cc1-a2e5-4fbf-99e4-c4e593232ae9.png
Solving Problems with Data and Probability,Solving Problems with Data and Probability,ea2077e2-1d07-4978-8283-be03e034932c.webp,C:\Websites\learningmanagementsystem\Images\Course_Images\CourseImages\ea2077e2-1d07-4978-8283-be03e034932c.png
Specify Heavy Vehicles Options and Add-on Products,Specify Heavy Vehicles Options and Add-on Products,bccf9f9a-d2c4-4266-b1f2-64d2b10e6024.webp,C:\Websites\learningmanagementsystem\Images\Course_Images\CourseImages\bccf9f9a-d2c4-4266-b1f2-64d2b10e6024.png
Speed Typing Test Assessment,Speed Typing Test Assessment,7d4a1485-f6fe-42e4-b103-c17f2a237747.webp,C:\Websites\learningmanagementsystem\Images\Course_Images\CourseImages\7d4a1485-f6fe-42e4-b103-c17f2a237747.png
Standard Insurance Cover in Terms of SASRIA,Standard Insurance Cover in Terms of SASRIA,5be2501f-e249-43ee-b3f3-9e18acd31cb1.webp,C:\Websites\learningmanagementsystem\Images\Course_Images\CourseImages\5be2501f-e249-43ee-b3f3-9e18acd31cb1.png
Statistics and Probability to Influence the Use of Data and Procedures,Statistics and Probability to Influence the Use of Data and Procedures,ebf4f4d3-67cd-4515-8c78-827f7a269885.webp,C:\Websites\learningmanagementsystem\Images\Course_Images\CourseImages\ebf4f4d3-67cd-4515-8c78-827f7a269885.png
Stock and Fixed Asset Management,Stock and Fixed Asset Management,b64875bb-8d22-47d8-968a-49246abc57c7.webp,C:\Websites\learningmanagementsystem\Images\Course_Images\CourseImages\b64875bb-8d22-47d8-968a-49246abc57c7.png
Stock Procurement in the Retail Industry,Stock Procurement in the Retail Industry,2d15b2e0-b333-4765-81eb-ba316947e845.webp,C:\Websites\learningmanagementsystem\Images\Course_Images\CourseImages\2d15b2e0-b333-4765-81eb-ba316947e845.png
Stock Replenishment in a Retail Business,Stock Replenishment in a Retail Business,bf77a913-d88a-4be0-b8ac-40a84f4631e7.webp,C:\Websites\learningmanagementsystem\Images\Course_Images\CourseImages\bf77a913-d88a-4be0-b8ac-40a84f4631e7.png
Strategic Financial Planning for Startups,Strategic Financial Planning for Startups,9918a60d-8936-4254-aab1-1a310ceec2a4.webp,C:\Websites\learningmanagementsystem\Images\Course_Images\CourseImages\9918a60d-8936-4254-aab1-1a310ceec2a4.png
Strategic Supply Chain Management Concepts,Strategic Supply Chain Management Concepts,029e917a-d7fd-4359-9cc4-218f20c431f8.webp,C:\Websites\learningmanagementsystem\Images\Course_Images\CourseImages\029e917a-d7fd-4359-9cc4-218f20c431f8.png
Strategies to Improve New Venture Performance,Strategies to Improve New Venture Performance,2fd72829-522d-4b87-8975-7cbe43053f09.webp,C:\Websites\learningmanagementsystem\Images\Course_Images\CourseImages\2fd72829-522d-4b87-8975-7cbe43053f09.png
Stress Management,Stress Management,c62a755c-1d9d-46f9-b423-8f6f22b5dffb.webp,C:\Websites\learningmanagementsystem\Images\Course_Images\CourseImages\c62a755c-1d9d-46f9-b423-8f6f22b5dffb.png
Supply Chain Negotiation Skills,Supply Chain Negotiation Skills,4ed2b60a-6c1c-4602-9f80-4104cf74cd96.webp,C:\Websites\learningmanagementsystem\Images\Course_Images\CourseImages\4ed2b60a-6c1c-4602-9f80-4104cf74cd96.png
Support Quality Implementation in Projects,Support Quality Implementation in Projects,9b266902-75ac-490a-a894-2311402d4928.webp,C:\Websites\learningmanagementsystem\Images\Course_Images\CourseImages\9b266902-75ac-490a-a894-2311402d4928.png
Talent Management,Talent Management,5a37b7fc-9601-4d7a-b886-41abd2803911.webp,C:\Websites\learningmanagementsystem\Images\Course_Images\CourseImages\5a37b7fc-9601-4d7a-b886-41abd2803911.png
Tender Procedures for a New Venture,Tender Procedures for a New Venture,d47dcb71-05d1-48e5-9538-329913d5e38f.webp,C:\Websites\learningmanagementsystem\Images\Course_Images\CourseImages\d47dcb71-05d1-48e5-9538-329913d5e38f.png
Testing IT Systems Against Given Specifications,Testing IT Systems Against Given Specifications,3a8848ed-9f94-4993-b0e1-72a61d894477.webp,C:\Websites\learningmanagementsystem\Images\Course_Images\CourseImages\3a8848ed-9f94-4993-b0e1-72a61d894477.png
The Key Issues Important for Compliance With Corporate Governance Principles and Social Responsibility,The Key Issues Important for Compliance With Corporate Governance Principles and Social Responsibility,99d3d40b-886a-4e68-9b9b-ec9c1eb7c53a.webp,C:\Websites\learningmanagementsystem\Images\Course_Images\CourseImages\99d3d40b-886a-4e68-9b9b-ec9c1eb7c53a.png
Time Management,Time Management,2c84e5e9-7d84-4b37-8aa9-c25c316f87e6.webp,C:\Websites\learningmanagementsystem\Images\Course_Images\CourseImages\2c84e5e9-7d84-4b37-8aa9-c25c316f87e6.png
Tools and Techniques for Project Management,Tools and Techniques for Project Management,5caa966d-ee39-4cea-af3f-79e4d2da1d96.webp,C:\Websites\learningmanagementsystem\Images\Course_Images\CourseImages\5caa966d-ee39-4cea-af3f-79e4d2da1d96.png
Train the Trainer,Train the Trainer,53c5506e-dd97-4b36-bfac-69b6acfd3391.webp,C:\Websites\learningmanagementsystem\Images\Course_Images\CourseImages\53c5506e-dd97-4b36-bfac-69b6acfd3391.png
Troubleshooting Single- and Multi-User OS Issues,Troubleshooting Single- and Multi-User OS Issues,d7fb22b1-fb83-48e5-a3f1-b823f157c539.webp,C:\Websites\learningmanagementsystem\Images\Course_Images\CourseImages\d7fb22b1-fb83-48e5-a3f1-b823f157c539.png
Understanding Broad-Based Black Economic Empowerment,Understanding Broad-Based Black Economic Empowerment,0aa7e8c9-6e7f-40cb-9859-b08a3477a8b9.webp,C:\Websites\learningmanagementsystem\Images\Course_Images\CourseImages\0aa7e8c9-6e7f-40cb-9859-b08a3477a8b9.png
Understanding Computer Database Management Systems,Understanding Computer Database Management Systems,37d1c97c-12ca-4156-a98f-0e55f7809dd8.webp,C:\Websites\learningmanagementsystem\Images\Course_Images\CourseImages\37d1c97c-12ca-4156-a98f-0e55f7809dd8.png
Understanding Computer Network Architectures and Standards,Understanding Computer Network Architectures and Standards,cd196c45-5a9d-46af-aa63-586033bad8f0.webp,C:\Websites\learningmanagementsystem\Images\Course_Images\CourseImages\cd196c45-5a9d-46af-aa63-586033bad8f0.png
Understanding Different Business Environments,Understanding Different Business Environments,e5cefa1d-79fd-4ebd-a73a-14d04f9768b0.webp,C:\Websites\learningmanagementsystem\Images\Course_Images\CourseImages\e5cefa1d-79fd-4ebd-a73a-14d04f9768b0.png
Understanding Gender-Based Violence,Understanding Gender-Based Violence,69e5fb56-e21f-41be-b412-55a3fbc105c8.webp,C:\Websites\learningmanagementsystem\Images\Course_Images\CourseImages\69e5fb56-e21f-41be-b412-55a3fbc105c8.png
Understanding HIV/AIDS in the Workplace,Understanding HIV/AIDS in the Workplace,14bc2a89-267f-4c74-9cba-abd105bce897.webp,C:\Websites\learningmanagementsystem\Images\Course_Images\CourseImages\14bc2a89-267f-4c74-9cba-abd105bce897.png
Understanding Market Mechanisms in New Ventures,Understanding Market Mechanisms in New Ventures,dfe881c5-407d-47e6-8c55-108af9b1e6b7.webp,C:\Websites\learningmanagementsystem\Images\Course_Images\CourseImages\dfe881c5-407d-47e6-8c55-108af9b1e6b7.png
Understanding Multi-User Operating Systems,Understanding Multi-User Operating Systems,30565808-d9f9-4964-8331-a19fddbf4e78.webp,C:\Websites\learningmanagementsystem\Images\Course_Images\CourseImages\30565808-d9f9-4964-8331-a19fddbf4e78.png
Understanding Organisational Ethics,Understanding Organisational Ethics,6a255c22-99f3-427d-821f-3309cc98e137.webp,C:\Websites\learningmanagementsystem\Images\Course_Images\CourseImages\6a255c22-99f3-427d-821f-3309cc98e137.png
Understanding VAT (Value Added Tax),Understanding VAT (Value Added Tax),ecab8c9e-ab07-412c-be66-e41d089a0c0f.webp,C:\Websites\learningmanagementsystem\Images\Course_Images\CourseImages\ecab8c9e-ab07-412c-be66-e41d089a0c0f.png
Use Security Equipment,Use Security Equipment,3e0ae14c-0b8a-4920-a000-76b48dafa0db.webp,C:\Websites\learningmanagementsystem\Images\Course_Images\CourseImages\3e0ae14c-0b8a-4920-a000-76b48dafa0db.png
Using Information From Texts,Using Information From Texts,13a8cc99-520a-44da-83b9-7cbcdc23743f.webp,C:\Websites\learningmanagementsystem\Images\Course_Images\CourseImages\13a8cc99-520a-44da-83b9-7cbcdc23743f.png
Using Statistics and Probability to Analyse and Communicate Life Problems,Using Statistics and Probability to Analyse and Communicate Life Problems,b8602932-a1b2-480f-9cf4-b886df8fd4a2.webp,C:\Websites\learningmanagementsystem\Images\Course_Images\CourseImages\b8602932-a1b2-480f-9cf4-b886df8fd4a2.png
Verbal Reasoning Assessment,Verbal Reasoning Assessment,15446693-d6de-48cd-9384-5ac812b8b91c.png,C:\Websites\learningmanagementsystem\Images\Course_Images\CourseImages\15446693-d6de-48cd-9384-5ac812b8b91c.png
WANs vs. LANs: Understanding and Comparison,WANs vs. LANs: Understanding and Comparison,ee9c5f0c-bde6-46a0-b946-225e8e74281a.webp,C:\Websites\learningmanagementsystem\Images\Course_Images\CourseImages\ee9c5f0c-bde6-46a0-b946-225e8e74281a.png
Work as a member of a Contact Centre Team,Work as a member of a Contact Centre Team,319ccf0f-0a8b-4562-bb4b-9a9628c823ca.webp,C:\Websites\learningmanagementsystem\Images\Course_Images\CourseImages\319ccf0f-0a8b-4562-bb4b-9a9628c823ca.png
Work as a Project Team Member,Work as a Project Team Member,4c263187-840d-4048-927c-e837f75ba5f0.webp,C:\Websites\learningmanagementsystem\Images\Course_Images\CourseImages\4c263187-840d-4048-927c-e837f75ba5f0.png
Work Unit Estimation and Late Delivery Implications,Work Unit Estimation and Late Delivery Implications,ce05ad34-391f-4a1c-b098-d8ecab766351.webp,C:\Websites\learningmanagementsystem\Images\Course_Images\CourseImages\ce05ad34-391f-4a1c-b098-d8ecab766351.png
Work With a Range of Patterns and Functions and Solve Problems,Work With a Range of Patterns and Functions and Solve Problems,9990ab01-e15e-4e17-b002-c3c7ff8b8506.webp,C:\Websites\learningmanagementsystem\Images\Course_Images\CourseImages\9990ab01-e15e-4e17-b002-c3c7ff8b8506.png
Write/present for a Defined Context,Write/present for a Defined Context,f9e6a106-797c-4fee-b9c3-0e095d91e85d.webp,C:\Websites\learningmanagementsystem\Images\Course_Images\CourseImages\f9e6a106-797c-4fee-b9c3-0e095d91e85d.png
Writing for Various Communicative Contexts,Writing for Various Communicative Contexts,59e0cbdf-ba5c-46d3-93ab-073f46295f16.webp,C:\Websites\learningmanagementsystem\Images\Course_Images\CourseImages\59e0cbdf-ba5c-46d3-93ab-073f46295f16.png
