"Status","From","To"
"Renamed","C:\Websites\learningmanagementsystem\Images\Course_Images\TAP_Courses_PNG_FIles\Administrative Procedure Development.png","C:\Websites\learningmanagementsystem\Images\Course_Images\TAP_Courses_PNG_FIles\Administrative_Procedure_Development.png"
"Renamed","C:\Websites\learningmanagementsystem\Images\Course_Images\TAP_Courses_PNG_FIles\Administrative Record Management.png","C:\Websites\learningmanagementsystem\Images\Course_Images\TAP_Courses_PNG_FIles\Administrative_Record_Management.png"
"Renamed","C:\Websites\learningmanagementsystem\Images\Course_Images\TAP_Courses_PNG_FIles\Administrative Skills for Meeting and Event Coordination.png","C:\Websites\learningmanagementsystem\Images\Course_Images\TAP_Courses_PNG_FIles\Administrative_Skills_for_Meeting_and_Event_Coordination.png"
"Renamed","C:\Websites\learningmanagementsystem\Images\Course_Images\TAP_Courses_PNG_FIles\Advanced Excel Assessment.png","C:\Websites\learningmanagementsystem\Images\Course_Images\TAP_Courses_PNG_FIles\Advanced_Excel_Assessment.png"
"Renamed","C:\Websites\learningmanagementsystem\Images\Course_Images\TAP_Courses_PNG_FIles\Advanced Microsoft Excel.png","C:\Websites\learningmanagementsystem\Images\Course_Images\TAP_Courses_PNG_FIles\Advanced_Microsoft_Excel.png"
"Renamed","C:\Websites\learningmanagementsystem\Images\Course_Images\TAP_Courses_PNG_FIles\Advanced Microsoft PowerPoint.png","C:\Websites\learningmanagementsystem\Images\Course_Images\TAP_Courses_PNG_FIles\Advanced_Microsoft_PowerPoint.png"
"Renamed","C:\Websites\learningmanagementsystem\Images\Course_Images\TAP_Courses_PNG_FIles\Advanced Microsoft Word.png","C:\Websites\learningmanagementsystem\Images\Course_Images\TAP_Courses_PNG_FIles\Advanced_Microsoft_Word.png"
"Renamed","C:\Websites\learningmanagementsystem\Images\Course_Images\TAP_Courses_PNG_FIles\Analyse and Apply Management Practices Within the Supply Chain.png","C:\Websites\learningmanagementsystem\Images\Course_Images\TAP_Courses_PNG_FIles\Analyse_and_Apply_Management_Practices_Within_the_Supply_Chain.png"
"Renamed","C:\Websites\learningmanagementsystem\Images\Course_Images\TAP_Courses_PNG_FIles\Analysing Media Impact on Business Sectors.png","C:\Websites\learningmanagementsystem\Images\Course_Images\TAP_Courses_PNG_FIles\Analysing_Media_Impact_on_Business_Sectors.png"
"Renamed","C:\Websites\learningmanagementsystem\Images\Course_Images\TAP_Courses_PNG_FIles\Analysing Shape and Motion in 2D and 3D Space.png","C:\Websites\learningmanagementsystem\Images\Course_Images\TAP_Courses_PNG_FIles\Analysing_Shape_and_Motion_in_2D_and_3D_Space.png"
"Renamed","C:\Websites\learningmanagementsystem\Images\Course_Images\TAP_Courses_PNG_FIles\Apply Concepts and Principles of Business Ethics in the Professional Environment.png","C:\Websites\learningmanagementsystem\Images\Course_Images\TAP_Courses_PNG_FIles\Apply_Concepts_and_Principles_of_Business_Ethics_in_the_Professional_Environment.png"
"Renamed","C:\Websites\learningmanagementsystem\Images\Course_Images\TAP_Courses_PNG_FIles\Apply In-bound Contact Centre Operations Within a Commercial Environment.png","C:\Websites\learningmanagementsystem\Images\Course_Images\TAP_Courses_PNG_FIles\Apply_In-bound_Contact_Centre_Operations_Within_a_Commercial_Environment.png"
"Renamed","C:\Websites\learningmanagementsystem\Images\Course_Images\TAP_Courses_PNG_FIles\Apply Legal Aspects in a Security Environment.png","C:\Websites\learningmanagementsystem\Images\Course_Images\TAP_Courses_PNG_FIles\Apply_Legal_Aspects_in_a_Security_Environment.png"
"Renamed","C:\Websites\learningmanagementsystem\Images\Course_Images\TAP_Courses_PNG_FIles\Apply Out-bound Contact Centre Operations Within a Commercial Environment.png","C:\Websites\learningmanagementsystem\Images\Course_Images\TAP_Courses_PNG_FIles\Apply_Out-bound_Contact_Centre_Operations_Within_a_Commercial_Environment.png"
"Renamed","C:\Websites\learningmanagementsystem\Images\Course_Images\TAP_Courses_PNG_FIles\Apply the Skills of Customer Care.png","C:\Websites\learningmanagementsystem\Images\Course_Images\TAP_Courses_PNG_FIles\Apply_the_Skills_of_Customer_Care.png"
"Renamed","C:\Websites\learningmanagementsystem\Images\Course_Images\TAP_Courses_PNG_FIles\Applying an Organisation's Code of Conduct.png","C:\Websites\learningmanagementsystem\Images\Course_Images\TAP_Courses_PNG_FIles\Applying_an_Organisation's_Code_of_Conduct.png"
"Renamed","C:\Websites\learningmanagementsystem\Images\Course_Images\TAP_Courses_PNG_FIles\Appraise and Valuate Used Vehicles.png","C:\Websites\learningmanagementsystem\Images\Course_Images\TAP_Courses_PNG_FIles\Appraise_and_Valuate_Used_Vehicles.png"
"Renamed","C:\Websites\learningmanagementsystem\Images\Course_Images\TAP_Courses_PNG_FIles\Assessor (Conduct Outcome-based Assessments).png","C:\Websites\learningmanagementsystem\Images\Course_Images\TAP_Courses_PNG_FIles\Assessor_(Conduct_Outcome-based_Assessments).png"
"Renamed","C:\Websites\learningmanagementsystem\Images\Course_Images\TAP_Courses_PNG_FIles\Audience and Context Needs In Oral Communication.png","C:\Websites\learningmanagementsystem\Images\Course_Images\TAP_Courses_PNG_FIles\Audience_and_Context_Needs_In_Oral_Communication.png"
"Renamed","C:\Websites\learningmanagementsystem\Images\Course_Images\TAP_Courses_PNG_FIles\Basic Business Principles.png","C:\Websites\learningmanagementsystem\Images\Course_Images\TAP_Courses_PNG_FIles\Basic_Business_Principles.png"
"Renamed","C:\Websites\learningmanagementsystem\Images\Course_Images\TAP_Courses_PNG_FIles\Basic Computer Skills Assessment.png","C:\Websites\learningmanagementsystem\Images\Course_Images\TAP_Courses_PNG_FIles\Basic_Computer_Skills_Assessment.png"
"Renamed","C:\Websites\learningmanagementsystem\Images\Course_Images\TAP_Courses_PNG_FIles\Basic Excel Assessment.png","C:\Websites\learningmanagementsystem\Images\Course_Images\TAP_Courses_PNG_FIles\Basic_Excel_Assessment.png"
"Renamed","C:\Websites\learningmanagementsystem\Images\Course_Images\TAP_Courses_PNG_FIles\Basic Microsoft Excel.png","C:\Websites\learningmanagementsystem\Images\Course_Images\TAP_Courses_PNG_FIles\Basic_Microsoft_Excel.png"
"Renamed","C:\Websites\learningmanagementsystem\Images\Course_Images\TAP_Courses_PNG_FIles\Basic Microsoft PowerPoint.png","C:\Websites\learningmanagementsystem\Images\Course_Images\TAP_Courses_PNG_FIles\Basic_Microsoft_PowerPoint.png"
"Renamed","C:\Websites\learningmanagementsystem\Images\Course_Images\TAP_Courses_PNG_FIles\Basic Microsoft Word.png","C:\Websites\learningmanagementsystem\Images\Course_Images\TAP_Courses_PNG_FIles\Basic_Microsoft_Word.png"
"Renamed","C:\Websites\learningmanagementsystem\Images\Course_Images\TAP_Courses_PNG_FIles\Basic Office Research.png","C:\Websites\learningmanagementsystem\Images\Course_Images\TAP_Courses_PNG_FIles\Basic_Office_Research.png"
"Renamed","C:\Websites\learningmanagementsystem\Images\Course_Images\TAP_Courses_PNG_FIles\Basic Supervisory Skills - Supervising Project Teams.png","C:\Websites\learningmanagementsystem\Images\Course_Images\TAP_Courses_PNG_FIles\Basic_Supervisory_Skills_-_Supervising_Project_Teams.png"
"Renamed","C:\Websites\learningmanagementsystem\Images\Course_Images\TAP_Courses_PNG_FIles\Basics of Drafting a Contract.png","C:\Websites\learningmanagementsystem\Images\Course_Images\TAP_Courses_PNG_FIles\Basics_of_Drafting_a_Contract.png"
"Renamed","C:\Websites\learningmanagementsystem\Images\Course_Images\TAP_Courses_PNG_FIles\Booking Systems.png","C:\Websites\learningmanagementsystem\Images\Course_Images\TAP_Courses_PNG_FIles\Booking_Systems.png"
"NoChange","C:\Websites\learningmanagementsystem\Images\Course_Images\TAP_Courses_PNG_FIles\Branding.png","C:\Websites\learningmanagementsystem\Images\Course_Images\TAP_Courses_PNG_FIles\Branding.png"
"Renamed","C:\Websites\learningmanagementsystem\Images\Course_Images\TAP_Courses_PNG_FIles\Breast Cancer.png","C:\Websites\learningmanagementsystem\Images\Course_Images\TAP_Courses_PNG_FIles\Breast_Cancer.png"
"Renamed","C:\Websites\learningmanagementsystem\Images\Course_Images\TAP_Courses_PNG_FIles\Build Customer Relations in an Operational Unit.png","C:\Websites\learningmanagementsystem\Images\Course_Images\TAP_Courses_PNG_FIles\Build_Customer_Relations_in_an_Operational_Unit.png"
"Renamed","C:\Websites\learningmanagementsystem\Images\Course_Images\TAP_Courses_PNG_FIles\Building Competitive Supply Chain Networks.png","C:\Websites\learningmanagementsystem\Images\Course_Images\TAP_Courses_PNG_FIles\Building_Competitive_Supply_Chain_Networks.png"
"Renamed","C:\Websites\learningmanagementsystem\Images\Course_Images\TAP_Courses_PNG_FIles\Building High-Performance Teams.png","C:\Websites\learningmanagementsystem\Images\Course_Images\TAP_Courses_PNG_FIles\Building_High-Performance_Teams.png"
"Renamed","C:\Websites\learningmanagementsystem\Images\Course_Images\TAP_Courses_PNG_FIles\Business & Personal Financial Analysis.png","C:\Websites\learningmanagementsystem\Images\Course_Images\TAP_Courses_PNG_FIles\Business_&_Personal_Financial_Analysis.png"
"Renamed","C:\Websites\learningmanagementsystem\Images\Course_Images\TAP_Courses_PNG_FIles\Business Communication.png","C:\Websites\learningmanagementsystem\Images\Course_Images\TAP_Courses_PNG_FIles\Business_Communication.png"
"Renamed","C:\Websites\learningmanagementsystem\Images\Course_Images\TAP_Courses_PNG_FIles\Business Ethics.png","C:\Websites\learningmanagementsystem\Images\Course_Images\TAP_Courses_PNG_FIles\Business_Ethics.png"
"Renamed","C:\Websites\learningmanagementsystem\Images\Course_Images\TAP_Courses_PNG_FIles\Business Planning for New Ventures.png","C:\Websites\learningmanagementsystem\Images\Course_Images\TAP_Courses_PNG_FIles\Business_Planning_for_New_Ventures.png"
"Renamed","C:\Websites\learningmanagementsystem\Images\Course_Images\TAP_Courses_PNG_FIles\Business Principles and Information Technology.png","C:\Websites\learningmanagementsystem\Images\Course_Images\TAP_Courses_PNG_FIles\Business_Principles_and_Information_Technology.png"
"Renamed","C:\Websites\learningmanagementsystem\Images\Course_Images\TAP_Courses_PNG_FIles\Business Report Writing in RetailWholesale.png","C:\Websites\learningmanagementsystem\Images\Course_Images\TAP_Courses_PNG_FIles\Business_Report_Writing_in_RetailWholesale.png"
"Renamed","C:\Websites\learningmanagementsystem\Images\Course_Images\TAP_Courses_PNG_FIles\Business Writing Level 4.png","C:\Websites\learningmanagementsystem\Images\Course_Images\TAP_Courses_PNG_FIles\Business_Writing_Level_4.png"
"Renamed","C:\Websites\learningmanagementsystem\Images\Course_Images\TAP_Courses_PNG_FIles\Carrying Out Basic First Aid Treatment in the Workplace.png","C:\Websites\learningmanagementsystem\Images\Course_Images\TAP_Courses_PNG_FIles\Carrying_Out_Basic_First_Aid_Treatment_in_the_Workplace.png"
"Renamed","C:\Websites\learningmanagementsystem\Images\Course_Images\TAP_Courses_PNG_FIles\Change Management.png","C:\Websites\learningmanagementsystem\Images\Course_Images\TAP_Courses_PNG_FIles\Change_Management.png"
"Renamed","C:\Websites\learningmanagementsystem\Images\Course_Images\TAP_Courses_PNG_FIles\Choosing Suppliers Selection and Evaluation.png","C:\Websites\learningmanagementsystem\Images\Course_Images\TAP_Courses_PNG_FIles\Choosing_Suppliers_Selection_and_Evaluation.png"
"Renamed","C:\Websites\learningmanagementsystem\Images\Course_Images\TAP_Courses_PNG_FIles\Coaching for Business Managers.png","C:\Websites\learningmanagementsystem\Images\Course_Images\TAP_Courses_PNG_FIles\Coaching_for_Business_Managers.png"
"Renamed","C:\Websites\learningmanagementsystem\Images\Course_Images\TAP_Courses_PNG_FIles\Collect and record information queries and requests from customers.png","C:\Websites\learningmanagementsystem\Images\Course_Images\TAP_Courses_PNG_FIles\Collect_and_record_information_queries_and_requests_from_customers.png"
"Renamed","C:\Websites\learningmanagementsystem\Images\Course_Images\TAP_Courses_PNG_FIles\Communicate in an Assertive Manner With Clients and Fellow Workers.png","C:\Websites\learningmanagementsystem\Images\Course_Images\TAP_Courses_PNG_FIles\Communicate_in_an_Assertive_Manner_With_Clients_and_Fellow_Workers.png"
"Renamed","C:\Websites\learningmanagementsystem\Images\Course_Images\TAP_Courses_PNG_FIles\Communicate Verbally and Non-verbally in the Workplace.png","C:\Websites\learningmanagementsystem\Images\Course_Images\TAP_Courses_PNG_FIles\Communicate_Verbally_and_Non-verbally_in_the_Workplace.png"
"Renamed","C:\Websites\learningmanagementsystem\Images\Course_Images\TAP_Courses_PNG_FIles\Communicate With Customers in a Contact Centre and BPO.png","C:\Websites\learningmanagementsystem\Images\Course_Images\TAP_Courses_PNG_FIles\Communicate_With_Customers_in_a_Contact_Centre_and_BPO.png"
"Renamed","C:\Websites\learningmanagementsystem\Images\Course_Images\TAP_Courses_PNG_FIles\Communication in Diverse Contexts.png","C:\Websites\learningmanagementsystem\Images\Course_Images\TAP_Courses_PNG_FIles\Communication_in_Diverse_Contexts.png"
"Renamed","C:\Websites\learningmanagementsystem\Images\Course_Images\TAP_Courses_PNG_FIles\Communication Skills.png","C:\Websites\learningmanagementsystem\Images\Course_Images\TAP_Courses_PNG_FIles\Communication_Skills.png"
"Renamed","C:\Websites\learningmanagementsystem\Images\Course_Images\TAP_Courses_PNG_FIles\Comprehensive Security Risk Training.png","C:\Websites\learningmanagementsystem\Images\Course_Images\TAP_Courses_PNG_FIles\Comprehensive_Security_Risk_Training.png"
"Renamed","C:\Websites\learningmanagementsystem\Images\Course_Images\TAP_Courses_PNG_FIles\Computer Industry Ethics in South Africa.png","C:\Websites\learningmanagementsystem\Images\Course_Images\TAP_Courses_PNG_FIles\Computer_Industry_Ethics_in_South_Africa.png"
"Renamed","C:\Websites\learningmanagementsystem\Images\Course_Images\TAP_Courses_PNG_FIles\Computer Skills for Contact Centre Staff.png","C:\Websites\learningmanagementsystem\Images\Course_Images\TAP_Courses_PNG_FIles\Computer_Skills_for_Contact_Centre_Staff.png"
"Renamed","C:\Websites\learningmanagementsystem\Images\Course_Images\TAP_Courses_PNG_FIles\Conduct a Meeting.png","C:\Websites\learningmanagementsystem\Images\Course_Images\TAP_Courses_PNG_FIles\Conduct_a_Meeting.png"
"Renamed","C:\Websites\learningmanagementsystem\Images\Course_Images\TAP_Courses_PNG_FIles\Conduct a Security Patrol in an Area of Responsibility.png","C:\Websites\learningmanagementsystem\Images\Course_Images\TAP_Courses_PNG_FIles\Conduct_a_Security_Patrol_in_an_Area_of_Responsibility.png"
"Renamed","C:\Websites\learningmanagementsystem\Images\Course_Images\TAP_Courses_PNG_FIles\Conduct Sales and Support Services.png","C:\Websites\learningmanagementsystem\Images\Course_Images\TAP_Courses_PNG_FIles\Conduct_Sales_and_Support_Services.png"
"Renamed","C:\Websites\learningmanagementsystem\Images\Course_Images\TAP_Courses_PNG_FIles\Conducting a Technical Meeting.png","C:\Websites\learningmanagementsystem\Images\Course_Images\TAP_Courses_PNG_FIles\Conducting_a_Technical_Meeting.png"
"Renamed","C:\Websites\learningmanagementsystem\Images\Course_Images\TAP_Courses_PNG_FIles\Conducting Organisational Needs Analysis.png","C:\Websites\learningmanagementsystem\Images\Course_Images\TAP_Courses_PNG_FIles\Conducting_Organisational_Needs_Analysis.png"
"Renamed","C:\Websites\learningmanagementsystem\Images\Course_Images\TAP_Courses_PNG_FIles\Contract Administration in a New Business.png","C:\Websites\learningmanagementsystem\Images\Course_Images\TAP_Courses_PNG_FIles\Contract_Administration_in_a_New_Business.png"
"Renamed","C:\Websites\learningmanagementsystem\Images\Course_Images\TAP_Courses_PNG_FIles\Contribute to a Diverse Working Environment in a Contact Centre.png","C:\Websites\learningmanagementsystem\Images\Course_Images\TAP_Courses_PNG_FIles\Contribute_to_a_Diverse_Working_Environment_in_a_Contact_Centre.png"
"Renamed","C:\Websites\learningmanagementsystem\Images\Course_Images\TAP_Courses_PNG_FIles\Contributing to Project Initiation and Scope Definition.png","C:\Websites\learningmanagementsystem\Images\Course_Images\TAP_Courses_PNG_FIles\Contributing_to_Project_Initiation_and_Scope_Definition.png"
"Renamed","C:\Websites\learningmanagementsystem\Images\Course_Images\TAP_Courses_PNG_FIles\Contributing to Project Risk Management.png","C:\Websites\learningmanagementsystem\Images\Course_Images\TAP_Courses_PNG_FIles\Contributing_to_Project_Risk_Management.png"
"Renamed","C:\Websites\learningmanagementsystem\Images\Course_Images\TAP_Courses_PNG_FIles\Control Expenses Within a Budget.png","C:\Websites\learningmanagementsystem\Images\Course_Images\TAP_Courses_PNG_FIles\Control_Expenses_Within_a_Budget.png"
"Renamed","C:\Websites\learningmanagementsystem\Images\Course_Images\TAP_Courses_PNG_FIles\Create Database Access with SQL.png","C:\Websites\learningmanagementsystem\Images\Course_Images\TAP_Courses_PNG_FIles\Create_Database_Access_with_SQL.png"
"Renamed","C:\Websites\learningmanagementsystem\Images\Course_Images\TAP_Courses_PNG_FIles\Critical Thinking and Problem Resolution.png","C:\Websites\learningmanagementsystem\Images\Course_Images\TAP_Courses_PNG_FIles\Critical_Thinking_and_Problem_Resolution.png"
"Renamed","C:\Websites\learningmanagementsystem\Images\Course_Images\TAP_Courses_PNG_FIles\Cultivating Productive Supply Chain Culture.png","C:\Websites\learningmanagementsystem\Images\Course_Images\TAP_Courses_PNG_FIles\Cultivating_Productive_Supply_Chain_Culture.png"
"Renamed","C:\Websites\learningmanagementsystem\Images\Course_Images\TAP_Courses_PNG_FIles\Cultural Awareness.png","C:\Websites\learningmanagementsystem\Images\Course_Images\TAP_Courses_PNG_FIles\Cultural_Awareness.png"
"Renamed","C:\Websites\learningmanagementsystem\Images\Course_Images\TAP_Courses_PNG_FIles\Customer Data Collection and Recording.png","C:\Websites\learningmanagementsystem\Images\Course_Images\TAP_Courses_PNG_FIles\Customer_Data_Collection_and_Recording.png"
"Renamed","C:\Websites\learningmanagementsystem\Images\Course_Images\TAP_Courses_PNG_FIles\Customer Satisfaction.png","C:\Websites\learningmanagementsystem\Images\Course_Images\TAP_Courses_PNG_FIles\Customer_Satisfaction.png"
"Renamed","C:\Websites\learningmanagementsystem\Images\Course_Images\TAP_Courses_PNG_FIles\Customer Service for Professionals.png","C:\Websites\learningmanagementsystem\Images\Course_Images\TAP_Courses_PNG_FIles\Customer_Service_for_Professionals.png"
"Renamed","C:\Websites\learningmanagementsystem\Images\Course_Images\TAP_Courses_PNG_FIles\Data Checking Assessment.png","C:\Websites\learningmanagementsystem\Images\Course_Images\TAP_Courses_PNG_FIles\Data_Checking_Assessment.png"
"Renamed","C:\Websites\learningmanagementsystem\Images\Course_Images\TAP_Courses_PNG_FIles\Define Core and Secondary Functions of an Organisation.png","C:\Websites\learningmanagementsystem\Images\Course_Images\TAP_Courses_PNG_FIles\Define_Core_and_Secondary_Functions_of_an_Organisation.png"
"Renamed","C:\Websites\learningmanagementsystem\Images\Course_Images\TAP_Courses_PNG_FIles\Demonstrate an Understanding of Contact Centre and BPO Working Practices.png","C:\Websites\learningmanagementsystem\Images\Course_Images\TAP_Courses_PNG_FIles\Demonstrate_an_Understanding_of_Contact_Centre_and_BPO_Working_Practices.png"
"Renamed","C:\Websites\learningmanagementsystem\Images\Course_Images\TAP_Courses_PNG_FIles\Demonstrate Automotive Vehicle Product Knowledge.png","C:\Websites\learningmanagementsystem\Images\Course_Images\TAP_Courses_PNG_FIles\Demonstrate_Automotive_Vehicle_Product_Knowledge.png"
"Renamed","C:\Websites\learningmanagementsystem\Images\Course_Images\TAP_Courses_PNG_FIles\Demonstrate Knowledge and Application of Ethical Conduct in a Business Environment.png","C:\Websites\learningmanagementsystem\Images\Course_Images\TAP_Courses_PNG_FIles\Demonstrate_Knowledge_and_Application_of_Ethical_Conduct_in_a_Business_Environment.png"
"Renamed","C:\Websites\learningmanagementsystem\Images\Course_Images\TAP_Courses_PNG_FIles\Describe the Interaction With Internal Departments and External Sales Support Structures.png","C:\Websites\learningmanagementsystem\Images\Course_Images\TAP_Courses_PNG_FIles\Describe_the_Interaction_With_Internal_Departments_and_External_Sales_Support_Structures.png"
"Renamed","C:\Websites\learningmanagementsystem\Images\Course_Images\TAP_Courses_PNG_FIles\Designing Information Systems.png","C:\Websites\learningmanagementsystem\Images\Course_Images\TAP_Courses_PNG_FIles\Designing_Information_Systems.png"
"Renamed","C:\Websites\learningmanagementsystem\Images\Course_Images\TAP_Courses_PNG_FIles\Develop Understanding Within an Organisation About the Risks Associated With Its Functioning and Contexts.png","C:\Websites\learningmanagementsystem\Images\Course_Images\TAP_Courses_PNG_FIles\Develop_Understanding_Within_an_Organisation_About_the_Risks_Associated_With_Its_Functioning_and_Contexts.png"
"Renamed","C:\Websites\learningmanagementsystem\Images\Course_Images\TAP_Courses_PNG_FIles\Develop, Implement and Evaluate a Project Plan.png","C:\Websites\learningmanagementsystem\Images\Course_Images\TAP_Courses_PNG_FIles\Develop,_Implement_and_Evaluate_a_Project_Plan.png"
"Renamed","C:\Websites\learningmanagementsystem\Images\Course_Images\TAP_Courses_PNG_FIles\Developing Innovative Work Environments.png","C:\Websites\learningmanagementsystem\Images\Course_Images\TAP_Courses_PNG_FIles\Developing_Innovative_Work_Environments.png"
"Renamed","C:\Websites\learningmanagementsystem\Images\Course_Images\TAP_Courses_PNG_FIles\Developing Strategies for Operational Supply Optimisation.png","C:\Websites\learningmanagementsystem\Images\Course_Images\TAP_Courses_PNG_FIles\Developing_Strategies_for_Operational_Supply_Optimisation.png"
"Renamed","C:\Websites\learningmanagementsystem\Images\Course_Images\TAP_Courses_PNG_FIles\Devise and Apply Strategies to Establish and Maintain Workplace Relations.png","C:\Websites\learningmanagementsystem\Images\Course_Images\TAP_Courses_PNG_FIles\Devise_and_Apply_Strategies_to_Establish_and_Maintain_Workplace_Relations.png"
"Renamed","C:\Websites\learningmanagementsystem\Images\Course_Images\TAP_Courses_PNG_FIles\Effective Communication Techniques.png","C:\Websites\learningmanagementsystem\Images\Course_Images\TAP_Courses_PNG_FIles\Effective_Communication_Techniques.png"
"Renamed","C:\Websites\learningmanagementsystem\Images\Course_Images\TAP_Courses_PNG_FIles\Effective Performance in a Business.png","C:\Websites\learningmanagementsystem\Images\Course_Images\TAP_Courses_PNG_FIles\Effective_Performance_in_a_Business.png"
"Renamed","C:\Websites\learningmanagementsystem\Images\Course_Images\TAP_Courses_PNG_FIles\Effective Sales A Masterclass.png","C:\Websites\learningmanagementsystem\Images\Course_Images\TAP_Courses_PNG_FIles\Effective_Sales_A_Masterclass.png"
"Renamed","C:\Websites\learningmanagementsystem\Images\Course_Images\TAP_Courses_PNG_FIles\Effective Time Management.png","C:\Websites\learningmanagementsystem\Images\Course_Images\TAP_Courses_PNG_FIles\Effective_Time_Management.png"
"Renamed","C:\Websites\learningmanagementsystem\Images\Course_Images\TAP_Courses_PNG_FIles\Emotional intelligence.png","C:\Websites\learningmanagementsystem\Images\Course_Images\TAP_Courses_PNG_FIles\Emotional_intelligence.png"
"Renamed","C:\Websites\learningmanagementsystem\Images\Course_Images\TAP_Courses_PNG_FIles\Employment Relations.png","C:\Websites\learningmanagementsystem\Images\Course_Images\TAP_Courses_PNG_FIles\Employment_Relations.png"
"Renamed","C:\Websites\learningmanagementsystem\Images\Course_Images\TAP_Courses_PNG_FIles\Empowering Team Members.png","C:\Websites\learningmanagementsystem\Images\Course_Images\TAP_Courses_PNG_FIles\Empowering_Team_Members.png"
"Renamed","C:\Websites\learningmanagementsystem\Images\Course_Images\TAP_Courses_PNG_FIles\Entrepreneurial Characteristics.png","C:\Websites\learningmanagementsystem\Images\Course_Images\TAP_Courses_PNG_FIles\Entrepreneurial_Characteristics.png"
"Renamed","C:\Websites\learningmanagementsystem\Images\Course_Images\TAP_Courses_PNG_FIles\Everyday Business Functions.png","C:\Websites\learningmanagementsystem\Images\Course_Images\TAP_Courses_PNG_FIles\Everyday_Business_Functions.png"
"Renamed","C:\Websites\learningmanagementsystem\Images\Course_Images\TAP_Courses_PNG_FIles\Exhibitor and Visitor Engagement Management.png","C:\Websites\learningmanagementsystem\Images\Course_Images\TAP_Courses_PNG_FIles\Exhibitor_and_Visitor_Engagement_Management.png"
"Renamed","C:\Websites\learningmanagementsystem\Images\Course_Images\TAP_Courses_PNG_FIles\Explain Basic Health and Safety Principles in and Around the Workplace.png","C:\Websites\learningmanagementsystem\Images\Course_Images\TAP_Courses_PNG_FIles\Explain_Basic_Health_and_Safety_Principles_in_and_Around_the_Workplace.png"
"Renamed","C:\Websites\learningmanagementsystem\Images\Course_Images\TAP_Courses_PNG_FIles\Explain the Requirements for Becoming a Security Service Provider.png","C:\Websites\learningmanagementsystem\Images\Course_Images\TAP_Courses_PNG_FIles\Explain_the_Requirements_for_Becoming_a_Security_Service_Provider.png"
"Renamed","C:\Websites\learningmanagementsystem\Images\Course_Images\TAP_Courses_PNG_FIles\Exploring Physical Quantities and Geometrical Relationships.png","C:\Websites\learningmanagementsystem\Images\Course_Images\TAP_Courses_PNG_FIles\Exploring_Physical_Quantities_and_Geometrical_Relationships.png"
"Renamed","C:\Websites\learningmanagementsystem\Images\Course_Images\TAP_Courses_PNG_FIles\Facilitator Training.png","C:\Websites\learningmanagementsystem\Images\Course_Images\TAP_Courses_PNG_FIles\Facilitator_Training.png"
"Renamed","C:\Websites\learningmanagementsystem\Images\Course_Images\TAP_Courses_PNG_FIles\Factors That Impact on the Bottom Line of a Wholesale and Retail Unit.png","C:\Websites\learningmanagementsystem\Images\Course_Images\TAP_Courses_PNG_FIles\Factors_That_Impact_on_the_Bottom_Line_of_a_Wholesale_and_Retail_Unit.png"
"Renamed","C:\Websites\learningmanagementsystem\Images\Course_Images\TAP_Courses_PNG_FIles\Fair and Effective Disciplinary Procedures.png","C:\Websites\learningmanagementsystem\Images\Course_Images\TAP_Courses_PNG_FIles\Fair_and_Effective_Disciplinary_Procedures.png"
"Renamed","C:\Websites\learningmanagementsystem\Images\Course_Images\TAP_Courses_PNG_FIles\Finance a New Venture.png","C:\Websites\learningmanagementsystem\Images\Course_Images\TAP_Courses_PNG_FIles\Finance_a_New_Venture.png"
"Renamed","C:\Websites\learningmanagementsystem\Images\Course_Images\TAP_Courses_PNG_FIles\Finance For Non Financial Managers.png","C:\Websites\learningmanagementsystem\Images\Course_Images\TAP_Courses_PNG_FIles\Finance_For_Non_Financial_Managers.png"
"Renamed","C:\Websites\learningmanagementsystem\Images\Course_Images\TAP_Courses_PNG_FIles\Financial Advisory and Intermediary Services Act 2002 (FAIS) (Act 37 of 2002).png","C:\Websites\learningmanagementsystem\Images\Course_Images\TAP_Courses_PNG_FIles\Financial_Advisory_and_Intermediary_Services_Act_2002_(FAIS)_(Act_37_of_2002).png"
"Renamed","C:\Websites\learningmanagementsystem\Images\Course_Images\TAP_Courses_PNG_FIles\Financial Aspects of Personal, Business and National Issues.png","C:\Websites\learningmanagementsystem\Images\Course_Images\TAP_Courses_PNG_FIles\Financial_Aspects_of_Personal,_Business_and_National_Issues.png"
"Renamed","C:\Websites\learningmanagementsystem\Images\Course_Images\TAP_Courses_PNG_FIles\Financial Intelligence Centre Act (FICA).png","C:\Websites\learningmanagementsystem\Images\Course_Images\TAP_Courses_PNG_FIles\Financial_Intelligence_Centre_Act_(FICA).png"
"Renamed","C:\Websites\learningmanagementsystem\Images\Course_Images\TAP_Courses_PNG_FIles\Financial Management Essentials for Entrepreneurs.png","C:\Websites\learningmanagementsystem\Images\Course_Images\TAP_Courses_PNG_FIles\Financial_Management_Essentials_for_Entrepreneurs.png"
"Renamed","C:\Websites\learningmanagementsystem\Images\Course_Images\TAP_Courses_PNG_FIles\Financial Mathematics & Analysis.png","C:\Websites\learningmanagementsystem\Images\Course_Images\TAP_Courses_PNG_FIles\Financial_Mathematics_&_Analysis.png"
"Renamed","C:\Websites\learningmanagementsystem\Images\Course_Images\TAP_Courses_PNG_FIles\Financial Modeling.png","C:\Websites\learningmanagementsystem\Images\Course_Images\TAP_Courses_PNG_FIles\Financial_Modeling.png"
"Renamed","C:\Websites\learningmanagementsystem\Images\Course_Images\TAP_Courses_PNG_FIles\Financial Planning for New Ventures.png","C:\Websites\learningmanagementsystem\Images\Course_Images\TAP_Courses_PNG_FIles\Financial_Planning_for_New_Ventures.png"
"Renamed","C:\Websites\learningmanagementsystem\Images\Course_Images\TAP_Courses_PNG_FIles\Fire Fighting.png","C:\Websites\learningmanagementsystem\Images\Course_Images\TAP_Courses_PNG_FIles\Fire_Fighting.png"
"Renamed","C:\Websites\learningmanagementsystem\Images\Course_Images\TAP_Courses_PNG_FIles\First Aid.png","C:\Websites\learningmanagementsystem\Images\Course_Images\TAP_Courses_PNG_FIles\First_Aid.png"
"Renamed","C:\Websites\learningmanagementsystem\Images\Course_Images\TAP_Courses_PNG_FIles\Foundations of English Building Blocks for Effective Communication.png","C:\Websites\learningmanagementsystem\Images\Course_Images\TAP_Courses_PNG_FIles\Foundations_of_English_Building_Blocks_for_Effective_Communication.png"
"Renamed","C:\Websites\learningmanagementsystem\Images\Course_Images\TAP_Courses_PNG_FIles\Fraud Management in the Office.png","C:\Websites\learningmanagementsystem\Images\Course_Images\TAP_Courses_PNG_FIles\Fraud_Management_in_the_Office.png"
"Renamed","C:\Websites\learningmanagementsystem\Images\Course_Images\TAP_Courses_PNG_FIles\Fundamentals of International Trade.png","C:\Websites\learningmanagementsystem\Images\Course_Images\TAP_Courses_PNG_FIles\Fundamentals_of_International_Trade.png"
"Renamed","C:\Websites\learningmanagementsystem\Images\Course_Images\TAP_Courses_PNG_FIles\Gather and Provide Relevant Information to Contribute to Contact Centre Problem Solving.png","C:\Websites\learningmanagementsystem\Images\Course_Images\TAP_Courses_PNG_FIles\Gather_and_Provide_Relevant_Information_to_Contribute_to_Contact_Centre_Problem_Solving.png"
"Renamed","C:\Websites\learningmanagementsystem\Images\Course_Images\TAP_Courses_PNG_FIles\Give Evidence In Court.png","C:\Websites\learningmanagementsystem\Images\Course_Images\TAP_Courses_PNG_FIles\Give_Evidence_In_Court.png"
"Renamed","C:\Websites\learningmanagementsystem\Images\Course_Images\TAP_Courses_PNG_FIles\Google Sheets and Forms.png","C:\Websites\learningmanagementsystem\Images\Course_Images\TAP_Courses_PNG_FIles\Google_Sheets_and_Forms.png"
"Renamed","C:\Websites\learningmanagementsystem\Images\Course_Images\TAP_Courses_PNG_FIles\Hand Over a Serviced Vehicle.png","C:\Websites\learningmanagementsystem\Images\Course_Images\TAP_Courses_PNG_FIles\Hand_Over_a_Serviced_Vehicle.png"
"Renamed","C:\Websites\learningmanagementsystem\Images\Course_Images\TAP_Courses_PNG_FIles\Handle Complaints and Problems.png","C:\Websites\learningmanagementsystem\Images\Course_Images\TAP_Courses_PNG_FIles\Handle_Complaints_and_Problems.png"
"Renamed","C:\Websites\learningmanagementsystem\Images\Course_Images\TAP_Courses_PNG_FIles\How to Deal With Depression.png","C:\Websites\learningmanagementsystem\Images\Course_Images\TAP_Courses_PNG_FIles\How_to_Deal_With_Depression.png"
"Renamed","C:\Websites\learningmanagementsystem\Images\Course_Images\TAP_Courses_PNG_FIles\How to Start Your First Business.png","C:\Websites\learningmanagementsystem\Images\Course_Images\TAP_Courses_PNG_FIles\How_to_Start_Your_First_Business.png"
"Renamed","C:\Websites\learningmanagementsystem\Images\Course_Images\TAP_Courses_PNG_FIles\How to Take Care of a Baby.png","C:\Websites\learningmanagementsystem\Images\Course_Images\TAP_Courses_PNG_FIles\How_to_Take_Care_of_a_Baby.png"
"Renamed","C:\Websites\learningmanagementsystem\Images\Course_Images\TAP_Courses_PNG_FIles\Identify and Respond to Customer Needs in a Contact Centre.png","C:\Websites\learningmanagementsystem\Images\Course_Images\TAP_Courses_PNG_FIles\Identify_and_Respond_to_Customer_Needs_in_a_Contact_Centre.png"
"Renamed","C:\Websites\learningmanagementsystem\Images\Course_Images\TAP_Courses_PNG_FIles\Identify Customers and Generate Selling Opportunities.png","C:\Websites\learningmanagementsystem\Images\Course_Images\TAP_Courses_PNG_FIles\Identify_Customers_and_Generate_Selling_Opportunities.png"
"Renamed","C:\Websites\learningmanagementsystem\Images\Course_Images\TAP_Courses_PNG_FIles\Identifying Business Opportunities.png","C:\Websites\learningmanagementsystem\Images\Course_Images\TAP_Courses_PNG_FIles\Identifying_Business_Opportunities.png"
"Renamed","C:\Websites\learningmanagementsystem\Images\Course_Images\TAP_Courses_PNG_FIles\Implement and Manage Human Resource and Labour Relations Policies and Acts.png","C:\Websites\learningmanagementsystem\Images\Course_Images\TAP_Courses_PNG_FIles\Implement_and_Manage_Human_Resource_and_Labour_Relations_Policies_and_Acts.png"
"Renamed","C:\Websites\learningmanagementsystem\Images\Course_Images\TAP_Courses_PNG_FIles\Implementation Options for Information Technology (IT).png","C:\Websites\learningmanagementsystem\Images\Course_Images\TAP_Courses_PNG_FIles\Implementation_Options_for_Information_Technology_(IT).png"
"Renamed","C:\Websites\learningmanagementsystem\Images\Course_Images\TAP_Courses_PNG_FIles\Implementing and Maintaining Information Systems.png","C:\Websites\learningmanagementsystem\Images\Course_Images\TAP_Courses_PNG_FIles\Implementing_and_Maintaining_Information_Systems.png"
"Renamed","C:\Websites\learningmanagementsystem\Images\Course_Images\TAP_Courses_PNG_FIles\Implementing Project Administration Processes.png","C:\Websites\learningmanagementsystem\Images\Course_Images\TAP_Courses_PNG_FIles\Implementing_Project_Administration_Processes.png"
"Renamed","C:\Websites\learningmanagementsystem\Images\Course_Images\TAP_Courses_PNG_FIles\Incorporate Batho Pele Principles in Your Work Role.png","C:\Websites\learningmanagementsystem\Images\Course_Images\TAP_Courses_PNG_FIles\Incorporate_Batho_Pele_Principles_in_Your_Work_Role.png"
"Renamed","C:\Websites\learningmanagementsystem\Images\Course_Images\TAP_Courses_PNG_FIles\Installing a Networked Workstation.png","C:\Websites\learningmanagementsystem\Images\Course_Images\TAP_Courses_PNG_FIles\Installing_a_Networked_Workstation.png"
"Renamed","C:\Websites\learningmanagementsystem\Images\Course_Images\TAP_Courses_PNG_FIles\Instil in Myself a Personal Contact Centre Culture.png","C:\Websites\learningmanagementsystem\Images\Course_Images\TAP_Courses_PNG_FIles\Instil_in_Myself_a_Personal_Contact_Centre_Culture.png"
"Renamed","C:\Websites\learningmanagementsystem\Images\Course_Images\TAP_Courses_PNG_FIles\Intermediate Excel Assessment.png","C:\Websites\learningmanagementsystem\Images\Course_Images\TAP_Courses_PNG_FIles\Intermediate_Excel_Assessment.png"
"Renamed","C:\Websites\learningmanagementsystem\Images\Course_Images\TAP_Courses_PNG_FIles\Intermediate Microsoft Excel.png","C:\Websites\learningmanagementsystem\Images\Course_Images\TAP_Courses_PNG_FIles\Intermediate_Microsoft_Excel.png"
"Renamed","C:\Websites\learningmanagementsystem\Images\Course_Images\TAP_Courses_PNG_FIles\Intermediate Microsoft Word.png","C:\Websites\learningmanagementsystem\Images\Course_Images\TAP_Courses_PNG_FIles\Intermediate_Microsoft_Word.png"
"Renamed","C:\Websites\learningmanagementsystem\Images\Course_Images\TAP_Courses_PNG_FIles\Interpret Classification Systems in Order to Organise, Retrieve and Dispose of Records.png","C:\Websites\learningmanagementsystem\Images\Course_Images\TAP_Courses_PNG_FIles\Interpret_Classification_Systems_in_Order_to_Organise,_Retrieve_and_Dispose_of_Records.png"
"Renamed","C:\Websites\learningmanagementsystem\Images\Course_Images\TAP_Courses_PNG_FIles\Interpreting Literary Texts.png","C:\Websites\learningmanagementsystem\Images\Course_Images\TAP_Courses_PNG_FIles\Interpreting_Literary_Texts.png"
"NoChange","C:\Websites\learningmanagementsystem\Images\Course_Images\TAP_Courses_PNG_FIles\Interpreting_Financial_Reports.png","C:\Websites\learningmanagementsystem\Images\Course_Images\TAP_Courses_PNG_FIles\Interpreting_Financial_Reports.png"
"Renamed","C:\Websites\learningmanagementsystem\Images\Course_Images\TAP_Courses_PNG_FIles\Interview Skills Assessment.png","C:\Websites\learningmanagementsystem\Images\Course_Images\TAP_Courses_PNG_FIles\Interview_Skills_Assessment.png"
"Renamed","C:\Websites\learningmanagementsystem\Images\Course_Images\TAP_Courses_PNG_FIles\Interviewing Skills for Employers.png","C:\Websites\learningmanagementsystem\Images\Course_Images\TAP_Courses_PNG_FIles\Interviewing_Skills_for_Employers.png"
"Renamed","C:\Websites\learningmanagementsystem\Images\Course_Images\TAP_Courses_PNG_FIles\Introduce New Staff to the Workplace.png","C:\Websites\learningmanagementsystem\Images\Course_Images\TAP_Courses_PNG_FIles\Introduce_New_Staff_to_the_Workplace.png"
"Renamed","C:\Websites\learningmanagementsystem\Images\Course_Images\TAP_Courses_PNG_FIles\Introducing a New Team Member.png","C:\Websites\learningmanagementsystem\Images\Course_Images\TAP_Courses_PNG_FIles\Introducing_a_New_Team_Member.png"
"Renamed","C:\Websites\learningmanagementsystem\Images\Course_Images\TAP_Courses_PNG_FIles\Introduction to Computers.png","C:\Websites\learningmanagementsystem\Images\Course_Images\TAP_Courses_PNG_FIles\Introduction_to_Computers.png"
"Renamed","C:\Websites\learningmanagementsystem\Images\Course_Images\TAP_Courses_PNG_FIles\Introduction to Labour Law and the Basic Conditions of Employment Act.png","C:\Websites\learningmanagementsystem\Images\Course_Images\TAP_Courses_PNG_FIles\Introduction_to_Labour_Law_and_the_Basic_Conditions_of_Employment_Act.png"
"Renamed","C:\Websites\learningmanagementsystem\Images\Course_Images\TAP_Courses_PNG_FIles\IT Business Analysis.png","C:\Websites\learningmanagementsystem\Images\Course_Images\TAP_Courses_PNG_FIles\IT_Business_Analysis.png"
"Renamed","C:\Websites\learningmanagementsystem\Images\Course_Images\TAP_Courses_PNG_FIles\IT Solutions Assessment.png","C:\Websites\learningmanagementsystem\Images\Course_Images\TAP_Courses_PNG_FIles\IT_Solutions_Assessment.png"
"Renamed","C:\Websites\learningmanagementsystem\Images\Course_Images\TAP_Courses_PNG_FIles\IT Support & Customer Care.png","C:\Websites\learningmanagementsystem\Images\Course_Images\TAP_Courses_PNG_FIles\IT_Support_&_Customer_Care.png"
"Renamed","C:\Websites\learningmanagementsystem\Images\Course_Images\TAP_Courses_PNG_FIles\IT Support and Enterprise Systems Management.png","C:\Websites\learningmanagementsystem\Images\Course_Images\TAP_Courses_PNG_FIles\IT_Support_and_Enterprise_Systems_Management.png"
"Renamed","C:\Websites\learningmanagementsystem\Images\Course_Images\TAP_Courses_PNG_FIles\IT System Support.png","C:\Websites\learningmanagementsystem\Images\Course_Images\TAP_Courses_PNG_FIles\IT_System_Support.png"
"Renamed","C:\Websites\learningmanagementsystem\Images\Course_Images\TAP_Courses_PNG_FIles\Knowledge Management.png","C:\Websites\learningmanagementsystem\Images\Course_Images\TAP_Courses_PNG_FIles\Knowledge_Management.png"
"Renamed","C:\Websites\learningmanagementsystem\Images\Course_Images\TAP_Courses_PNG_FIles\LAN Installation and Commissioning.png","C:\Websites\learningmanagementsystem\Images\Course_Images\TAP_Courses_PNG_FIles\LAN_Installation_and_Commissioning.png"
"Renamed","C:\Websites\learningmanagementsystem\Images\Course_Images\TAP_Courses_PNG_FIles\Language and Communication in Occupational Learning.png","C:\Websites\learningmanagementsystem\Images\Course_Images\TAP_Courses_PNG_FIles\Language_and_Communication_in_Occupational_Learning.png"
"Renamed","C:\Websites\learningmanagementsystem\Images\Course_Images\TAP_Courses_PNG_FIles\Language Proficiency Test (English).png","C:\Websites\learningmanagementsystem\Images\Course_Images\TAP_Courses_PNG_FIles\Language_Proficiency_Test_(English).png"
"Renamed","C:\Websites\learningmanagementsystem\Images\Course_Images\TAP_Courses_PNG_FIles\Leadership in Supply Chain Management.png","C:\Websites\learningmanagementsystem\Images\Course_Images\TAP_Courses_PNG_FIles\Leadership_in_Supply_Chain_Management.png"
"Renamed","C:\Websites\learningmanagementsystem\Images\Course_Images\TAP_Courses_PNG_FIles\Leadership Theories.png","C:\Websites\learningmanagementsystem\Images\Course_Images\TAP_Courses_PNG_FIles\Leadership_Theories.png"
"Renamed","C:\Websites\learningmanagementsystem\Images\Course_Images\TAP_Courses_PNG_FIles\Local Area Network (LAN) Management Issues.png","C:\Websites\learningmanagementsystem\Images\Course_Images\TAP_Courses_PNG_FIles\Local_Area_Network_(LAN)_Management_Issues.png"
"Renamed","C:\Websites\learningmanagementsystem\Images\Course_Images\TAP_Courses_PNG_FIles\Local Area Network Administration.png","C:\Websites\learningmanagementsystem\Images\Course_Images\TAP_Courses_PNG_FIles\Local_Area_Network_Administration.png"
"Renamed","C:\Websites\learningmanagementsystem\Images\Course_Images\TAP_Courses_PNG_FIles\Logical Problem Solving and Error Detection.png","C:\Websites\learningmanagementsystem\Images\Course_Images\TAP_Courses_PNG_FIles\Logical_Problem_Solving_and_Error_Detection.png"
"Renamed","C:\Websites\learningmanagementsystem\Images\Course_Images\TAP_Courses_PNG_FIles\Maintain and Adapt Oralsigned Communication.png","C:\Websites\learningmanagementsystem\Images\Course_Images\TAP_Courses_PNG_FIles\Maintain_and_Adapt_Oralsigned_Communication.png"
"Renamed","C:\Websites\learningmanagementsystem\Images\Course_Images\TAP_Courses_PNG_FIles\Maintain Stock in the Automotive Sales Retail Industry.png","C:\Websites\learningmanagementsystem\Images\Course_Images\TAP_Courses_PNG_FIles\Maintain_Stock_in_the_Automotive_Sales_Retail_Industry.png"
"Renamed","C:\Websites\learningmanagementsystem\Images\Course_Images\TAP_Courses_PNG_FIles\Maintenance of Office Equipment.png","C:\Websites\learningmanagementsystem\Images\Course_Images\TAP_Courses_PNG_FIles\Maintenance_of_Office_Equipment.png"
"Renamed","C:\Websites\learningmanagementsystem\Images\Course_Images\TAP_Courses_PNG_FIles\Make Appointments and Control Flow of Customer Vehicles.png","C:\Websites\learningmanagementsystem\Images\Course_Images\TAP_Courses_PNG_FIles\Make_Appointments_and_Control_Flow_of_Customer_Vehicles.png"
"Renamed","C:\Websites\learningmanagementsystem\Images\Course_Images\TAP_Courses_PNG_FIles\Manage and Communicate Requirements.png","C:\Websites\learningmanagementsystem\Images\Course_Images\TAP_Courses_PNG_FIles\Manage_and_Communicate_Requirements.png"
"Renamed","C:\Websites\learningmanagementsystem\Images\Course_Images\TAP_Courses_PNG_FIles\Manage and Supervise Business Analysis.png","C:\Websites\learningmanagementsystem\Images\Course_Images\TAP_Courses_PNG_FIles\Manage_and_Supervise_Business_Analysis.png"
"Renamed","C:\Websites\learningmanagementsystem\Images\Course_Images\TAP_Courses_PNG_FIles\Manage Business Operations.png","C:\Websites\learningmanagementsystem\Images\Course_Images\TAP_Courses_PNG_FIles\Manage_Business_Operations.png"
"Renamed","C:\Websites\learningmanagementsystem\Images\Course_Images\TAP_Courses_PNG_FIles\Manage Diversity to Add Value in the Workplace.png","C:\Websites\learningmanagementsystem\Images\Course_Images\TAP_Courses_PNG_FIles\Manage_Diversity_to_Add_Value_in_the_Workplace.png"
"Renamed","C:\Websites\learningmanagementsystem\Images\Course_Images\TAP_Courses_PNG_FIles\Manage General Administration.png","C:\Websites\learningmanagementsystem\Images\Course_Images\TAP_Courses_PNG_FIles\Manage_General_Administration.png"
"Renamed","C:\Websites\learningmanagementsystem\Images\Course_Images\TAP_Courses_PNG_FIles\Manage in-bound andor Out-bound Calls in a Contact Centre.png","C:\Websites\learningmanagementsystem\Images\Course_Images\TAP_Courses_PNG_FIles\Manage_in-bound_andor_Out-bound_Calls_in_a_Contact_Centre.png"
"Renamed","C:\Websites\learningmanagementsystem\Images\Course_Images\TAP_Courses_PNG_FIles\Manage Personal Finances.png","C:\Websites\learningmanagementsystem\Images\Course_Images\TAP_Courses_PNG_FIles\Manage_Personal_Finances.png"
"Renamed","C:\Websites\learningmanagementsystem\Images\Course_Images\TAP_Courses_PNG_FIles\Manage Project Meetings and Workshops.png","C:\Websites\learningmanagementsystem\Images\Course_Images\TAP_Courses_PNG_FIles\Manage_Project_Meetings_and_Workshops.png"
"Renamed","C:\Websites\learningmanagementsystem\Images\Course_Images\TAP_Courses_PNG_FIles\Managing an Information System in a Business.png","C:\Websites\learningmanagementsystem\Images\Course_Images\TAP_Courses_PNG_FIles\Managing_an_Information_System_in_a_Business.png"
"Renamed","C:\Websites\learningmanagementsystem\Images\Course_Images\TAP_Courses_PNG_FIles\Managing Customer Complaints in a Contact Centre.png","C:\Websites\learningmanagementsystem\Images\Course_Images\TAP_Courses_PNG_FIles\Managing_Customer_Complaints_in_a_Contact_Centre.png"
"Renamed","C:\Websites\learningmanagementsystem\Images\Course_Images\TAP_Courses_PNG_FIles\Managing of Service Providers.png","C:\Websites\learningmanagementsystem\Images\Course_Images\TAP_Courses_PNG_FIles\Managing_of_Service_Providers.png"
"Renamed","C:\Websites\learningmanagementsystem\Images\Course_Images\TAP_Courses_PNG_FIles\Managing Office Supplies.png","C:\Websites\learningmanagementsystem\Images\Course_Images\TAP_Courses_PNG_FIles\Managing_Office_Supplies.png"
"Renamed","C:\Websites\learningmanagementsystem\Images\Course_Images\TAP_Courses_PNG_FIles\Managing Project Documentation.png","C:\Websites\learningmanagementsystem\Images\Course_Images\TAP_Courses_PNG_FIles\Managing_Project_Documentation.png"
"Renamed","C:\Websites\learningmanagementsystem\Images\Course_Images\TAP_Courses_PNG_FIles\Managing Supply Chain Relationships.png","C:\Websites\learningmanagementsystem\Images\Course_Images\TAP_Courses_PNG_FIles\Managing_Supply_Chain_Relationships.png"
"Renamed","C:\Websites\learningmanagementsystem\Images\Course_Images\TAP_Courses_PNG_FIles\Managing Workplace Conflicts.png","C:\Websites\learningmanagementsystem\Images\Course_Images\TAP_Courses_PNG_FIles\Managing_Workplace_Conflicts.png"
"Renamed","C:\Websites\learningmanagementsystem\Images\Course_Images\TAP_Courses_PNG_FIles\Mastering Cv Construction and Interview Skills.png","C:\Websites\learningmanagementsystem\Images\Course_Images\TAP_Courses_PNG_FIles\Mastering_Cv_Construction_and_Interview_Skills.png"
"Renamed","C:\Websites\learningmanagementsystem\Images\Course_Images\TAP_Courses_PNG_FIles\Mastering Disciplinary Hearings A Comprehensive Guide.png","C:\Websites\learningmanagementsystem\Images\Course_Images\TAP_Courses_PNG_FIles\Mastering_Disciplinary_Hearings_A_Comprehensive_Guide.png"
"Renamed","C:\Websites\learningmanagementsystem\Images\Course_Images\TAP_Courses_PNG_FIles\Match New Venture Opportunity to Market Needs.png","C:\Websites\learningmanagementsystem\Images\Course_Images\TAP_Courses_PNG_FIles\Match_New_Venture_Opportunity_to_Market_Needs.png"
"Renamed","C:\Websites\learningmanagementsystem\Images\Course_Images\TAP_Courses_PNG_FIles\Mathematical Analysis in Economics and Finance.png","C:\Websites\learningmanagementsystem\Images\Course_Images\TAP_Courses_PNG_FIles\Mathematical_Analysis_in_Economics_and_Finance.png"
"Renamed","C:\Websites\learningmanagementsystem\Images\Course_Images\TAP_Courses_PNG_FIles\Meet Performance Standards Within a Contact Centre.png","C:\Websites\learningmanagementsystem\Images\Course_Images\TAP_Courses_PNG_FIles\Meet_Performance_Standards_Within_a_Contact_Centre.png"
"Renamed","C:\Websites\learningmanagementsystem\Images\Course_Images\TAP_Courses_PNG_FIles\Merchandise and display products, services and related goods.png","C:\Websites\learningmanagementsystem\Images\Course_Images\TAP_Courses_PNG_FIles\Merchandise_and_display_products,_services_and_related_goods.png"
"Renamed","C:\Websites\learningmanagementsystem\Images\Course_Images\TAP_Courses_PNG_FIles\Microsoft Outlook.png","C:\Websites\learningmanagementsystem\Images\Course_Images\TAP_Courses_PNG_FIles\Microsoft_Outlook.png"
"Renamed","C:\Websites\learningmanagementsystem\Images\Course_Images\TAP_Courses_PNG_FIles\Microsoft Teams.png","C:\Websites\learningmanagementsystem\Images\Course_Images\TAP_Courses_PNG_FIles\Microsoft_Teams.png"
"Renamed","C:\Websites\learningmanagementsystem\Images\Course_Images\TAP_Courses_PNG_FIles\Microsoft Visual Basic for Excel.png","C:\Websites\learningmanagementsystem\Images\Course_Images\TAP_Courses_PNG_FIles\Microsoft_Visual_Basic_for_Excel.png"
"NoChange","C:\Websites\learningmanagementsystem\Images\Course_Images\TAP_Courses_PNG_FIles\Moderator.png","C:\Websites\learningmanagementsystem\Images\Course_Images\TAP_Courses_PNG_FIles\Moderator.png"
"Renamed","C:\Websites\learningmanagementsystem\Images\Course_Images\TAP_Courses_PNG_FIles\Monitor, Assess and Manage Risk.png","C:\Websites\learningmanagementsystem\Images\Course_Images\TAP_Courses_PNG_FIles\Monitor,_Assess_and_Manage_Risk.png"
"Renamed","C:\Websites\learningmanagementsystem\Images\Course_Images\TAP_Courses_PNG_FIles\Motivational Theories and Principles in Leadership.png","C:\Websites\learningmanagementsystem\Images\Course_Images\TAP_Courses_PNG_FIles\Motivational_Theories_and_Principles_in_Leadership.png"
"Renamed","C:\Websites\learningmanagementsystem\Images\Course_Images\TAP_Courses_PNG_FIles\Motor Vehicle Learner's License - K53.png","C:\Websites\learningmanagementsystem\Images\Course_Images\TAP_Courses_PNG_FIles\Motor_Vehicle_Learner's_License_-_K53.png"
"Renamed","C:\Websites\learningmanagementsystem\Images\Course_Images\TAP_Courses_PNG_FIles\Motorcycle Learner's License - K53.png","C:\Websites\learningmanagementsystem\Images\Course_Images\TAP_Courses_PNG_FIles\Motorcycle_Learner's_License_-_K53.png"
"Renamed","C:\Websites\learningmanagementsystem\Images\Course_Images\TAP_Courses_PNG_FIles\Multi-User Computer System Security Administration.png","C:\Websites\learningmanagementsystem\Images\Course_Images\TAP_Courses_PNG_FIles\Multi-User_Computer_System_Security_Administration.png"
"Renamed","C:\Websites\learningmanagementsystem\Images\Course_Images\TAP_Courses_PNG_FIles\Multi-User Operating System Management.png","C:\Websites\learningmanagementsystem\Images\Course_Images\TAP_Courses_PNG_FIles\Multi-User_Operating_System_Management.png"
"Renamed","C:\Websites\learningmanagementsystem\Images\Course_Images\TAP_Courses_PNG_FIles\Negotiation Skills in Business.png","C:\Websites\learningmanagementsystem\Images\Course_Images\TAP_Courses_PNG_FIles\Negotiation_Skills_in_Business.png"
"Renamed","C:\Websites\learningmanagementsystem\Images\Course_Images\TAP_Courses_PNG_FIles\Negotiation Skills.png","C:\Websites\learningmanagementsystem\Images\Course_Images\TAP_Courses_PNG_FIles\Negotiation_Skills.png"
"Renamed","C:\Websites\learningmanagementsystem\Images\Course_Images\TAP_Courses_PNG_FIles\New Venture Marketing Strategies.png","C:\Websites\learningmanagementsystem\Images\Course_Images\TAP_Courses_PNG_FIles\New_Venture_Marketing_Strategies.png"
"Renamed","C:\Websites\learningmanagementsystem\Images\Course_Images\TAP_Courses_PNG_FIles\Numerical Reasoning Assessment.png","C:\Websites\learningmanagementsystem\Images\Course_Images\TAP_Courses_PNG_FIles\Numerical_Reasoning_Assessment.png"
"Renamed","C:\Websites\learningmanagementsystem\Images\Course_Images\TAP_Courses_PNG_FIles\Occupational Health and Safety.png","C:\Websites\learningmanagementsystem\Images\Course_Images\TAP_Courses_PNG_FIles\Occupational_Health_and_Safety.png"
"Renamed","C:\Websites\learningmanagementsystem\Images\Course_Images\TAP_Courses_PNG_FIles\Office Etiquette.png","C:\Websites\learningmanagementsystem\Images\Course_Images\TAP_Courses_PNG_FIles\Office_Etiquette.png"
"Renamed","C:\Websites\learningmanagementsystem\Images\Course_Images\TAP_Courses_PNG_FIles\Office Local Area Network (LAN) Design.png","C:\Websites\learningmanagementsystem\Images\Course_Images\TAP_Courses_PNG_FIles\Office_Local_Area_Network_(LAN)_Design.png"
"Renamed","C:\Websites\learningmanagementsystem\Images\Course_Images\TAP_Courses_PNG_FIles\Operational Planning.png","C:\Websites\learningmanagementsystem\Images\Course_Images\TAP_Courses_PNG_FIles\Operational_Planning.png"
"Renamed","C:\Websites\learningmanagementsystem\Images\Course_Images\TAP_Courses_PNG_FIles\Optimising Supply Chain Information.png","C:\Websites\learningmanagementsystem\Images\Course_Images\TAP_Courses_PNG_FIles\Optimising_Supply_Chain_Information.png"
"Renamed","C:\Websites\learningmanagementsystem\Images\Course_Images\TAP_Courses_PNG_FIles\Optimising Supply Chain Performance.png","C:\Websites\learningmanagementsystem\Images\Course_Images\TAP_Courses_PNG_FIles\Optimising_Supply_Chain_Performance.png"
"Renamed","C:\Websites\learningmanagementsystem\Images\Course_Images\TAP_Courses_PNG_FIles\Oral Communication and Text Evaluation.png","C:\Websites\learningmanagementsystem\Images\Course_Images\TAP_Courses_PNG_FIles\Oral_Communication_and_Text_Evaluation.png"
"Renamed","C:\Websites\learningmanagementsystem\Images\Course_Images\TAP_Courses_PNG_FIles\Oversee and Share Project Timelines.png","C:\Websites\learningmanagementsystem\Images\Course_Images\TAP_Courses_PNG_FIles\Oversee_and_Share_Project_Timelines.png"
"Renamed","C:\Websites\learningmanagementsystem\Images\Course_Images\TAP_Courses_PNG_FIles\Participate in the Estimation and Preparation of Cost Budget for a Project or Sub-project and Monitor and Control Actual Cost Against Budget.png","C:\Websites\learningmanagementsystem\Images\Course_Images\TAP_Courses_PNG_FIles\Participate_in_the_Estimation_and_Preparation_of_Cost_Budget_for_a_Project_or_Sub-project_and_Monitor_and_Control_Actual_Cost_Against_Budget.png"
"Renamed","C:\Websites\learningmanagementsystem\Images\Course_Images\TAP_Courses_PNG_FIles\Perform Basic Business Calculations.png","C:\Websites\learningmanagementsystem\Images\Course_Images\TAP_Courses_PNG_FIles\Perform_Basic_Business_Calculations.png"
"Renamed","C:\Websites\learningmanagementsystem\Images\Course_Images\TAP_Courses_PNG_FIles\Perform Basic Fire Fighting.png","C:\Websites\learningmanagementsystem\Images\Course_Images\TAP_Courses_PNG_FIles\Perform_Basic_Fire_Fighting.png"
"Renamed","C:\Websites\learningmanagementsystem\Images\Course_Images\TAP_Courses_PNG_FIles\Perform Hand Over and Take Over Responsibilities.png","C:\Websites\learningmanagementsystem\Images\Course_Images\TAP_Courses_PNG_FIles\Perform_Hand_Over_and_Take_Over_Responsibilities.png"
"Renamed","C:\Websites\learningmanagementsystem\Images\Course_Images\TAP_Courses_PNG_FIles\Perform Requirements Analysis.png","C:\Websites\learningmanagementsystem\Images\Course_Images\TAP_Courses_PNG_FIles\Perform_Requirements_Analysis.png"
"Renamed","C:\Websites\learningmanagementsystem\Images\Course_Images\TAP_Courses_PNG_FIles\Performance Standards and Review Processes.png","C:\Websites\learningmanagementsystem\Images\Course_Images\TAP_Courses_PNG_FIles\Performance_Standards_and_Review_Processes.png"
"Renamed","C:\Websites\learningmanagementsystem\Images\Course_Images\TAP_Courses_PNG_FIles\Personal Development.png","C:\Websites\learningmanagementsystem\Images\Course_Images\TAP_Courses_PNG_FIles\Personal_Development.png"
"Renamed","C:\Websites\learningmanagementsystem\Images\Course_Images\TAP_Courses_PNG_FIles\Philosophy of Supply Chain Management.png","C:\Websites\learningmanagementsystem\Images\Course_Images\TAP_Courses_PNG_FIles\Philosophy_of_Supply_Chain_Management.png"
"Renamed","C:\Websites\learningmanagementsystem\Images\Course_Images\TAP_Courses_PNG_FIles\Plan and Manage ProductionOperations in a New Venture.png","C:\Websites\learningmanagementsystem\Images\Course_Images\TAP_Courses_PNG_FIles\Plan_and_Manage_ProductionOperations_in_a_New_Venture.png"
"Renamed","C:\Websites\learningmanagementsystem\Images\Course_Images\TAP_Courses_PNG_FIles\Plan and Prepare Meeting Communications.png","C:\Websites\learningmanagementsystem\Images\Course_Images\TAP_Courses_PNG_FIles\Plan_and_Prepare_Meeting_Communications.png"
"Renamed","C:\Websites\learningmanagementsystem\Images\Course_Images\TAP_Courses_PNG_FIles\Prepare and Deliver a Purchased Vehicle to a Customer.png","C:\Websites\learningmanagementsystem\Images\Course_Images\TAP_Courses_PNG_FIles\Prepare_and_Deliver_a_Purchased_Vehicle_to_a_Customer.png"
"Renamed","C:\Websites\learningmanagementsystem\Images\Course_Images\TAP_Courses_PNG_FIles\Present Information in Report Format.png","C:\Websites\learningmanagementsystem\Images\Course_Images\TAP_Courses_PNG_FIles\Present_Information_in_Report_Format.png"
"Renamed","C:\Websites\learningmanagementsystem\Images\Course_Images\TAP_Courses_PNG_FIles\Process Data Using Information Technology.png","C:\Websites\learningmanagementsystem\Images\Course_Images\TAP_Courses_PNG_FIles\Process_Data_Using_Information_Technology.png"
"Renamed","C:\Websites\learningmanagementsystem\Images\Course_Images\TAP_Courses_PNG_FIles\Process Facilitation in Supply Chain Information Integration.png","C:\Websites\learningmanagementsystem\Images\Course_Images\TAP_Courses_PNG_FIles\Process_Facilitation_in_Supply_Chain_Information_Integration.png"
"Renamed","C:\Websites\learningmanagementsystem\Images\Course_Images\TAP_Courses_PNG_FIles\Process Incoming and Outgoing Telephone Calls.png","C:\Websites\learningmanagementsystem\Images\Course_Images\TAP_Courses_PNG_FIles\Process_Incoming_and_Outgoing_Telephone_Calls.png"
"Renamed","C:\Websites\learningmanagementsystem\Images\Course_Images\TAP_Courses_PNG_FIles\Process Vehicle Service or Repair Requests.png","C:\Websites\learningmanagementsystem\Images\Course_Images\TAP_Courses_PNG_FIles\Process_Vehicle_Service_or_Repair_Requests.png"
"Renamed","C:\Websites\learningmanagementsystem\Images\Course_Images\TAP_Courses_PNG_FIles\Processing of Automotive Orders and Payments.png","C:\Websites\learningmanagementsystem\Images\Course_Images\TAP_Courses_PNG_FIles\Processing_of_Automotive_Orders_and_Payments.png"
"Renamed","C:\Websites\learningmanagementsystem\Images\Course_Images\TAP_Courses_PNG_FIles\Processing Transactions Petty Cash and Banking.png","C:\Websites\learningmanagementsystem\Images\Course_Images\TAP_Courses_PNG_FIles\Processing_Transactions_Petty_Cash_and_Banking.png"
"Renamed","C:\Websites\learningmanagementsystem\Images\Course_Images\TAP_Courses_PNG_FIles\Produce a Business Plan for a New Venture.png","C:\Websites\learningmanagementsystem\Images\Course_Images\TAP_Courses_PNG_FIles\Produce_a_Business_Plan_for_a_New_Venture.png"
"Renamed","C:\Websites\learningmanagementsystem\Images\Course_Images\TAP_Courses_PNG_FIles\Professional Conduct and Ethics in the Workplace.png","C:\Websites\learningmanagementsystem\Images\Course_Images\TAP_Courses_PNG_FIles\Professional_Conduct_and_Ethics_in_the_Workplace.png"
"Renamed","C:\Websites\learningmanagementsystem\Images\Course_Images\TAP_Courses_PNG_FIles\Professional Interaction Techniques.png","C:\Websites\learningmanagementsystem\Images\Course_Images\TAP_Courses_PNG_FIles\Professional_Interaction_Techniques.png"
"Renamed","C:\Websites\learningmanagementsystem\Images\Course_Images\TAP_Courses_PNG_FIles\Project Budget Preparation and Management.png","C:\Websites\learningmanagementsystem\Images\Course_Images\TAP_Courses_PNG_FIles\Project_Budget_Preparation_and_Management.png"
"Renamed","C:\Websites\learningmanagementsystem\Images\Course_Images\TAP_Courses_PNG_FIles\Project Management Fundamentals.png","C:\Websites\learningmanagementsystem\Images\Course_Images\TAP_Courses_PNG_FIles\Project_Management_Fundamentals.png"
"Renamed","C:\Websites\learningmanagementsystem\Images\Course_Images\TAP_Courses_PNG_FIles\Promote a Learning Culture.png","C:\Websites\learningmanagementsystem\Images\Course_Images\TAP_Courses_PNG_FIles\Promote_a_Learning_Culture.png"
"Renamed","C:\Websites\learningmanagementsystem\Images\Course_Images\TAP_Courses_PNG_FIles\Protection of Personal Information Act.png","C:\Websites\learningmanagementsystem\Images\Course_Images\TAP_Courses_PNG_FIles\Protection_of_Personal_Information_Act.png"
"Renamed","C:\Websites\learningmanagementsystem\Images\Course_Images\TAP_Courses_PNG_FIles\Provide Information to Customers in a Contact Centre.png","C:\Websites\learningmanagementsystem\Images\Course_Images\TAP_Courses_PNG_FIles\Provide_Information_to_Customers_in_a_Contact_Centre.png"
"Renamed","C:\Websites\learningmanagementsystem\Images\Course_Images\TAP_Courses_PNG_FIles\Public Speaking.png","C:\Websites\learningmanagementsystem\Images\Course_Images\TAP_Courses_PNG_FIles\Public_Speaking.png"
"Renamed","C:\Websites\learningmanagementsystem\Images\Course_Images\TAP_Courses_PNG_FIles\Rational and Irrational Numbers and Number Systems.png","C:\Websites\learningmanagementsystem\Images\Course_Images\TAP_Courses_PNG_FIles\Rational_and_Irrational_Numbers_and_Number_Systems.png"
"Renamed","C:\Websites\learningmanagementsystem\Images\Course_Images\TAP_Courses_PNG_FIles\Reading, Analysing, and Responding to Texts.png","C:\Websites\learningmanagementsystem\Images\Course_Images\TAP_Courses_PNG_FIles\Reading,_Analysing,_and_Responding_to_Texts.png"
"Renamed","C:\Websites\learningmanagementsystem\Images\Course_Images\TAP_Courses_PNG_FIles\Reception Management Skills.png","C:\Websites\learningmanagementsystem\Images\Course_Images\TAP_Courses_PNG_FIles\Reception_Management_Skills.png"
"NoChange","C:\Websites\learningmanagementsystem\Images\Course_Images\TAP_Courses_PNG_FIles\Recruitment.png","C:\Websites\learningmanagementsystem\Images\Course_Images\TAP_Courses_PNG_FIles\Recruitment.png"
"Renamed","C:\Websites\learningmanagementsystem\Images\Course_Images\TAP_Courses_PNG_FIles\Research the Viability of New Venture IdeasOpportunities.png","C:\Websites\learningmanagementsystem\Images\Course_Images\TAP_Courses_PNG_FIles\Research_the_Viability_of_New_Venture_IdeasOpportunities.png"
"Renamed","C:\Websites\learningmanagementsystem\Images\Course_Images\TAP_Courses_PNG_FIles\Research Using Computer Technology.png","C:\Websites\learningmanagementsystem\Images\Course_Images\TAP_Courses_PNG_FIles\Research_Using_Computer_Technology.png"
"Renamed","C:\Websites\learningmanagementsystem\Images\Course_Images\TAP_Courses_PNG_FIles\Reviewing Your Retail Sales Performance.png","C:\Websites\learningmanagementsystem\Images\Course_Images\TAP_Courses_PNG_FIles\Reviewing_Your_Retail_Sales_Performance.png"
"Renamed","C:\Websites\learningmanagementsystem\Images\Course_Images\TAP_Courses_PNG_FIles\Sell Products to Customers in a Wholesale and Retail Outlet.png","C:\Websites\learningmanagementsystem\Images\Course_Images\TAP_Courses_PNG_FIles\Sell_Products_to_Customers_in_a_Wholesale_and_Retail_Outlet.png"
"Renamed","C:\Websites\learningmanagementsystem\Images\Course_Images\TAP_Courses_PNG_FIles\Selling to Corporate Fleet Owners.png","C:\Websites\learningmanagementsystem\Images\Course_Images\TAP_Courses_PNG_FIles\Selling_to_Corporate_Fleet_Owners.png"
"Renamed","C:\Websites\learningmanagementsystem\Images\Course_Images\TAP_Courses_PNG_FIles\Set Priorities for Team and Personal Tasks.png","C:\Websites\learningmanagementsystem\Images\Course_Images\TAP_Courses_PNG_FIles\Set_Priorities_for_Team_and_Personal_Tasks.png"
"Renamed","C:\Websites\learningmanagementsystem\Images\Course_Images\TAP_Courses_PNG_FIles\Setting Up Multi-User Network Operating Systems.png","C:\Websites\learningmanagementsystem\Images\Course_Images\TAP_Courses_PNG_FIles\Setting_Up_Multi-User_Network_Operating_Systems.png"
"Renamed","C:\Websites\learningmanagementsystem\Images\Course_Images\TAP_Courses_PNG_FIles\Sexual Harassment.png","C:\Websites\learningmanagementsystem\Images\Course_Images\TAP_Courses_PNG_FIles\Sexual_Harassment.png"
"Renamed","C:\Websites\learningmanagementsystem\Images\Course_Images\TAP_Courses_PNG_FIles\Situational Judgement Assessment.png","C:\Websites\learningmanagementsystem\Images\Course_Images\TAP_Courses_PNG_FIles\Situational_Judgement_Assessment.png"
"Renamed","C:\Websites\learningmanagementsystem\Images\Course_Images\TAP_Courses_PNG_FIles\Skills Development Coordination Practices (SDF).png","C:\Websites\learningmanagementsystem\Images\Course_Images\TAP_Courses_PNG_FIles\Skills_Development_Coordination_Practices_(SDF).png"
"Renamed","C:\Websites\learningmanagementsystem\Images\Course_Images\TAP_Courses_PNG_FIles\Solving Problems with Data and Probability.png","C:\Websites\learningmanagementsystem\Images\Course_Images\TAP_Courses_PNG_FIles\Solving_Problems_with_Data_and_Probability.png"
"Renamed","C:\Websites\learningmanagementsystem\Images\Course_Images\TAP_Courses_PNG_FIles\Specify Heavy Vehicles Options and Add-on Products.png","C:\Websites\learningmanagementsystem\Images\Course_Images\TAP_Courses_PNG_FIles\Specify_Heavy_Vehicles_Options_and_Add-on_Products.png"
"Renamed","C:\Websites\learningmanagementsystem\Images\Course_Images\TAP_Courses_PNG_FIles\Speed Typing Test Assessment.png","C:\Websites\learningmanagementsystem\Images\Course_Images\TAP_Courses_PNG_FIles\Speed_Typing_Test_Assessment.png"
"Renamed","C:\Websites\learningmanagementsystem\Images\Course_Images\TAP_Courses_PNG_FIles\Standard Insurance Cover in Terms of SASRIA.png","C:\Websites\learningmanagementsystem\Images\Course_Images\TAP_Courses_PNG_FIles\Standard_Insurance_Cover_in_Terms_of_SASRIA.png"
"Renamed","C:\Websites\learningmanagementsystem\Images\Course_Images\TAP_Courses_PNG_FIles\Statistics and Probability to Influence the Use of Data and Procedures.png","C:\Websites\learningmanagementsystem\Images\Course_Images\TAP_Courses_PNG_FIles\Statistics_and_Probability_to_Influence_the_Use_of_Data_and_Procedures.png"
"Renamed","C:\Websites\learningmanagementsystem\Images\Course_Images\TAP_Courses_PNG_FIles\Stock and Fixed Asset Management.png","C:\Websites\learningmanagementsystem\Images\Course_Images\TAP_Courses_PNG_FIles\Stock_and_Fixed_Asset_Management.png"
"Renamed","C:\Websites\learningmanagementsystem\Images\Course_Images\TAP_Courses_PNG_FIles\Stock Procurement in the Retail Industry.png","C:\Websites\learningmanagementsystem\Images\Course_Images\TAP_Courses_PNG_FIles\Stock_Procurement_in_the_Retail_Industry.png"
"Renamed","C:\Websites\learningmanagementsystem\Images\Course_Images\TAP_Courses_PNG_FIles\Stock Replenishment in a Retail Business.png","C:\Websites\learningmanagementsystem\Images\Course_Images\TAP_Courses_PNG_FIles\Stock_Replenishment_in_a_Retail_Business.png"
"Renamed","C:\Websites\learningmanagementsystem\Images\Course_Images\TAP_Courses_PNG_FIles\Strategic Financial Planning for Startups.png","C:\Websites\learningmanagementsystem\Images\Course_Images\TAP_Courses_PNG_FIles\Strategic_Financial_Planning_for_Startups.png"
"Renamed","C:\Websites\learningmanagementsystem\Images\Course_Images\TAP_Courses_PNG_FIles\Strategic Supply Chain Management Concepts.png","C:\Websites\learningmanagementsystem\Images\Course_Images\TAP_Courses_PNG_FIles\Strategic_Supply_Chain_Management_Concepts.png"
"Renamed","C:\Websites\learningmanagementsystem\Images\Course_Images\TAP_Courses_PNG_FIles\Strategies to Improve New Venture Performance.png","C:\Websites\learningmanagementsystem\Images\Course_Images\TAP_Courses_PNG_FIles\Strategies_to_Improve_New_Venture_Performance.png"
"Renamed","C:\Websites\learningmanagementsystem\Images\Course_Images\TAP_Courses_PNG_FIles\Stress Management.png","C:\Websites\learningmanagementsystem\Images\Course_Images\TAP_Courses_PNG_FIles\Stress_Management.png"
"Renamed","C:\Websites\learningmanagementsystem\Images\Course_Images\TAP_Courses_PNG_FIles\Supply Chain Negotiation Skills.png","C:\Websites\learningmanagementsystem\Images\Course_Images\TAP_Courses_PNG_FIles\Supply_Chain_Negotiation_Skills.png"
"Renamed","C:\Websites\learningmanagementsystem\Images\Course_Images\TAP_Courses_PNG_FIles\Support Quality Implementation in Projects.png","C:\Websites\learningmanagementsystem\Images\Course_Images\TAP_Courses_PNG_FIles\Support_Quality_Implementation_in_Projects.png"
"Renamed","C:\Websites\learningmanagementsystem\Images\Course_Images\TAP_Courses_PNG_FIles\Talent Management.png","C:\Websites\learningmanagementsystem\Images\Course_Images\TAP_Courses_PNG_FIles\Talent_Management.png"
"Renamed","C:\Websites\learningmanagementsystem\Images\Course_Images\TAP_Courses_PNG_FIles\Tender Procedures for a New Venture.png","C:\Websites\learningmanagementsystem\Images\Course_Images\TAP_Courses_PNG_FIles\Tender_Procedures_for_a_New_Venture.png"
"Renamed","C:\Websites\learningmanagementsystem\Images\Course_Images\TAP_Courses_PNG_FIles\Testing IT Systems Against Given Specifications.png","C:\Websites\learningmanagementsystem\Images\Course_Images\TAP_Courses_PNG_FIles\Testing_IT_Systems_Against_Given_Specifications.png"
"Renamed","C:\Websites\learningmanagementsystem\Images\Course_Images\TAP_Courses_PNG_FIles\The Key Issues Important for Compliance With Corporate Governance Principles and Social Responsibility.png","C:\Websites\learningmanagementsystem\Images\Course_Images\TAP_Courses_PNG_FIles\The_Key_Issues_Important_for_Compliance_With_Corporate_Governance_Principles_and_Social_Responsibility.png"
"Renamed","C:\Websites\learningmanagementsystem\Images\Course_Images\TAP_Courses_PNG_FIles\Time Management.png","C:\Websites\learningmanagementsystem\Images\Course_Images\TAP_Courses_PNG_FIles\Time_Management.png"
"Renamed","C:\Websites\learningmanagementsystem\Images\Course_Images\TAP_Courses_PNG_FIles\Tools and Techniques for Project Management.png","C:\Websites\learningmanagementsystem\Images\Course_Images\TAP_Courses_PNG_FIles\Tools_and_Techniques_for_Project_Management.png"
"Renamed","C:\Websites\learningmanagementsystem\Images\Course_Images\TAP_Courses_PNG_FIles\Train the Trainer.png","C:\Websites\learningmanagementsystem\Images\Course_Images\TAP_Courses_PNG_FIles\Train_the_Trainer.png"
"Renamed","C:\Websites\learningmanagementsystem\Images\Course_Images\TAP_Courses_PNG_FIles\Troubleshooting Single- and Multi-User OS Issues.png","C:\Websites\learningmanagementsystem\Images\Course_Images\TAP_Courses_PNG_FIles\Troubleshooting_Single-_and_Multi-User_OS_Issues.png"
"Renamed","C:\Websites\learningmanagementsystem\Images\Course_Images\TAP_Courses_PNG_FIles\Understanding Broad-Based Black Economic Empowerment.png","C:\Websites\learningmanagementsystem\Images\Course_Images\TAP_Courses_PNG_FIles\Understanding_Broad-Based_Black_Economic_Empowerment.png"
"Renamed","C:\Websites\learningmanagementsystem\Images\Course_Images\TAP_Courses_PNG_FIles\Understanding Computer Database Management Systems.png","C:\Websites\learningmanagementsystem\Images\Course_Images\TAP_Courses_PNG_FIles\Understanding_Computer_Database_Management_Systems.png"
"Renamed","C:\Websites\learningmanagementsystem\Images\Course_Images\TAP_Courses_PNG_FIles\Understanding Computer Network Architectures and Standards.png","C:\Websites\learningmanagementsystem\Images\Course_Images\TAP_Courses_PNG_FIles\Understanding_Computer_Network_Architectures_and_Standards.png"
"Renamed","C:\Websites\learningmanagementsystem\Images\Course_Images\TAP_Courses_PNG_FIles\Understanding Different Business Environments.png","C:\Websites\learningmanagementsystem\Images\Course_Images\TAP_Courses_PNG_FIles\Understanding_Different_Business_Environments.png"
"Renamed","C:\Websites\learningmanagementsystem\Images\Course_Images\TAP_Courses_PNG_FIles\Understanding Gender-Based Violence.png","C:\Websites\learningmanagementsystem\Images\Course_Images\TAP_Courses_PNG_FIles\Understanding_Gender-Based_Violence.png"
"Renamed","C:\Websites\learningmanagementsystem\Images\Course_Images\TAP_Courses_PNG_FIles\Understanding HIVAIDS in the Workplace.png","C:\Websites\learningmanagementsystem\Images\Course_Images\TAP_Courses_PNG_FIles\Understanding_HIVAIDS_in_the_Workplace.png"
"Renamed","C:\Websites\learningmanagementsystem\Images\Course_Images\TAP_Courses_PNG_FIles\Understanding Market Mechanisms in New Ventures.png","C:\Websites\learningmanagementsystem\Images\Course_Images\TAP_Courses_PNG_FIles\Understanding_Market_Mechanisms_in_New_Ventures.png"
"Renamed","C:\Websites\learningmanagementsystem\Images\Course_Images\TAP_Courses_PNG_FIles\Understanding Multi-User Operating Systems.png","C:\Websites\learningmanagementsystem\Images\Course_Images\TAP_Courses_PNG_FIles\Understanding_Multi-User_Operating_Systems.png"
"Renamed","C:\Websites\learningmanagementsystem\Images\Course_Images\TAP_Courses_PNG_FIles\Understanding Organisational Ethics.png","C:\Websites\learningmanagementsystem\Images\Course_Images\TAP_Courses_PNG_FIles\Understanding_Organisational_Ethics.png"
"Renamed","C:\Websites\learningmanagementsystem\Images\Course_Images\TAP_Courses_PNG_FIles\Understanding VAT (Value Added Tax).png","C:\Websites\learningmanagementsystem\Images\Course_Images\TAP_Courses_PNG_FIles\Understanding_VAT_(Value_Added_Tax).png"
"Renamed","C:\Websites\learningmanagementsystem\Images\Course_Images\TAP_Courses_PNG_FIles\Use Security Equipment.png","C:\Websites\learningmanagementsystem\Images\Course_Images\TAP_Courses_PNG_FIles\Use_Security_Equipment.png"
"Renamed","C:\Websites\learningmanagementsystem\Images\Course_Images\TAP_Courses_PNG_FIles\Using Information From Texts.png","C:\Websites\learningmanagementsystem\Images\Course_Images\TAP_Courses_PNG_FIles\Using_Information_From_Texts.png"
"Renamed","C:\Websites\learningmanagementsystem\Images\Course_Images\TAP_Courses_PNG_FIles\Using Statistics and Probability to Analyse and Communicate Life Problems.png","C:\Websites\learningmanagementsystem\Images\Course_Images\TAP_Courses_PNG_FIles\Using_Statistics_and_Probability_to_Analyse_and_Communicate_Life_Problems.png"
"Renamed","C:\Websites\learningmanagementsystem\Images\Course_Images\TAP_Courses_PNG_FIles\Verbal Reasoning Assessment.png","C:\Websites\learningmanagementsystem\Images\Course_Images\TAP_Courses_PNG_FIles\Verbal_Reasoning_Assessment.png"
"Renamed","C:\Websites\learningmanagementsystem\Images\Course_Images\TAP_Courses_PNG_FIles\WANs vs. LANs Understanding and Comparison.png","C:\Websites\learningmanagementsystem\Images\Course_Images\TAP_Courses_PNG_FIles\WANs_vs._LANs_Understanding_and_Comparison.png"
"Renamed","C:\Websites\learningmanagementsystem\Images\Course_Images\TAP_Courses_PNG_FIles\Work as a member of a Contact Centre Team.png","C:\Websites\learningmanagementsystem\Images\Course_Images\TAP_Courses_PNG_FIles\Work_as_a_member_of_a_Contact_Centre_Team.png"
"Renamed","C:\Websites\learningmanagementsystem\Images\Course_Images\TAP_Courses_PNG_FIles\Work as a Project Team Member.png","C:\Websites\learningmanagementsystem\Images\Course_Images\TAP_Courses_PNG_FIles\Work_as_a_Project_Team_Member.png"
"Renamed","C:\Websites\learningmanagementsystem\Images\Course_Images\TAP_Courses_PNG_FIles\Work Unit Estimation and Late Delivery Implications.png","C:\Websites\learningmanagementsystem\Images\Course_Images\TAP_Courses_PNG_FIles\Work_Unit_Estimation_and_Late_Delivery_Implications.png"
"Renamed","C:\Websites\learningmanagementsystem\Images\Course_Images\TAP_Courses_PNG_FIles\Work With a Range of Patterns and Functions and Solve Problems.png","C:\Websites\learningmanagementsystem\Images\Course_Images\TAP_Courses_PNG_FIles\Work_With_a_Range_of_Patterns_and_Functions_and_Solve_Problems.png"
"Renamed","C:\Websites\learningmanagementsystem\Images\Course_Images\TAP_Courses_PNG_FIles\Writepresent for a Defined Context.png","C:\Websites\learningmanagementsystem\Images\Course_Images\TAP_Courses_PNG_FIles\Writepresent_for_a_Defined_Context.png"
"Renamed","C:\Websites\learningmanagementsystem\Images\Course_Images\TAP_Courses_PNG_FIles\Writing for Various Communicative Contexts.png","C:\Websites\learningmanagementsystem\Images\Course_Images\TAP_Courses_PNG_FIles\Writing_for_Various_Communicative_Contexts.png"
