CourseName,CourseImage
Booking Systems,05ce508a-2923-4ad0-8259-2bd130606523.webp
Comprehensive Security Risk Training,8916d772-ad8c-47bc-bbfd-f903b7690eed.webp
Business Report Writing in Retail/Wholesale,c29b5c69-c519-4f8f-a771-f347e873468b.webp
Introduce New Staff to the Workplace,01c6f555-a6d0-4e96-b343-e108ff94b8dc.webp
Basic Business Principles,fff895e7-c545-4dc2-b200-daff26239386.webp
"Number Bases and Measurement Units, and an Awareness of Error in the Context of Relevant Calculations",f0cdef6f-bccb-4451-b921-56518839fec1.webp
Exploring Shape and Motion in 2D and 3D Spaces,c8b362f4-2892-4385-99ab-f67ddd481a4f.webp
Solving Problems with Data and Probability,ea2077e2-1d07-4978-8283-be03e034932c.webp
Analysing Shape and Motion in 2D and 3D Space,425c370b-496d-454c-85d1-aed048a4a291.webp
Using Statistics and Probability to Analyse and Communicate Life Problems,b8602932-a1b2-480f-9cf4-b886df8fd4a2.webp
Branding,678950f4-696e-436f-98b7-c2f5af4a6ee4.webp
Exploring Physical Quantities and Geometrical Relationships,7a2479bf-34a3-4372-9e3f-1a9d703a6259.webp
Conducting Organisational Needs Analysis,4898f666-0f01-4848-bf43-49a52b1f847b.webp
Communication Skills,d6f0260b-aea7-473b-860d-1fb93097b0af.webp
Recruitment,dd629c91-2b04-47ac-ae81-21a340aafb56.webp
Business Writing Level 4,0bb523f8-3a99-4097-b7ed-b596c578a136.webp
Apply Concepts and Principles of Business Ethics in the Professional Environment,5bbf72ac-2518-4f91-ac0c-b53d656ea3ea.webp
Designing Information Systems,809f2f73-6002-4526-a11a-c719f9a6a58c.webp
Implementing and Maintaining Information Systems,f73601c2-b134-49d3-90d3-b491028427ed.webp
Develop Understanding Within an Organisation About the Risks Associated With Its Functioning and Contexts,eaa1821f-f260-4190-be89-29aeb9541010.webp
Data Checking Assessment,f0e77bab-95e3-4f09-8171-b2fae3d848a6.webp
Understanding HIV/AIDS in the Workplace,14bc2a89-267f-4c74-9cba-abd105bce897.webp
Basic Excel Assessment,ce93d37c-2df4-4255-83dc-010e862bc4a7.webp
Basic Microsoft Excel,a0a3800a-4a6b-499b-93dc-6ff3e4273649.webp
Microsoft Outlook,2e11f780-d6d7-4273-b2b6-3ea39599b56e.webp
Professional Conduct and Ethics in the Workplace,04f719ef-c99a-4831-ba91-d6f85d7c55b3.webp
Maintenance of Office Equipment,9a955d45-1f0e-4448-8bf5-805976a38ef9.webp
Managing an Information System in a Business,3517d49f-bfc5-41bf-9f1d-75396cd1cf63.webp
Manage Diversity to Add Value in the Workplace,37b083d4-cf30-4154-8cda-19b318189d0c.webp
Managing Workplace Conflicts,523b49f2-e260-429b-90cd-41e25a1704dd.webp
Plan and Prepare Meeting Communications,ac25dad1-e90c-4dbb-ba8e-deeba6bf5b06.webp
Basic Office Research,3e60b0df-a937-4cea-90f3-259d51df30cd.webp
Administrative Procedure Development,73d5df26-0e08-4f08-a347-d7f8c82fbdf3.webp
Managing Office Supplies,6cf87452-cfd8-4d9c-a30f-aef970ae648b.webp
Analysing Media Impact on Business Sectors,aaafae8a-06eb-4ce9-bcea-91bcd5d65d0f.webp
Administrative Record Management,3e9ebc34-ef37-4573-ad11-2a5cd4440787.webp
Stock and Fixed Asset Management,b64875bb-8d22-47d8-968a-49246abc57c7.webp
Understanding Different Business Environments,e5cefa1d-79fd-4ebd-a73a-14d04f9768b0.webp
Empowering Team Members,96271d76-a18a-4588-bc1d-5b066e64b2fe.webp
Effective Time Management,19e46b03-b7c0-4376-ac5f-af6c4b503da8.webp
Managing of Service Providers,8725cbf0-55d7-4098-8d99-be37ab38a8c9.webp
Local Area Network (LAN) Management Issues,637e9889-52a9-4c64-8341-573e1cbcfc69.webp
Setting Up Multi-User Network Operating Systems,640ec1c2-32a0-4fca-a130-6991223cea54.webp
Create Database Access with SQL,855d153b-7cc8-4a74-806e-514c35f6cc5d.webp
Understanding Computer Database Management Systems,37d1c97c-12ca-4156-a98f-0e55f7809dd8.webp
Business Principles and Information Technology.,6f571d31-4238-4baf-93ae-5040c40c693a.webp
Conducting a Technical Meeting,3b10c815-4702-4926-a612-db249f1e49d6.webp
IT Support & Customer Care,68c27377-6f21-476e-bf49-970b97ba5a9b.webp
Multi-User Operating System Management,007947f6-f4ff-4037-a807-1089633c31bb.webp
Local Area Network Administration,5266a42a-5570-434b-9d66-abf4bc3845e3.webp
Effective Performance in a Business,717e4d39-968a-49c2-a724-59f033c12c27.webp
Computer Industry Ethics in South Africa,f99fc2a2-cfc4-42d0-8543-fb3500e547a1.webp
IT Support and Enterprise Systems Management,620bb8b2-6b71-4f3c-9722-3f1220418ccb.webp
Understanding Multi-User Operating Systems,30565808-d9f9-4964-8331-a19fddbf4e78.webp
Work Unit Estimation and Late Delivery Implications,ce05ad34-391f-4a1c-b098-d8ecab766351.webp
Installing a Networked Workstation,34d97b48-fee9-45fc-b066-211b15df20a1.webp
WANs vs. LANs: Understanding and Comparison,ee9c5f0c-bde6-46a0-b946-225e8e74281a.webp
Testing IT Systems Against Given Specifications,3a8848ed-9f94-4993-b0e1-72a61d894477.webp
Multi-User Computer System Security Administration,cf924c16-ae0b-4a08-b084-1154c70a70ed.webp
LAN Installation and Commissioning,11644d8a-d6bd-44e3-a1f1-4f5d23ab60be.webp
Understanding Computer Network Architectures and Standards,cd196c45-5a9d-46af-aa63-586033bad8f0.webp
Office Local Area Network (LAN) Design,34af088f-3935-4961-a8a7-e9a4993e8e24.webp
Research Using Computer Technology,984cfe5f-befb-4e36-9318-ee7a12b16c45.webp
Present Information in Report Format,088097f1-50bc-4b8b-ae79-cadcda5713e3.webp
Troubleshooting Single- and Multi-User OS Issues,d7fb22b1-fb83-48e5-a3f1-b823f157c539.webp
Logical Problem Solving and Error Detection,ac416fd2-b522-479b-9111-9cb59de13e89.webp
Interpreting Financial Reports,3abc11a3-52de-49b5-98d8-2eb9c8506f15.webp
Using Information From Texts,13a8cc99-520a-44da-83b9-7cbcdc23743f.webp
Fraud Management in the Office,b70c9e13-7750-44c9-ad43-83170b988524.webp
Communication in Diverse Contexts,b0f25b48-5712-45a2-bd07-d533700b2785.webp
Oral Communication and Text Evaluation,0a24d1a4-7b8e-42fe-986c-b151dc94e333.webp
Writing for Various Communicative Contexts,59e0cbdf-ba5c-46d3-93ab-073f46295f16.webp
Project Management Fundamentals,ff48d9fd-3e73-4a20-9caf-f3a213858aa4.webp
Interpreting Literary Texts,2f2db6f2-9e40-4cee-a7df-98eaa590a3b3.webp
"Reading, Analysing, and Responding to Texts",e899b814-c767-4caf-a5b3-dda88f6e3957.webp
Leadership Theories,f6eedc83-fc20-47c9-b7c7-04a3b8b48b41.webp
Participate in the Estimation and Preparation of Cost Budget for a Project or Sub-project and Monitor and Control Actual Cost Against Budget,59e6f72e-332e-4ee3-a75c-a91854eecb0b.webp
Project Budget Preparation and Management,3b7d782b-7f06-49dc-b626-a0d0b92b5d84.webp
Managing Project Documentation,3f274946-6f7e-4f49-9e86-a9c4ac4534fe.webp
Work as a Project Team Member,4c263187-840d-4048-927c-e837f75ba5f0.webp
Implementing Project Administration Processes,1aba41a5-e829-455e-838c-a0790e5d6731.webp
Manage Project Meetings and Workshops,3af4585d-fc01-488f-adfb-a26dfc78f91f.webp
Contributing to Project Initiation and Scope Definition,6a7eedae-2d57-4ac5-8f6a-48b2e1e3aec3.webp
Contributing to Project Risk Management,7c1902fc-11de-4e33-8620-f4fbea967dcc.webp
A Simple Schedule for Project Efficiency,8dcbf6d3-7b3c-4d35-88a4-88319881361d.webp
Tools and Techniques for Project Management,5caa966d-ee39-4cea-af3f-79e4d2da1d96.webp
Oversee and Share Project Timelines,d9f7de8d-f9e4-40dc-a13d-25db3f1da095.webp
Control Expenses Within a Budget,bbdd8deb-4109-4d5d-8a49-f7090eebaf32.webp
Set Priorities for Team and Personal Tasks,c439c887-5693-460c-b6e5-2ccbffd6213f.webp
Support Quality Implementation in Projects,9b266902-75ac-490a-a894-2311402d4928.webp
Introducing a New Team Member,d861a543-bdf8-4783-b1f9-3958e08fe214.webp
Define Core and Secondary Functions of an Organisation,b91a8c73-d9ca-4316-868a-73a521aeb091.webp
Applying an Organisation's Code of Conduct,1ef846cf-5f7e-46ef-8642-a7ef40878364.webp
Maintaining Team Records,deaeac6a-fab2-4d00-93c8-47c086ae166e.webp
Conduct a Meeting,77e0bb65-ac83-43c3-9a3e-7a58773b5da4.webp
Cultural Awareness,6ed3fe16-777b-48dd-ad79-55bf41d823af.webp
Incorporate Batho Pele Principles in Your Work Role,24ac93be-815a-4304-bf28-e39247e8ba4c.webp
Developing Innovative Work Environments,9533fb7a-b086-4009-b6ce-2f98c87edafa.webp
Change Management,0e60bafb-4a7e-4b5c-b108-b9f746996866.webp
"Advise, Train, and Contract Service Providers",93647e3d-0e36-4833-ac7d-79006d74b8df.webp
"Develop, Implement and Evaluate a Project Plan",fa16e94a-1c37-43c0-9561-c634869822b2.webp
"Monitor, Assess and Manage Risk",63a53288-3bd5-4f0d-9372-29782500204d.webp
Devise and Apply Strategies to Establish and Maintain Workplace Relations,77902a37-cad5-4a4b-91f1-5097dd71f3cf.webp
Reception Management Skills,5518a7c3-19dd-4cdc-b4f9-b1cc9afcc856.webp
"Financial Aspects of Personal, Business and National Issues",0627dce1-c52b-48f1-9bf8-4a988aebf148.webp
Financial Mathematics & Analysis,c637d492-b53a-462a-88a3-fa6374ad911e.webp
Everyday Business Functions,d53b09af-9838-4bac-a0e6-7c1c38cfb156.webp
Business Communication,a580be5b-bc36-4eba-8bca-0f683039ce2f.webp
Audience and Context Needs In Oral Communication,ed328c02-fc93-47b2-82f1-38bd1166bd66.webp
Talent Management,5a37b7fc-9601-4d7a-b886-41abd2803911.webp
Emotional intelligence,eeeb6b6e-0454-455e-bf4e-77417a63d506.webp
Emotional Intelligence,32a2683a-94c6-43b9-87ea-f3058bdea122.webp
Operational Planning,ecde21ce-c78e-4a49-a71d-13beb0baae89.webp
Performance Standards and Review Processes,a9295b4b-5ea0-4434-aaf8-98ac837ce6c9.webp
Coaching for Business Managers,3b3b1e01-7436-445b-b8ac-bfcb909e6ac2.webp
Building High-Performance Teams,730d8c40-14e2-482a-bcaa-8a062f71d68f.webp
Mathematical Analysis in Economics and Finance,519a31dd-6a01-47f1-84fc-e4058614a356.webp
Finance For Non Financial Managers,5aed7442-48b7-46e2-8fbb-34d71876ca2b.webp
Promote a Learning Culture,2e9dc9e6-71c5-4cea-a25e-2d4648634ba7.webp
Supply Chain Negotiation Skills,4ed2b60a-6c1c-4602-9f80-4104cf74cd96.webp
Business Ethics,0560082a-66fe-4da2-a627-17d5c5eb75b8.webp
Implementation Options for Information Technology (IT),fb21cd1b-6141-44d6-a58c-f4a6c1571093.webp
Manage and Communicate Requirements,f26e5221-9a23-467c-9730-2873a9010d1c.webp
Perform Requirements Analysis,50946ee1-9ff1-457f-92a4-f8dbd9a11273.webp
Knowledge Management,fbc4d22c-a243-4366-8aec-b7b028c0a799.webp
Understanding Organisational Ethics,6a255c22-99f3-427d-821f-3309cc98e137.webp
Perform Basic Business Calculations,c7b71cc3-aae9-4bc8-a8dd-badf6e886a01.webp
Manage and Supervise Business Analysis,d9da46d2-67c4-4b02-b494-ab74778cf8ec.webp
IT Solutions Assessment,3f027f6f-da4c-4404-9be6-c77066442438.webp
Ethical Conduct in the Workplace,786d8999-9260-4a24-89a2-06c56c93df10.webp
Leadership in Supply Chain Management,29bf8a21-bf1c-41de-a9a2-a69a13222446.webp
Language and Communication in Occupational Learning,8f7aea1f-04ff-40af-a180-661180786093.webp
Analyse and Apply Management Practices Within the Supply Chain,b00bb150-f856-4573-aa0a-98e15f6f6c31.webp
Cultivating Productive Supply Chain Culture,85cdb7fd-9184-4b61-9ab9-f70e1cb0fde9.webp
Fundamentals of International Trade,29b16684-eab6-4226-8c82-fbb37aa1d331.webp
Building Competitive Supply Chain Networks,eb128100-ce39-4172-ac5f-a073e13d850a.webp
The Key Issues Important for Compliance With Corporate Governance Principles and Social Responsibility,99d3d40b-886a-4e68-9b9b-ec9c1eb7c53a.webp
Process Facilitation in Supply Chain Information Integration,05b98bca-2455-4a81-9f3a-b09f5915209d.webp
Optimising Supply Chain Information,d22c858c-f3cb-49b1-a1e4-0db413bc83dc.webp
Optimising Supply Chain Performance,ee145f7f-0579-462f-8bc4-fbb51f6194d7.webp
Customer Service for Professionals,e81c2455-2084-43e5-a437-6debca4224fe.webp
Developing Strategies for Operational Supply Optimisation,9f23e93d-5b16-4fd9-aa75-acb31c9e314a.webp
Philosophy of Supply Chain Management,f6c0288d-d2a2-45c2-bb37-c3cbf7c42a12.webp
Choosing Suppliers: Selection and Evaluation,8fbabc7c-4a7d-4fcd-a9e7-8d1f4e322ff8.webp
Managing Supply Chain Relationships,69c42216-785d-4d53-81b1-90b6aeb8a823.webp
Introduction to Computers,17788977-340d-4da5-8642-a2f8220cd190.webp
Understanding VAT (Value Added Tax),ecab8c9e-ab07-412c-be66-e41d089a0c0f.webp
Fire Fighting,49a3f446-f7b9-469b-9199-bedc311a0eec.webp
First Aid,d5c1b86d-959b-46df-b852-1b13c57bfad2.webp
Occupational Health and Safety,ad63fbdc-f7f5-469c-bacf-7717d99540d2.webp
Interviewing Skills for Employers,c5ee008e-c524-4afa-bbc3-8c3d69d6994e.webp
Moderator,4f7815d2-a81b-4114-a816-70931b68902a.webp
Basic Microsoft Word,ce23e5c3-0233-448e-8dcf-d279c5dc2553.webp
Financial Modeling,3930468f-38ed-4c30-b9b0-1274d7854476.webp
Contract Administration in a New Business,4d8b4077-e4ed-47e7-bd4a-224134aa8b67.webp
Professional Interaction Techniques,44667eb1-aba2-49c6-95e9-8615eaedb8d1.webp
Administrative Skills for Meeting and Event Coordination,cd59d8ba-91c5-4532-aedc-12bc30f77838.webp
Financial Planning for New Ventures,aad4c849-9aec-4a34-9f51-72091139a3ab.webp
Processing Transactions: Petty Cash and Banking,5924a917-889e-4740-a4fd-90985d14fc28.webp
Produce a Business Plan for a New Venture,e5c0ab4f-a535-4f21-b957-0ad9b9868b37.webp
Tender Procedures for a New Venture,d47dcb71-05d1-48e5-9538-329913d5e38f.webp
The Composition of a Selected New Venture’s Industry/Sector and Its Procurement Systems,e5c9e76c-28a5-435d-9e2e-21d8b5bb3250.webp
Finance a New Venture,50eac245-43cd-4aa3-bbaa-57081fcfb45c.webp
Implement and Manage Human Resource and Labour Relations Policies and Acts,59e5e1c3-6ed3-4e3d-9086-896ec4ae0655.webp
Strategic Financial Planning for Startups,9918a60d-8936-4254-aab1-1a310ceec2a4.webp
Manage General Administration,fa116966-fa37-43cf-8ff0-08cfae904aa4.webp
Negotiation Skills in Business,2a043447-eac3-4936-9fc5-242c318f47a3.webp
Plan and Manage Production/Operations in a New Venture,45c4aef6-319a-491d-8c43-54cb1a13b7cd.webp
Strategies to Improve New Venture Performance,2fd72829-522d-4b87-8975-7cbe43053f09.webp
Research the Viability of New Venture Ideas/Opportunities,1e6315d3-1a79-45eb-9e96-bfd6e3af49ca.webp
Motivational Theories and Principles in Leadership,2e292489-789c-4175-9b6d-24cda5c1f53a.webp
Entrepreneurial Characteristics,6b4569a2-6dbc-48d5-b6a1-b94c46f19360.webp
Communicate in an Assertive Manner With Clients and Fellow Workers,2c1e0c70-c76a-4938-9297-26bace01a1d8.webp
Identify and Respond to Customer Needs in a Contact Centre,bb1752d7-fda7-4c16-8a20-9a6cdab6a269.webp
Computer Skills for Contact Centre Staff,55940b9b-27d2-4eec-8f65-0dc5c668c16e.webp
Collect and record information queries and requests from customers,a894e68d-3729-4b2b-809a-0fbe51de8042.webp
Managing Customer Complaints in a Contact Centre,a50c4064-670c-4398-b0c5-cde256aa3b80.webp
Provide Information to Customers in a Contact Centre,c6da2bc3-7d28-4a1d-a4ed-e624a05b731c.webp
Standard Insurance Cover in Terms of SASRIA,5be2501f-e249-43ee-b3f3-9e18acd31cb1.webp
Exhibitor and Visitor Engagement Management,c482b619-f4b3-49f1-b9db-ddd5e2451300.webp
Stock Replenishment in a Retail Business,bf77a913-d88a-4be0-b8ac-40a84f4631e7.webp
Identifying Business Opportunities,00e31b2a-725e-4a2c-9a62-0c8189a357d2.webp
Apply the Skills of Customer Care,ecd025b7-2a38-4f28-890c-6561c6abe35a.webp
Manage Business Operations,2cb0a14a-0df9-4e94-8bd4-dab4142922d8.webp
New Venture Marketing Strategies,c28e7392-dc72-4214-8f25-1b6f189ca9e8.webp
Match New Venture Opportunity to Market Needs,4fcf1baf-6413-46c4-91ee-5770a5a5d3cf.webp
Business Planning for New Ventures,2b5bb719-ed9d-48ee-8962-55b6b66f9a5d.webp
Understanding Market Mechanisms in New Ventures,dfe881c5-407d-47e6-8c55-108af9b1e6b7.webp
Build Customer Relations in an Operational Unit,2b8a4304-46d5-4374-bc75-fc515025bd10.webp
Conduct Sales and Support Services,efbe4f00-3570-4a1b-8614-0315ebc9a1e7.webp
Stock Procurement in the Retail Industry,2d15b2e0-b333-4765-81eb-ba316947e845.webp
Advise Customers to Optimise Choice and Benefits,e85336de-b738-46c3-94a4-be8ca14d71d9.webp
Identify Customers and Generate Selling Opportunities,245af8ab-966b-4254-b8e3-0d36aa9f4679.webp
Reviewing Your Retail Sales Performance,b837dc53-add6-4a3c-addf-58ab8ceef569.webp
Selling to Corporate Fleet Owners,d349803b-ed20-454a-9443-3720b051b837.webp
Mastering Cv Construction and Interview Skills,00b27682-b172-4891-b2e4-aae30df20225.webp
Personal Development,3fa7ca3b-9100-417b-b71f-6331d4076e33.webp
Time Management,2c84e5e9-7d84-4b37-8aa9-c25c316f87e6.webp
Stress Management,c62a755c-1d9d-46f9-b423-8f6f22b5dffb.webp
Fair and Effective Disciplinary Procedures,f5393ceb-e9bc-43e8-b777-4449db7c2c74.webp
Mastering Disciplinary Hearings: A Comprehensive Guide,2ca99dfe-d2fc-42ed-8fc6-90fc2ff172fe.webp
Advanced Microsoft PowerPoint,a94f1720-fca2-4165-94e7-76397800884f.webp
Basic Microsoft PowerPoint,db8f3af7-718a-4b61-96dd-8c31d7ad57e6.webp
Google Sheets and Forms,6acd7d23-a313-4794-835d-b3b20dc33c66.webp
Intermediate Microsoft Excel,e4068f13-5e3b-4cb1-8300-79e928599f65.webp
Intermediate Microsoft Word,40937e46-44f3-4002-87c2-b3985d7fe6ae.webp
Advanced Microsoft Excel,653dce5f-4b69-4803-8250-7ddbba7ee451.webp
Advanced Microsoft Word,8c7d1801-99ad-4db5-9830-3c5521315164.webp
Microsoft Visual Basic for Excel,141e37d8-5db2-4f5f-9b4e-91068a36a7e4.webp
Sexual Harassment,19556f1f-7ee5-440f-8f5c-79441d4a44a0.webp
Train the Trainer,53c5506e-dd97-4b36-bfac-69b6acfd3391.webp
Motor Vehicle Learner's License - K53,64e2df02-7ba0-4c72-a387-8d515c11be0d.webp
Motorcycle Learner's License - K53,111bb555-6717-4ec5-aa5e-d610865d4e96.webp
Assessor (Conduct Outcome-based Assessments),9a9ec00b-d052-470d-a640-ad519340bf93.webp
How to Deal With Depression,f92d5041-c19d-4566-a1cd-0513090073aa.webp
How to Take Care of a Baby,ab045635-f5bf-4fd5-ad87-8bb222102358.webp
Manage Personal Finances,cd859e01-97dc-499e-b7c7-5a9ed36d38b4.webp
Understanding Broad-Based Black Economic Empowerment,0aa7e8c9-6e7f-40cb-9859-b08a3477a8b9.webp
Customer Satisfaction,f197aa2d-4e00-4ce8-bc0b-c370b7834938.webp
Negotiation Skills,88305a43-075a-4395-b355-5304834d1cf3.webp
Public Speaking,d6663ab7-a893-40b6-ad56-1cd313de2242.webp
Financial Management Essentials for Entrepreneurs,e7879340-f952-45ed-b27b-8ecb270b339c.webp
Effective Sales: A Masterclass,a52d3718-eaba-4492-b9a2-d30e195537e7.webp
Basics of Drafting a Contract,71309af7-5f05-4a3a-a4ff-9cd38c7da5df.webp
Breast Cancer,cf21744e-0742-4ad5-8b97-12a5a49f72ca.webp
Protection of Personal Information Act,28236acb-5187-4e98-be22-c29bc6f1396f.webp
Foundations of English: Building Blocks for Effective Communication,dc11c539-9b53-4040-b48e-463125a732e0.webp
Numerical Reasoning Assessment,356d408d-6795-4620-83e9-7df65f7b2ebe.webp
Situational Judgement Assessment,73acb15f-31d0-4394-9ce9-d1b64780dcb5.webp
Language Proficiency Test (English),2f7f292c-60c9-4bab-a4a6-b1ee9ad304e7.webp
Interview Skills Assessment,44ff4e14-551b-4965-b910-f804d82a3516.webp
Basic Computer Skills Assessment,45a2ee3a-009c-4778-82e9-b0ca76d89ba5.webp
Intermediate Excel Assessment,86f1163e-c22e-452d-83e0-c76ff41f7f07.webp
Advanced Excel Assessment,e52b8ab4-8b2f-4e6f-8a5e-1f9bfd43b1b9.webp
Verbal Reasoning Assessment,15446693-d6de-48cd-9384-5ac812b8b91c.png
Critical Thinking and Problem Resolution,c15e3af4-e031-4861-bca9-fc3f55e1aa4b.webp
Apply Out-bound Contact Centre Operations Within a Commercial Environment,cb2a4d3c-b027-490f-87cd-146e7d4a74b9.webp
Strategic Supply Chain Management Concepts,029e917a-d7fd-4359-9cc4-218f20c431f8.webp
Financial Intelligence Centre Act (FICA),aafca05d-1e30-4ee7-a272-86a126be7673.webp
Introduction to Labour Law and the Basic Conditions of Employment Act,ea3efa6b-4130-4987-975d-252a8dccf537.webp
Skills Development Coordination Practices (SDF),b5945cc1-a2e5-4fbf-99e4-c4e593232ae9.webp
Basic Supervisory Skills - Supervising Project Teams,ced16492-3483-430c-a549-1c538fa13b7e.webp
Understanding Gender-Based Violence,69e5fb56-e21f-41be-b412-55a3fbc105c8.webp
How to Start Your First Business,dbeaaa59-39a8-47ca-90f2-a03db01a7cc7.webp
Demonstrate an understanding of Wide Area Computer Networks (WANs) comparing them with Local Area Networks,e5e5f871-41ab-46d8-8a6d-bb0c896970fc.webp
Demonstrate logical problem solving and error detection techniques,461a353d-aed0-42cb-a185-e3b9ecd81e4c.webp
Corporate Governance and Social Responsibility,b97b2ced-522f-444b-91b1-f9d8ac6b974d.webp
Employment Relations,1f32648a-deba-4d3f-8308-9860cd302334.webp
Apply the principles and concepts of emotional intelligence to the management of self and others,cb5bd830-ce68-4948-8065-7ef7d9c3939f.webp
Lead people development and talent management,9726f1e0-8e94-421d-a777-3a8133168f33.webp
Use Security Equipment,bc61a1f9-a4a8-4168-9ee1-b1ba6006b345.webp
Give Evidence In Court,6646e7f7-5eac-4381-9a22-3061d079c6f6.webp
Perform Hand Over and Take Over Responsibilities,a1b85466-4cac-4c2e-b995-e85af0b00abd.webp
Debt Collection,330f334a-21f9-4e8f-9883-2058b8fc22ee.webp
Office Etiquette,c0578106-2d63-42dd-a24a-9975d512a078.webp
Business & Personal Financial Analysis,bd82eaff-6825-46c4-b426-d8ce11eeec9b.webp
Effective Communication Techniques,fcfc99c8-c2b4-438a-8ec9-23d5324658e1.webp
Communicate With Customers in a Contact Centre and BPO,4e0b5d15-4cfc-4f91-afd8-d0b28537b9c4.webp
Demonstrate an Understanding of Contact Centre and BPO Working Practices,9d71c3ab-ebec-4a20-9942-b13f34070a56.webp
Statistics and Probability to Influence the Use of Data and Procedures,ebf4f4d3-67cd-4515-8c78-827f7a269885.webp
Rational and Irrational Numbers and Number Systems,ead1cb80-f293-48e2-a1d3-d00717619d65.webp
Work as a member of a Contact Centre Team,319ccf0f-0a8b-4562-bb4b-9a9628c823ca.webp
Work With a Range of Patterns and Functions and Solve Problems,9990ab01-e15e-4e17-b002-c3c7ff8b8506.webp
Apply In-bound Contact Centre Operations Within a Commercial Environment,89be591f-78db-4d1a-854f-24ca25fb5a33.webp
Contribute to a Diverse Working Environment in a Contact Centre,c541a4a2-0bdd-42a1-b32b-826d61b6f96f.webp
Gather and Provide Relevant Information to Contribute to Contact Centre Problem Solving,23e34ded-6a73-4cc7-b9c5-0410fa039344.webp
Instil in Myself a Personal Contact Centre Culture,f2d1c3c9-aea3-4533-bf64-9cb04189e57d.webp
Write/present for a Defined Context,f9e6a106-797c-4fee-b9c3-0e095d91e85d.webp
Access and Use Information From Texts,6a168bfb-0a91-46f6-8636-e1c7d3e4107f.webp
Maintain and Adapt Oral/signed Communication,23c26157-ab98-41b3-9028-8c94aab8af96.webp
God Creates Adam & Eve,915f54a5-6cfd-45b3-88ff-a40ee177eca9.webp
God Gives Adam & Eve a Choice,c29641c4-f368-4dc6-8f7e-06d3fee283b3.webp
God tells Noah to build an ark,43f7364c-76c8-4437-9d89-ae7891c461c2.webp
God promises a son to Abraham,97ba2d64-53cd-4b1c-9da7-1bc5183bc0e8.webp
God Sends Miriam to Protect Moses,b4107aed-a0d6-4863-8517-ba7a46321741.webp
God Rescues the Israelites,685c7e69-b9a8-480e-aac9-78692bdb5814.webp
God Gives Moses the 10 Commandments,03bf5ed2-7288-48ef-ba5d-c63626c20dd5.webp
Aaron Makes a Golden Calf,468fc0e8-005c-4976-92f6-4749a627c6c3.webp
God Helps Abigail Make Peace,79cad9ce-8437-4fb0-84fa-af20425220a8.webp
Samuel - God Gives Solomon Wisdom,317e5c2d-99ab-4c32-a20b-be4dc1fa8d1f.webp
God Proves to Elijah That He is Real,05b77312-faa8-49b6-adbf-cb454d1d5d82.webp
Meet Performance Standards Within a Contact Centre,67545e41-11e8-46bc-a26e-13d8e77cb78d.webp
God Sends Nehemiah to Rebuild the Wall Around,a74da082-7f7b-4258-a8b4-5c42e2c5070c.webp
Process Incoming and Outgoing Telephone Calls,230d2cce-e48b-493e-8391-54e2c78ae6ba.webp
God's Plan for Job,7b57d31a-55fd-44a0-8b81-ecc1f429f3ab.webp
Manage in-bound and/or Out-bound Calls in a Contact Centre,b3a57068-14b0-48a5-ab67-05fde834413a.webp
Jeremiah - God Chooses Jeremiah,927ff459-9fc2-45b8-8fe5-737d3a0cc0f4.webp
"Daniel - God Saves Shadrach, Meshach, and Abednego",fea91947-8efe-4674-bcf0-8151a717c560.webp
Process Data Using Information Technology,d28a4448-5edf-4e08-a3b9-0d3f83505d56.webp
"Interpret Classification Systems in Order to Organise, Retrieve and Dispose of Records",2dffbe37-0fdc-4b92-9574-d1df298b8ac4.webp
Use Time Management Techniques to Manage Time in a Financial Services Environment,f7471b8c-8128-4e5a-9ba9-49e06dd736ce.webp
God Saves Daniel,903ad95d-7767-4a70-96ab-7e723851f76a.webp
Jonah - God Gives Jonah a Second Chance,0ef4d7bd-9e42-4fa6-a359-3e797705cf53.webp
God tells Joseph to go to Egypt,dd599355-606c-4f65-bcde-6757f10d058c.webp
Identify Causes of Stress and Techniques to Manage It in the Workplace,57305f86-1b2b-4cf2-a98c-159bbfa9bced.webp
Explain Basic Health and Safety Principles in and Around the Workplace,0228c5ce-a362-4620-8d75-bf1a1cf359a1.webp
"John - Jesus is Coming, and John Prepares",cf8a790b-b9e8-458b-9ae0-74ce184f8eb5.webp
Financial Advisory and Intermediary Services Act 2002 (FAIS) (Act 37 of 2002),0618b510-eacf-4cef-99fa-8f2ae0911091.webp
John - Jesus Answers Nicodemus' Tough Questions,acfcb3fd-536d-47da-a0bd-d5dc5d2573f9.webp
Demonstrate Knowledge and Application of Ethical Conduct in a Business Environment,374b80e0-c497-46be-b813-24609ac43b05.webp
Matthew - Jesus Sends Out Twelve Disciples,8b976178-de50-42e5-8880-0aa1675ade5f.webp
Matthew - Jesus Answers a Rich Man’s Questions,ed11517f-073d-4ff4-bdee-9a5ca808b2dd.webp
Matthew - Jesus talks to the Pharisees,1791a6c6-4a1a-4c5b-baf7-2f7cd365f218.webp
Make Appointments and Control Flow of Customer Vehicles,c05490e2-c551-4d76-92d3-997b99bd2487.webp
Matthew - a woman anoints Jesus in worships,2dd91f29-104c-496b-9bf7-78837727a87a.webp
Demonstrate Automotive Vehicle Product Knowledge,832c4cb7-e320-45a7-aadf-74585f28db26.webp
"Merchandise and display products, services and related goods",8d79d133-9a9f-47aa-ba10-75a25f5e39dc.webp
Maintain Stock in the Automotive Sales Retail Industry,df747050-4541-4eb1-84fd-95c3a8c91579.webp
Processing of Automotive Orders and Payments,d254c667-5af6-4499-b01b-cd68ecfd4d8e.webp
Prepare and Deliver a Purchased Vehicle to a Customer,4d023f8f-8881-4dfb-a425-c7f13223702a.webp
Specify Heavy Vehicles Options and Add-on Products,bccf9f9a-d2c4-4266-b1f2-64d2b10e6024.webp
Hand Over a Serviced Vehicle,a41de57e-6665-4540-81d1-e969770a9867.webp
Describe the Interaction With Internal Departments and External Sales Support Structures,7b6a8ff0-1f17-4d5b-86f6-93f06a8fcda6.webp
God Helps Stephen Forgive His Enemies,9e524a2b-bc46-4e53-8326-a201d0465ff9.webp
Acts - God Sends Philip to an Ethiopian,a4950fc0-fa8c-4c7b-b546-103dca3b9439.webp
Appraise and Valuate Used Vehicles,edceba13-8ece-42e6-ad94-674f2e5c9942.webp
Process Vehicle Service or Repair Requests,41345b27-2a82-4d62-a0cc-de16ca2400d0.webp
Communicate Verbally and Non-verbally in the Workplace,ab90acf9-676c-4c30-b40a-e49f3b22c6d4.webp
Factors That Impact on the Bottom Line of a Wholesale and Retail Unit,b2cec5e4-27f0-4c9e-b887-877d7ebe7e83.webp
Sell Products to Customers in a Wholesale and Retail Outlet,0a014dfe-e267-4902-bb06-2252ba92831c.webp
God gives Caleb courage,b7a56336-a655-460d-9523-6b671952543b.webp
God Makes Balaam's Donkey Talk,a78ab19f-6e2c-42e4-a561-6fc20557503f.webp
Christmas - Jesus is Born,aad3e205-fa77-484c-9e4d-1dc80daed2fe.webp
Easter Jesus Dies and Then Comes Back,846c7b4b-5ba9-4ae2-a7af-c8ca52b4bff5.webp
Judges God sends Deborah to help Barak,c863ff4e-18f7-41cd-8dd2-fc26536c347f.webp
Judges - God wins Gideons Battle,577d802c-d00d-43e9-8ec6-ecc2c05feb34.webp
Ruth - God Gives Ruth and Naomi a Good Friends,9400ba2a-27a2-4c79-95a9-5e58ebb19d7a.webp
Samuel - God Hears Hannah's Prayer for a Son,489064aa-a55c-41ca-97bd-55769dc538b4.webp
Samuel - God Shows Samuel Who Will Be King,bc115c5c-7c8b-42b2-97c8-53bbd635e264.webp
God Helps David Defeat Goliath,3243223d-27d8-429b-9666-0b2a3e326f77.webp
God Uses Timothy’s Gifts,4bd14e65-c3fc-4c05-851e-8a5d4404017e.webp
Acts - God Helps Silas and Paul Escape from Prison,c03fe3af-784c-4e03-95d6-54c220c1d992.webp
Gevorderde Toerusting vir Ouderlinge (GTO),96dd36c4-2db5-4ca0-8370-6630fc9a8953.webp
Customer Data Collection and Recording,bfd73769-97c7-4359-8f68-d568269e6f5e.webp
Voortgesette Teologiese Toerusting 2024 (VTT 2024),0bbca8cc-9c2a-41d7-bc49-a0fdd872f87e.webp
Barista Basics (An Introduction to Coffee),b04f1d6c-6bd7-4f0b-8d72-86f99fadf995.webp
AVI Policy on the Prevention and Elimination of Harassment in the Workplace,79a17c7f-ce24-421e-b2d1-fca22074f805.webp
GMP and HACCP Training,387e64e7-2949-435a-922d-1eb48ee6653a.webp
Strategic and Operational Planning,b15e681d-e513-4053-872c-d19c26be4994.webp
Advanced Management Skills,237d56c2-42e7-4fa6-97aa-bb31d6532ff2.webp
Core Management Skills,7e334959-024e-4c15-a9f1-0ae4d4d222fd.webp
Foundational Courses,9ec33b39-9c2e-4a48-8603-bef843841e06.webp
Team and Performance Management,0647f141-4f99-45ce-a4b2-7141580ec579.webp
Specialised Skills,da2fab88-9716-4158-be75-db9652fcc29c.webp
Basic Food Safety,29995dbd-1e0a-469f-aae2-dd5cc622a682.webp
Facilitator Training,a06650ea-403d-48ae-aadb-4f1eb3568c7f.webp
Introduction to Plumbing,b528be03-a919-43b3-9063-23ac3a8dee86.webp
Apply Legal Aspects in a Security Environment,e35c55a3-b248-4d69-8ffd-3c752ebcb743.webp
Conduct a Security Patrol in an Area of Responsibility,4b429d94-9767-45e6-afd6-6c3c87b17432.webp
Handle Complaints and Problems,7ad5130a-815f-4d0b-add3-1cd933b7d555.webp
Carrying Out Basic First Aid Treatment in the Workplace,ca7ecf3c-ec7d-41df-a52c-b64703eafaf3.webp
OnRoute Dispatch App User Guide,01231107-5daf-48b7-9375-f51c289c4cb2.webp
Franchise Business Manager Training Assessment,eb860cab-5632-4082-a058-5409591e92a4.webp
Perform Basic Fire Fighting,c9a70dcc-d53f-4732-8b4a-be6792760956.webp
1. Induction and General Assessment,c773851b-32b0-46e2-b731-ee87fdfc28a6.webp
"2. Receiving, Fresh and Inventory Assessment",eaa16047-a841-4aaa-abf7-f6bcb20aa2a9.webp
"3. Omnichannel, Clothing, Frontline and Cash Office Assessment",40342a2b-fd1d-47e8-ad2a-de1cc13c916b.webp
"4. Marketing, Communications and Loyalty Program Assessment",93333e8a-e602-4dcd-bf50-290022f779cf.webp
"5. Human Resources, Food Safety and OHS Assessment",8cbee687-c0fb-488a-a4ff-a2a959b90544.webp
6. Income and Finance Assessment,9c0291f1-74b4-4f03-8291-1d4b023c2887.webp
SS History Grade 4 Term 1,d411aa0f-9c63-4e56-a661-8b2eb5e90ef4.webp
Use Security Equipment,3e0ae14c-0b8a-4920-a000-76b48dafa0db.webp
Explain the Requirements for Becoming a Security Service Provider,a392f5d8-310d-4e34-9d7d-adc39ba1b497.webp
Perishables - Cold chain SOP,f1750397-eae4-45e8-9965-c7fa6b49b665.webp
AML Policy,b934c42a-197c-45fa-a366-5de5c5221461.webp
Bakery SOP,97611cba-887f-476d-8d6a-7a21b3d727ae.webp
Butchery SOP,3669dec4-1552-4f37-aab3-35edc4db41a8.webp
Cheese SOP,60ca29bc-0323-4dfb-9867-1f7fdf73f4fa.webp
Clothing SOP,e1fd0291-80c9-4346-b247-0e20ebf54530.webp
PnP Money SOP,f02fb033-51fb-461e-a593-b51859c89304.webp
Produce SOP,1bdd3be1-3695-4c7f-afb7-be4ea79a5c66.webp
RE27 Franchise In Store Pricing SOP,9587c817-fedc-4350-a205-a49792d29cb5.webp
RE29 Franchise Store Replenishment SOP,7d67c4ab-cc66-4be0-80d2-02ae2b97a196.webp
RE40 Franchise Stock Management,84fbf071-b208-465e-8735-3cb95374aa03.webp
RE42 Franchise Accounts SOP,386c9cf6-8fbb-4f35-8eca-c5b968adabbd.webp
RE45 Managing Franchise Stock Movements SOP,723e8e95-c169-4d6c-80b7-8bf9dc972e19.webp
RE58 - Fresh Waste Management SOP,339762a6-a378-4959-90f3-eacd7d6b6095.webp
Receiving SOP,2b38262e-ec22-4c74-8762-8612f92ae514.webp
SAP02 Store Receiving SOP,9b3fefe5-6775-4d91-8266-aadff706fb9b.webp
VBS SOP,60c5af0a-1c9e-4e55-ac7c-2864f9f08b55.webp
Wine and Liquor SOP,aa6ebd3d-49b2-490d-b5d2-d8b79375fcd7.webp
GMD SOP,0c45e80a-8b28-40bb-aa82-4255b8c675ba.webp
Deli SOP,c1388de8-5dbb-4db2-8531-17710341f2df.webp
Frontline and Cash Office SOP,69adf2c2-872c-471c-bc63-769ffea52e57.webp
Groceries SOP,35206522-437d-4869-a6b2-9c3249ad9e2b.webp
Labournet OHS Legal Liability Training,2b861ba1-a290-4a3e-b33c-e138fe719fe4.webp
RE40 Inventory Counts SOP,cc6088dd-c6db-44a7-b31f-2e8224ca1876.webp
Perishables SOP,92216736-4f8b-4f04-869e-f304d1129650.webp
FBM Induction Training,10635f4a-2a80-45a2-9136-2699f0c6d49d.webp
FBM Communication Platforms Training,9f1d016c-8b80-4251-a35b-0c337c32b3e5.webp
FBM Fan Score Training,3b20554b-350e-491e-bdfe-1a9f5343f43b.webp
FBM Human Resource Training,166ea8b4-40b0-4da3-adcd-092cad315d53.webp
FBM POS Process Training,7eacd36f-4cf0-4ef7-9ceb-b386a5af7b4f.webp
Smart Shopper,ae880fe3-37ed-473b-91b1-90fca590d9a6.webp
FBM Social Media Marketing Training,18d9a3c4-afe7-4e7a-aedb-3c7e9abbfe96.webp
FBM Social Responsibility Training,cc464f76-e33f-4aba-a2ca-e61ac2b1105a.webp
Workday - How to Enrol an Employee on Training,43948d1b-4b5a-411c-9cee-ac63cb46ba6c.webp
Workday - How to Add Learning App on Menu,5653d1fc-0f3d-44c7-9ccf-aae68facaf44.webp
Workday - How to get Training,2503dc85-7873-463d-ae72-f45ee8ce76de.webp
Workday - Reporting,a61cca4a-9610-49bc-b996-e2178f3c6e2c.webp
IDN - How to Access PnP Email,22f4a582-4762-4aa9-b6ee-f0d473abc498.webp
IDN - How to Request Email,cbf88590-6c6d-4c03-8341-62cd8eb09755.webp
IDN - How to Log in,0d3f31f7-12ab-4b08-9740-67f9c2efe153.webp
IDN - How to Request UKG Manager Profile,22f310c2-9719-4127-8ad5-1747201a47ac.webp
IDN - Password Reset,b5826990-acbc-45ec-a3e8-5796ca2e77a4.webp
FBM Omnichannel Training,8ea37ff4-56e2-4f16-86dc-230cf1028423.webp
Nessi - How to Navigate Neptune,7d7fd060-2182-4931-913c-3d3e9aefce3d.webp
Nessi - How to Navigate SAP Nessi,0a330fff-5676-4852-b36a-8e2f74397ec1.webp
Inleiding tot Missionale Gemeentewees,e01dfed8-8c38-412f-84d4-ac7bcb2e4106.webp
Extortion,1212040b-fe15-41e8-867d-e8e3473a4153.webp
ROCOL Product Training,75e2fcf8-8366-4025-956d-50e594f2d201.webp
Doopkategese,11df52cb-2bdd-45bb-a66d-4e4e19dbacb2.webp
Parcel Handling Induction,f967c25e-832a-4d47-bb52-6dcf9670ebdf.webp
FBM Inventory Training,5d95e901-7148-4d0c-aacd-5f29a34156e3.webp
Introduction to Painting,48a2e5e2-ab09-4301-b06b-d6499f7c453d.webp
Microsoft Teams,d6e16f35-8466-42af-9dca-0c373eaf18ab.webp
FBM Income Training,4394a34b-0ea1-4473-9729-3ac98feff202.webp
FBM Finance Training,541646d5-668a-4ef9-9f7c-451bd2c476da.webp
Induction Assessment,bcb174bd-8237-47f8-83a0-a67987301842.webp
Receiving Assessment,3dff7c06-f2da-46b4-b755-8eb2b309dddc.webp
Produce Assessment,ca131407-53f8-4ff3-88a1-555bdae2ca55.webp
Bakery Assessment,b533760a-318a-4883-b8aa-120311ffdae3.webp
Deli and Cheese Assessment,bfdcd2db-4472-47cc-96a7-731c8e7534d8.webp
Butchery Assessment,386f1312-616c-4ea4-bdd5-07742b91552e.webp
Omnichannel Assessment,d367c77f-3ac4-4339-854f-065839d5d17b.webp
Clothing Assessment,e2ba047d-f402-4f00-bdfb-a9cb06820582.webp
Non - Fresh Assessment,422f8432-5e42-4eb5-a36f-27dac5933fb1.webp
Customer Service Assessment,0fc37084-dafa-44ab-9d77-d73b91c101ff.webp
Frontline and Cash Office Assessment,17f394d5-ae88-47ae-8bcd-9ed46920afc3.webp
Bolts - Cap Screws,164994a8-e1fc-4fc6-84d7-9088c9c550da.webp
Speed Typing Test Assessment,7d4a1485-f6fe-42e4-b103-c17f2a237747.webp
Bolts - Hexagon Bolts,246ecd64-6b9f-406e-bda7-6b4eca4ac6d6.webp
Bolts - Hexagon Screws,cd4dd598-6d2d-4435-a0a5-66e1e12b0f5c.webp
Bolts - Non Hexagon Bolts,3cd7be58-50d9-468b-97a3-b9829f02671a.webp
Bolts - Structural Bolts,fb0addf1-acec-4a22-a15e-0ed1d2976997.webp
Fastener Theory - Popular Drive Types,21150ffe-1262-499a-8c6a-d03b9a253b8f.webp
Fastener Theory - Popular Plating Types,ace9a9f1-909d-4b57-a0ed-ccc4567fe6a9.webp
Fastener Theory - Popular Threads Point Types,491b14f8-29dc-4e8e-9b32-9640bb9c70e1.webp
Nuts - Hexagon Nuts,06798924-a38c-4425-8939-b8fe61bd7e2a.webp
Nuts - Locking Nuts,7caa53b7-4228-4636-9d66-3d9cfb2e4edb.webp
Nuts - Miscellaneous Nuts,81185eff-d7cb-4b17-8867-a5c763b933a1.webp
Rivets - Blind Rivets,a78e7c29-3b7e-44f4-9f5e-1f9cc914dd05.webp
Screws - Chipboard Screws,cfd6bea0-5077-4cf5-baa8-a7f237e6e346.webp
Screws – Drywall screws,d81a4ca3-082f-4578-a7d7-bef206b94edc.webp
Screws – General Wood Screws,09f3aead-4300-413e-b682-2e9380f3c568.webp
Screws – Machine Screws,3737b3fc-7f9e-4e79-8eb7-ab2e92be4b49.webp
Screws – Set Screws,be07969b-fbf4-454d-b893-360fa2b90edc.webp
Washers – Lock Washers,809b85dd-6d86-4e17-866e-137187854de2.webp
Bolts - Threaded Rods & Studs,2d8488ba-5bf9-47ec-bd4f-38867ba05f2e.webp
Whistleblower Policy,91b937c8-9559-4886-9674-2983dbafd182.webp
Sexual Harassment Awareness Training,41948c3f-c237-418e-9aa6-b176c6350759.webp
Washers - Plain Washers,af71a5b9-8aa9-4dbb-a0eb-7cc72b6b59a9.webp
Sales and Operations Communication Platforms,57581209-fb8a-49ca-a738-6a0ec19dd3f1.webp
QWIX Training,73eca6c2-cbd2-4eb4-9b8b-59bc4fc325bd.webp
Contact (Boltfast Dynamics),96b98dab-25d4-4fc2-890c-41825ac333a8.webp
Introduction to the System (Boltfast Dynamics),6d8a4334-a74d-416e-b918-6ae1ee960d53.webp
Franchisee Operational Training,ba6dc04b-1355-48e6-b46d-56bca707931d.webp
Franchisee Inventory Training,4060e268-233e-4e80-8d46-387f8320a644.webp
Franchisee Human Resource Training,fa757233-18a2-48a6-92a5-f2ea8599be1f.webp
Franchisee Income Training,93193ae6-6568-4f0f-9845-2ead15e5d327.webp
Franchisee Finance Training,d2176c70-e375-4c5d-8d17-5d710157019b.webp
Providing Feedback,788c8db2-9d23-46f6-baa5-0ed8bc714110.webp
Electrical 101,816fe730-9690-4c3b-91e6-7e1e969fcc67.webp
TKB 2-5 Basiese Skrifverstaan - Dr Sanrie de Beer en Dr Marina Kok-Pretorius,d820709e-dacc-468c-89df-56f789f4f0a6.webp
TKB 2-5 Inleiding tot Historiese Teologie – bronne evaluering - Dr Christo Pretorius en Dr Deon du Toit,c4172f05-23c3-492f-987a-004195081870.webp
TKB 6 Gesprek met en aanbieding deur die Proponenteksamenkommissie,11216097-c276-420b-bab4-d0a514a0c692.webp
TKB 2-5 Basisteorie en prediking - Dr Hein Delport,5425eb97-cbcd-4c91-891a-9bda35f59ca2.webp
TKB 2-5 Homiletiek - Dr Hein Delport,ad1ca004-44d2-478a-b4b4-c79de527a64a.webp
TKB 2-5 HTK Naweek - Liturgie - Dr Elsabe Klopper,c7e76306-99ab-43b5-8712-65de08e6d2aa.webp
TKB 2-5 Voorbereiding van Bybelstudies - Dr Sanrie de Beer en Dr Marina Kok-Pretorius,d3179519-eaa6-486f-94ec-99e629c3c314.webp
TKB 2-5 Erediens - Dr Hein Delport,c2ecaa5e-d407-445a-930d-cbc9156da8a4.webp
TKB 2-5 Sakramente - Histories - Dr Christo Pretorius,b18efdc9-21ad-4ba2-ac99-df7cf33d9773.webp
TKB 2-5 Sakramente - Sistematies - Dr Deon du Toit,788c3525-d987-4d6c-a39e-c8fb20ab5855.webp
"TKB 2-5 Sakramente in praktyk - Dr André Ungerer, Dr Hein Delport, Ds Hannes van der Merwe",f89d020c-e99f-435e-8fe6-7565b9afe5aa.webp
TKB 2-5 Gesinsbediening - Dr Thinus van Staden,abb9a91f-e1b5-471a-9f92-243dee62913f.webp
TKB 2-5 Barmhartigheid - histories - Dr Christo Pretorius,cbe51d74-f7ac-47bb-8c5a-afabafd87d04.webp
TKB 2-5 Hermeneutiek van die gemeenskap - OT/NT - Dr Sanrie de Beer en Dr Marina Kok-Pretorius,3b09747a-2479-4515-842c-1125e7e0b8e1.webp
TKB 2-5 Hermeneutiek van die gemeenskap - Dr Frikkie Labuschagne en Dr André Ungerer,8e51cb7c-a175-4c8e-aba3-53e2cf0d3520.webp
TKB 2-5 Diakonaat - Dr Gerhard Stoltz,096bf48b-26e6-49b0-a503-923dd1d3f9e1.webp
TKB 2-5 Spiritualiteit - Prof Tanya van Wyk en dr Frikkie Labuschagne,aa6877cf-06fd-4184-8f5b-9b1d4ea91d86.webp
TKB 2-5 Etos van die NHKA - Dr Christo Pretorius,ad9992e9-3825-4d9d-99cb-6e0edd26e2ab.webp
Delivering Presentations,6f57d415-7251-4b3c-b057-8e9351c1ae02.webp
Drafting Workplace Reports,f18d4fa1-a47a-4189-872a-03f1f9e5dbb7.webp
Leading Discussions and Chairing Meetings,881e4c0e-fad7-4605-9266-68d4fda609de.webp
Applying Communication Theory in the Workplace,9092c2a7-347c-44c2-b572-1b8bea8222c5.webp
Annual Skills Report (ATR) and Quality Management,e1f6e48b-ede5-4bc4-88a2-59bd6ed3c90f.webp
Implementation of the Workplace Skills Plan (WSP),4d67ddae-6da7-4f91-b7e1-00c826895e8a.webp
The Workplace Skills Plan (WSP),1ab0a94a-fed2-4cc8-a279-fef74efc4532.webp
Conducting a Training Needs Analysis,68c5373d-ac6a-4ad7-a848-470c2bf3790a.webp
How to become a SDF,1f62ed65-7654-4ee2-9ec0-264592296b98.webp
Introduction to Skills Development Legislation,a67cfbc0-6e6c-4235-84e9-a53d0c072587.webp
2 of 7 Employment Equity - Definitions and Purpose,929a1d94-c1ef-4dda-b4a9-b94d1ab309ac.webp
7 of 7 Employment Equity - General Provisions,0d857b1a-bc14-4fd0-9ea2-54db61141180.webp
"6 of 7 Employment Equity - Monitoring, Enforcement and Legal Proceedings",5ca28c87-4b4b-4041-9ae2-c7417b54f5e5.webp
5 of 7 Employment Equity - Commission for Employment Equity,e9c5b4af-79c4-42d9-b6eb-c042343bb1e2.webp
4 of 7 Employment Equity - Affirmative Action,3a96902f-9645-4b2f-b24b-126064b6e1f1.webp
3 of 7 Employment Equity - Unfair Discrimination,e381af7e-af1b-471e-b5ea-aa5510aac16b.webp
1 of 7 Introduction to the Employment Equity Act course,000c9708-1d97-4ed8-93ca-1fb0f586d4a2.webp
Initiating Disciplinary Action,eb7959b7-a9e7-45e8-b7fb-b90b6cf2b03b.webp
Rules of Evidence,416cb85a-5096-483e-a00a-cef2891210a9.webp
Disciplinary Rules and Sanctions,548e367d-ecba-4046-994a-36081346d005.webp
Drafting Disciplinary Charges,6709a558-4f30-48d8-8449-81e53976b46f.webp
Discipline in the Workplace,3ae2dd79-d299-4dca-ab65-7bf6fd139770.webp
Understanding the Employment Relationship,8a9098f6-2cb7-4a3d-ad2b-d34e512c2a36.webp
Conducting a Disciplinary Hearing,ae067cb3-96ff-4626-9fc4-4bf78ecddf30.webp
TKB 2-5 Belydenis - Dr Deon du Toit,e230b754-ea05-49c1-b81f-507403e2ffa2.webp
"TKB 2-5 Kerk, gemeente en media - Justine van der Linde en Dr Deon du Toit",ef0b4a4e-6370-4012-a6cc-ec553f826fae.webp
TKB 2-5 Portefueljes - Dr André Ungerer,3df427e7-c900-44df-a0b4-44bf6b738bb0.webp
"TKB 6 Spiritualiteitsweek te Origins - Dr Marina Strydom, Dr Frikkie Labuschagne en Dr André Ungerer",320af654-2ee3-406c-a9e5-bbe3025473c0.webp
TKB 6 Eredienste – dr Hein Delport en Oriëntasie - Dr Hein Delport,ee5a3f15-8952-4dc9-8d2f-751d3f445acb.webp
TKB 6 Studente gesels oor hul blootstelling in opleidings gemeentes - Dr André Ungerer,5f9ca1e9-1e16-4338-a517-2b899ba7dca7.webp
TKB 6 Kerkwees in die 21ste eeu - Histories - Dr Christo Pretorius,4fe182cf-571e-41c3-a374-29ff7cc0e59c.webp
TKB 6 Kerkwees in die 21ste eeu - Sistematies - Dr Deon du Toit,91bc9f3f-e45e-46bb-bc1a-b0d6aa93a730.webp
TKB 6 Erediens - Dr Hein Delport,db17f1a8-5644-43a5-b171-0821fbdad5bd.webp
TKB 6 Aanbied van gemeente-analises - Dr Frikkie Labuschagne en Dr André Ungerer,4c03fa68-cc1e-4738-a470-4e8c4f9a89d8.webp
TKB 6 Kerkwees met integriteit - Dr Christo Pretorius,5ac47894-ea3e-4c17-8b3a-fe6c15170b18.webp
TKB 6 Deeltydse werksruimte? Maniere om te oorleef? - Dr Johan Bester,85fdf17f-8a39-4b58-95d2-f076e9067cb8.webp
TKB 6 Hoe om jou eie begroting op te stel. Bestuur van persoonlike finansies - Mnr Johan Hattingh,58fbb039-f353-4333-98d4-03fa2be19334.webp
TKB 6 Bespreking van week 2 se werksopdragte en ‘n vooruitskouiing van die week - Dr André Ungerer,f5f30dd8-63a2-4feb-bf6b-daf9a1fd2c5b.webp
Workplace Harassment Awareness and Prevention,ed97a874-3e44-4d85-b343-292e32eede5b.webp
Product Training,1077fde7-4ac9-4fc5-9f9e-b71bfcc0e7db.webp
REMA TIP TOP PULLEY LAGGINGS,f73864fb-5df8-4786-9ea3-2a0b0f2fa4bf.webp
LAP 1: Misconduct - Specific Offences,769d7906-9853-4f6a-b294-a6ceda4e2b6c.webp
LAP 2: Misconduct - Procedural Issues,f7029448-7a67-438a-ac56-9f88e3919f26.webp
LAP 3: Misconduct - Rules of Evidence,0eb9b883-96c6-4905-8034-2c068ad9e761.webp
LAP 4: Incapacity - Poor Work Performance,537246e3-1791-46a6-820c-90c13e0f4e78.webp
LAP 5: Incapacity - Ill Health,9074f8f2-e5b4-45ef-ba8d-3fec0870fcd3.webp
LAP 6: Incapacity - Other,2e10bf9c-4ee3-4ee1-88e1-13cb83ea8e93.webp
LAP 7: Appeal Hearings,d524f435-01c7-4596-a30b-3cda2e9cf053.webp
LAP 8: Grievances,f6f34f2f-2ee9-4134-a1fd-c09f3689c9a6.webp
LAP 9: BCEA and Contracts,dd4a22b1-e5fa-44fc-a511-4afd72d307d5.webp
LAP 10: Discrimination,6ff12ee6-5103-4acb-9d81-68bcdb98f612.webp
LAP 11: Collective Bargaining,2d9083d8-c2d2-46b1-a31f-55affdd477e5.webp
LAP 12: Negotiation Skills,244ab16b-1c8c-4fe5-884a-f679dc59b918.webp
LAP 13: 189 and 189A,685e4834-1080-4c37-b388-2f66ee2b7dbd.webp
LAP 14: Industrial Action,f397c5fb-a270-4194-a4ce-9f27d5db2f0a.webp
LAP 15: Litigation,036b96d6-d6b8-4365-a66a-82f4f4a8c624.webp
LAP 16: 197 Transfers,609369a4-6eff-4429-99e9-aa4001581bb4.webp
LAP 17: Employment Equity and Skills Development,59552f72-16a0-43e5-8423-4bbce86bf463.webp
House Counts,09258957-bc25-4f5b-86cf-a7de4a6fda3a.webp
Seat Blocking,470618a3-2a22-4953-b21a-7374ffc8fe24.webp
REMAREP ULTRA 10,c7a8b5b1-655b-41ec-be79-bc757a7f5a1d.webp
Intro to Labour Law and BCEA,09df5a33-6eea-460f-ba3e-c180edfeff70.webp
Collective Bargaining,c66d8b6f-7c91-4f5a-87b9-f9ac795e8ee3.webp
Retrenchment,c3f12159-d1a3-49c7-9a0e-df9999879d24.webp
Incapacity Management,e27ba433-29cd-455e-a905-b6700fcf993a.webp
Misconduct,91e42540-d069-41b1-84b7-7c64d150b577.webp
Dispute Resolution,673260d7-fd65-4aa5-a363-8e11c7d24764.webp
Strikes,5eabd9f6-75ea-428d-844b-f504e6d4cdb4.webp
Transfers,e3f7a57b-118e-45dc-b09b-d0db2cfb8243.webp
REMAPRESS IVE,49b0e7c1-31ec-417c-8c9b-a0fddc4864c6.webp
REMALOX HD 35,93fd133f-69f7-4fab-92f0-0e74f63ebb3e.webp
Lit LAP 1: Framework and Representation,e2249ea1-7808-48ca-bff0-5b4616b2dc48.webp
Lit LAP 2: General CCMA Litigation,4c4a7847-b1f8-4eea-9fb7-96b299997d81.webp
REMASKIRT 50,9518b818-4f86-4494-a9dd-141b805fc605.webp
Ster-Kinekor - Cinema Induction,e0881356-beb4-4ad6-bba3-6f16f14647f8.png
Bonding Systems,5c67c652-1d7a-4496-a8d9-3604c802c4f0.png
Ster-Kinekor - Head office Induction,5babd64a-9c79-41bc-b11c-b132b046f077.jpg
Supply Chain Management,d3d98619-060c-41f0-9dc9-bc4eedf88fec.webp
Anti-Bribery,df021c92-47e3-498e-a358-087e74db3558.webp
Manager As Coach,136e08c7-2510-46cf-82f8-6b1c6d9f84eb.webp
Essential Tools,063a47a4-c1dc-4ea4-b9ce-90e25063a0c2.webp
Lubricant Training,2eeebe84-b3e8-452a-a8a4-87af71ac1f33.webp
Gifts and Entertainment,2a1ad420-6643-40a6-a518-7b2eecc52ef5.webp
Anti-Money Laundering,fd1c97b5-7872-427c-8e46-0c208344bd1c.webp
Whistleblowing,80b1c0a7-9671-4ae8-ab47-56fbdb5389c5.webp
Ontleed en Bestuur Konflik in die Werksplek,addbb631-2692-4840-bfe5-79e3f187cb73.webp
Werk as 'n Projekspanlid,3c8b4010-0535-48b8-91b7-25e6fba54cd5.webp
Bou Kliënte Verhoudings in ‘n Operasionele Eenheid,e5f3a502-10d8-4a28-a59e-1f030643c1fa.webp
Adendorff Customer Service_Introduction to Welding,dcfb904b-94de-4595-b5de-6f1f55c6bea1.webp
Stresbestuur,829edf35-00b3-4b5c-bcce-db3189ec9fe9.webp
Klientelojaliteit,81785973-c87a-484e-a880-96834c300b84.webp
Adendorff Customer Service_Understanding Customer Needs,5d0a2190-653d-4909-8c36-ca9fccff776e.webp
Labournet Digital Induction Course,ddc20271-f80f-4511-9ec8-f9799f83a29e.webp
The Labournet Way of Consulting,3a187c53-1286-41ff-9a39-00505bdaace1.webp
Daly Leadership,3aafcbc4-9b61-4932-b42e-319135cf6735.webp
DALY - How the best leaders make everyone smarter - multipliers,d2010066-a8e7-4bdf-8e8c-3cfb9873e14e.webp
DALY - Five dysfunctions of a team by Patrick Lencioni,84e0be82-e912-44ee-8708-50c3236dc2ab.webp
DALY - Getting Things Done: The Art of Stress-Free Productivity,d0aba603-a7a2-41e3-96fb-26a29cdc7f27.webp
DALY - Decisive: How to Make Better Choices in Life and Work,b00c9dc7-cb4e-4b82-ad38-0f300881f7f8.webp
DALY - The Dichotomy of Leadership,dd4456bb-6cd0-4c81-a9ae-4531bd9d7409.webp
"DALY - Tiny Changes, Remarkable Results",2b4b0513-700d-46f2-831a-466c9a435776.webp
DALY - Extreme Ownership – Jocko Willink,1261722f-2b9d-497f-88c5-7df698e7c58b.webp
DALY - How to Influence People,e8da38fa-a090-4751-ba0f-98b52d9d1c88.webp
DALY - Feedback,315d4066-f479-495e-a32c-6fc1d2a8def4.webp
DALY - A Change on Leader’s Mindset,d5079442-8f76-40d9-9007-3ad5665acd19.webp
DALY - Password Policy,4e866ba4-ea8d-4965-9422-51265382b471.webp
DALY - Debicheck Tips,54a69597-156e-4033-b8e2-d8b9b8007174.webp
DALY - CLICK AND DIAL - VICIDIAL,43b67b0f-6562-4178-9ee0-c89acc11eb01.webp
DALY - DEBT COLLECTION 101,7c2524c9-78e6-42f6-9b9f-053e71b4e9e5.webp
DALY - OZOW,f4ba8542-3082-4b9d-acc1-c3553fd2fea5.webp
DALY - Ziyabuya,39cc6ad3-cad2-43bc-9b38-6be82e75357e.webp
DALY - Instant Payment Option,9979df2a-be0a-44d5-91ef-c3e37dbe6e43.webp
DALY - DEBICHECK AUTHENTICATION METHODS,6aee27b8-5346-4753-b520-ecb696d9f075.webp
DALY - Systems,8e739c90-6d83-4092-ac23-db3f62423a66.webp
DALY - Rewards Program,0665222f-e72b-4fbb-a6d2-91cd2a2f61db.webp
DALY - OUTBOUND ZIYABUYA - TRANSFER PROCESS,29220e39-291a-4e04-a7d8-8b76bda93f4e.webp
DALY - CAPITEC PAY,55556ffd-89d7-4ffa-ba5b-1c139c3c1cba.webp
DALY - OZOW Payment Option,74ef9e26-7278-4a69-91a0-939f839a4e01.webp
DALY - ZIYABUYA PAYMENT OPTION,8fda31ef-b822-4323-bb22-823c7b7a4ce0.webp
DALY - Debicheck,eb3fff1b-5f22-46e3-9604-9421ccb549f0.webp
DALY - INSTANT PAYMENT OPTION,eede513d-233c-4520-bb8a-b620e08efbf2.webp
DALY - EXCALIBUR - SYSTEMS,ae31dd78-3805-4b11-9d42-921c50aab967.webp
DALY - VICIDIAL - SYSTEMS,fa84c515-e1e5-4949-a1f4-c811b8a2b7ad.webp
DALY - EXCALIBUR VERSION 4,60087033-8ef2-4e06-ba38-e6a7bd7f566e.webp
DALY - WORK ETHICS,0bf2b7bd-9802-4d36-ad04-8a8cd8871e30.webp
DALY - SPLIT,f46e49eb-2561-40d5-8bf2-97296668ff25.webp
DALY - Two-Pot Retirement System,c9bc70e5-aa1d-468c-b8ea-5efa98672db3.webp
DALY - The Role Of The Collector,2b8b0c02-a094-4c4e-9b1d-304ded37f636.webp
DALY - Soft Skills / Payment Options,f8422cff-2f01-4432-8cf7-19747817d79c.webp
DALY - LEADGEN,4977d377-1519-47cb-8e59-02aa0cf75c77.webp
DALY - DEBICHECK AUTHENTICATION,c2547e76-328b-4ed2-856b-62b07961043f.webp
DALY - CRISP - WHATSAPP,513e3749-871d-4e40-a732-cab66d6f831e.webp
DALY - REWARDS PROGRAM,6107c586-f78b-4219-aa27-618fa7c64157.webp
DALY - LEGAL PROCESS AS A COLLECTIONS TOOL,c0eca7b5-64f3-4b8b-8df5-ba3d0026dc36.webp
DALY - Section 129 – Legal,bcf9f2a1-c65c-4b5f-bc9a-94f79122e193.webp
DALY FLY WHEEL,94f8a5cd-6761-403c-8e2b-cfa89984d7ef.webp
DALY - LEGAL - SECTION 129,81ec1e49-158f-4afd-8fc4-145333e4137e.webp
DALY - Legal Collections,db9a5335-0d49-4543-8541-1deaaabf4651.webp
DALY - Whistleblowing,3d8eab9f-9525-41f7-93c5-539dc294dc6a.webp
DALY - THE DEBT COLLECTORS ACT (DCA),36571eb8-42fb-4301-b93d-8e424c87f075.webp
DALY - NATIONAL CREDIT ACT,4b389586-1169-4fd4-81f6-f0fd93d759c2.webp
DALY - Call Centre Agent Remote Working,9dc40d87-2990-4545-a87c-97925d654fc1.webp
DALY - Trainee Work Book,2c28c14f-a880-4fa0-9c2c-a7018a2e4167.webp
DALY - Trainee Guide,de7cbdd2-2bb7-4dec-963f-d6ee486405ce.webp
DALY - BUSINESS RULES,2c5ad4dd-8f0d-4459-aef9-3ab3057eb97d.webp
DALY - POPI Job Knowledge,1f29fc01-6b62-40ae-89e6-d5ea4d51a7b5.webp
DALY - AVMs,01f8b83e-4384-422e-9fae-9b12c531c330.webp
DALY - BUSINESS CONDUCT PRACTICES - JOB KNOWLEDGE,a24576d7-27e4-454b-bb07-a9acd3d0a80c.webp
DALY - FNB CUSTOMER RESIDUAL ACCOUNTS,caff9e50-c169-4315-ba34-47f77e1b9120.webp
"DALY - FNB LOANS NPL, FNB LOANS LIVE, AND FNB LOANS RESIDUAL",e952b429-7df0-4d5f-a2a3-fbf04ebc07f8.webp
DALY - FNB CREDIT CARD,27e13ce7-86ea-4793-89a4-3377dc760ff5.webp
DALY - STANDARD BANK VEHICLE ASSET FINANCE PRODUCT KNOWLEDGE,efe2d828-418e-4d70-9e19-cf13b25e589f.webp
DALY - STANDARD BANK ACCESS LOANS LEGAL PRODUCT KNOWLEDGE,812aab5c-0d5a-46af-b109-599fab23547b.webp
DALY - ABSA LOANS LATE STAGE PANEL A,a8afdd0a-e2d7-4695-a74b-966b3515db41.webp
DALY - STANDARD BANK CHEQUES PANEL A,ebb99fb1-6809-48eb-9e5d-380c6508647a.webp
DALY - STANDARD BANK ACCESS LOANS LATE STAGE PANEL A PRODUCT KNOWLEDGE,fc2beb0f-0343-4470-803d-b54a5573d199.webp
DALY - FOSCHINI PRODUCT KNOWLEDGE,c381d729-1ad1-46b8-bc7d-aeb87b335bed.webp
DALY - ABSA PERSONAL AND STUDY LOANS LEGAL,9030fd91-33cb-4dd2-abe4-57860120695a.webp
DALY - ABSA AGENT SCRIPT (CALL GUIDELINE),ad906546-8621-443f-bd40-b66f19e5d493.webp
DALY - ABSA CHEQUES OBS PRODUCT KNOWLEDGE,20b30bc3-5e2c-4d63-b739-3e62bdf059de.webp
DALY - ABSA LOANS POST WRITE OFF PRODUCT KNOWLEDGE,1d44dbbf-99f9-414d-8174-57bbbb54eee7.webp
DALY - CAPITEC PRODUCT KNOWLEDGE,a46ba50e-855b-4a0b-94cf-f37b54e70a35.webp
DALY - NEDBANK CREDIT CARD,198c5d88-5c04-4522-a801-6533dc212af8.webp
DALY - ABSA HOME LOANS POST WRITE OFF PRODUCT KNOWLEDGE,aba34673-0922-4dfc-ab85-968cc902df9d.webp
DALY - NEDBANK PRODUCT KNOWLEDGE,8999f4c8-c280-4827-96db-ce7ac9f3ee79.webp
DALY - ABSA OBS HOME LOANS,ca8dc77d-51dd-4b1b-b11e-d35be22c6159.webp
DALY - ABSA PRIVATE BANK OFF BALANCE SHEET,98e7314d-74c1-4659-bbf2-55005d0e7ca3.webp
DALY - DIRECT AXIS PRODUCT KNOWLEDGE,8e14a9fc-f28b-4619-9af5-c3912f266e08.webp
DALY - ABSA CREDIT CARD LEGAL,c481022f-1dd7-4662-9afd-7c45b5c148a3.webp
DALY - EDCON PRODUCT KNOWLEDGE,c17ebe02-4fce-4535-8b0c-32882baae61f.webp
DALY - ON AIR-ULTRA,5436d1eb-1283-4813-8350-265b941ecaf4.webp
DALY - DIAMOND CLUB PRODUCT KNOWLEDGE,071000f4-e236-4cb0-a3e8-4974094093de.webp
DALY - RETAIL CREDIT SOLUTION PRODUCT KNOWLEDGE,abd37914-df55-4325-8bcd-2f872db004bc.webp
DALY - PHATSHOANE HENNEY DEBT COLLECTIONS PRODUCT KNOWLEDGE,66f8ef93-0af3-4d81-b14c-01e35604f521.webp
DALY - SOUTH AFRICAN BREWERIES PRODUCT KNOWLEDGE,e9943507-b3cd-4d5a-96e5-7513507c69f9.webp
DALY - NUTUN PRODUCT KNOWLEDGE,81c23459-85d9-4d46-a72c-d3e454084360.webp
DALY - ARCHFIN CAPITAL PRODUCT KNOWLEDGE,06f2aba6-ff74-47c8-ab5f-00e4ec161b8e.webp
DALY - NIMBLE CREDIT SOLUTIONS PRODUCT KNOWLEDGE,dddd5a07-5ccc-4ef8-b9ae-2b3105c61aa4.webp
DALY - LOANFIN PRODUCT KNOWLEDGE,5e657ece-c442-429b-954a-45a6d96035e3.webp
DALY - MR PRICE MOBILE,c9180c7b-cb37-4bf1-b9bf-ef04847d9f93.webp
DALY - CAPFIN,2f706116-d4f5-4f6f-8abe-6d9a1eb95f17.webp
DALY - TRUWORTHS PRODUCT KNOWLEDGE,7013591f-2bd4-4e2e-9ca2-c163d866c652.webp
DALY - WOOLWORTHS PRODUCT KNOWLEDGE,23626146-ab83-4e8f-baf8-6f27cecef4b6.webp
DALY - WOOLWORTHS COLLECTIONS PORTAL,6ea63314-b193-4d13-925a-55d74192b1a6.webp
DALY - Anti-Bribery and Corruption,dc0e30db-025e-4902-b0af-17f1e43ee2c6.webp
DALY - Indistractable: How to Control Your Attention and Choose Your Life,d4c20e7e-5fd9-475e-acf8-c9c63424b323.webp
DALY - Employee Security Awareness Training - Videos and Questions,4dea114f-a5a3-4fa4-bfdb-b4c6e35ccb84.webp
DALY - Agent Incentive Scheme Rules,e2d3a2cc-ab82-44b7-b2de-85de973f8f86.webp
DALY - EXCALIBUR VERSION 4 VIDEOS,cc69c990-1df4-4717-969d-b38f0f61bf2f.webp
DALY - An Introduction to POPI (Video),b5e1e3a6-5a2f-471c-b2ca-fd69a69a91c3.webp
DALY - Anti - Money Laundering,0c768d3f-6ce9-41c9-bfbe-e58a6a9807f9.webp
Module 1 - Client Experience,d345a5dd-e974-408a-9cda-9bb9bf38e6b3.webp
Module 2 - Conciliations,f7237531-1e7e-4f09-a435-a707a84f75b4.webp
Module 3 - Jurisdiction,85bb85a8-eada-44f3-88f9-53784bc74f84.webp
Module 4 - Applications,afe53c7f-582b-4d7f-bd7a-58449bee7360.webp
Module 5 - Arbitrations,8d7fe5a4-8cb4-410b-94a5-45f2280afbbc.webp
Module 6 - Specific Disputes,db7c53b1-fd7e-47e2-a1d7-95c74ca4fe4e.webp
DALY - Awareness: Laptop Care and Network Stability,fd327c09-5f9d-4737-ab32-fc17449fe3ab.webp
Hoe om Depressie te Hanteer,6eb64b9c-096a-4386-8f80-4d5612775e48.webp
Consult 2 Grow Labournet,25f91678-690f-46b2-9f7e-caecfca04305.webp
Management,f4c6a9f4-bf27-4cdf-be01-dc173a11cb4c.webp
IT System Support,b769c6fd-d2da-4365-a73d-0324ff8a1a36.webp
IT Business Analysis,15a0da72-c976-4301-8cfe-f61fb4716d13.webp
How to Use TAP,804a500f-a9c6-48a2-bc96-e3ab01cc1aa1.webp
DALY – Debicheck Payment Option,c178e904-afb6-4a13-a186-53a0068b3711.webp
