"Course","Status","From","To","Note"
"Administrative Procedure Development","Moved","C:\Websites\learningmanagementsystem\Images\Course_Images\CourseImages tap\Administrative Procedure Development.webp","C:\Websites\learningmanagementsystem\Images\Course_Images\TAP Courses Webp files\Administrative Procedure Development.webp",""
"Administrative Record Management","Moved","C:\Websites\learningmanagementsystem\Images\Course_Images\CourseImages tap\Administrative Record Management.webp","C:\Websites\learningmanagementsystem\Images\Course_Images\TAP Courses Webp files\Administrative Record Management.webp",""
"Administrative Skills for Meeting and Event Coordination","Moved","C:\Websites\learningmanagementsystem\Images\Course_Images\CourseImages tap\Administrative Skills for Meeting and Event Coordination.webp","C:\Websites\learningmanagementsystem\Images\Course_Images\TAP Courses Webp files\Administrative Skills for Meeting and Event Coordination.webp",""
"Advanced Excel Assessment","Moved","C:\Websites\learningmanagementsystem\Images\Course_Images\CourseImages tap\Advanced Excel Assessment.webp","C:\Websites\learningmanagementsystem\Images\Course_Images\TAP Courses Webp files\Advanced Excel Assessment.webp",""
"Advanced Microsoft Excel","Moved","C:\Websites\learningmanagementsystem\Images\Course_Images\CourseImages tap\Advanced Microsoft Excel.webp","C:\Websites\learningmanagementsystem\Images\Course_Images\TAP Courses Webp files\Advanced Microsoft Excel.webp",""
"Advanced Microsoft PowerPoint","Moved","C:\Websites\learningmanagementsystem\Images\Course_Images\CourseImages tap\Advanced Microsoft PowerPoint.webp","C:\Websites\learningmanagementsystem\Images\Course_Images\TAP Courses Webp files\Advanced Microsoft PowerPoint.webp",""
"Advanced Microsoft Word","Moved","C:\Websites\learningmanagementsystem\Images\Course_Images\CourseImages tap\Advanced Microsoft Word.webp","C:\Websites\learningmanagementsystem\Images\Course_Images\TAP Courses Webp files\Advanced Microsoft Word.webp",""
"Analyse and Apply Management Practices Within the Supply Chain","Moved","C:\Websites\learningmanagementsystem\Images\Course_Images\CourseImages tap\Analyse and Apply Management Practices Within the Supply Chain.webp","C:\Websites\learningmanagementsystem\Images\Course_Images\TAP Courses Webp files\Analyse and Apply Management Practices Within the Supply Chain.webp",""
"Analysing Media Impact on Business Sectors","Moved","C:\Websites\learningmanagementsystem\Images\Course_Images\CourseImages tap\Analysing Media Impact on Business Sectors.webp","C:\Websites\learningmanagementsystem\Images\Course_Images\TAP Courses Webp files\Analysing Media Impact on Business Sectors.webp",""
"Analysing Shape and Motion in 2D and 3D Space","Moved","C:\Websites\learningmanagementsystem\Images\Course_Images\CourseImages tap\Analysing Shape and Motion in 2D and 3D Space.webp","C:\Websites\learningmanagementsystem\Images\Course_Images\TAP Courses Webp files\Analysing Shape and Motion in 2D and 3D Space.webp",""
"Apply Concepts and Principles of Business Ethics in the Professional Environment","Moved","C:\Websites\learningmanagementsystem\Images\Course_Images\CourseImages tap\Apply Concepts and Principles of Business Ethics in the Professional Environment.webp","C:\Websites\learningmanagementsystem\Images\Course_Images\TAP Courses Webp files\Apply Concepts and Principles of Business Ethics in the Professional Environment.webp",""
"Apply In-bound Contact Centre Operations Within a Commercial Environment","Moved","C:\Websites\learningmanagementsystem\Images\Course_Images\CourseImages tap\Apply In-bound Contact Centre Operations Within a Commercial Environment.webp","C:\Websites\learningmanagementsystem\Images\Course_Images\TAP Courses Webp files\Apply In-bound Contact Centre Operations Within a Commercial Environment.webp",""
"Apply Legal Aspects in a Security Environment","Moved","C:\Websites\learningmanagementsystem\Images\Course_Images\CourseImages tap\Apply Legal Aspects in a Security Environment.webp","C:\Websites\learningmanagementsystem\Images\Course_Images\TAP Courses Webp files\Apply Legal Aspects in a Security Environment.webp",""
"Apply Out-bound Contact Centre Operations Within a Commercial Environment","Moved","C:\Websites\learningmanagementsystem\Images\Course_Images\CourseImages tap\Apply Out-bound Contact Centre Operations Within a Commercial Environment.webp","C:\Websites\learningmanagementsystem\Images\Course_Images\TAP Courses Webp files\Apply Out-bound Contact Centre Operations Within a Commercial Environment.webp",""
"Apply the Skills of Customer Care","Moved","C:\Websites\learningmanagementsystem\Images\Course_Images\CourseImages tap\Apply the Skills of Customer Care.webp","C:\Websites\learningmanagementsystem\Images\Course_Images\TAP Courses Webp files\Apply the Skills of Customer Care.webp",""
"Applying an Organisation's Code of Conduct","Moved","C:\Websites\learningmanagementsystem\Images\Course_Images\CourseImages tap\Applying an Organisation's Code of Conduct.webp","C:\Websites\learningmanagementsystem\Images\Course_Images\TAP Courses Webp files\Applying an Organisation's Code of Conduct.webp",""
"Appraise and Valuate Used Vehicles","Moved","C:\Websites\learningmanagementsystem\Images\Course_Images\CourseImages tap\Appraise and Valuate Used Vehicles.webp","C:\Websites\learningmanagementsystem\Images\Course_Images\TAP Courses Webp files\Appraise and Valuate Used Vehicles.webp",""
"Assessor (Conduct Outcome-based Assessments)","Moved","C:\Websites\learningmanagementsystem\Images\Course_Images\CourseImages tap\Assessor (Conduct Outcome-based Assessments).webp","C:\Websites\learningmanagementsystem\Images\Course_Images\TAP Courses Webp files\Assessor (Conduct Outcome-based Assessments).webp",""
"Audience and Context Needs In Oral Communication","Moved","C:\Websites\learningmanagementsystem\Images\Course_Images\CourseImages tap\Audience and Context Needs In Oral Communication.webp","C:\Websites\learningmanagementsystem\Images\Course_Images\TAP Courses Webp files\Audience and Context Needs In Oral Communication.webp",""
"Basic Business Principles","Moved","C:\Websites\learningmanagementsystem\Images\Course_Images\CourseImages tap\Basic Business Principles.webp","C:\Websites\learningmanagementsystem\Images\Course_Images\TAP Courses Webp files\Basic Business Principles.webp",""
"Basic Computer Skills Assessment","Moved","C:\Websites\learningmanagementsystem\Images\Course_Images\CourseImages tap\Basic Computer Skills Assessment.webp","C:\Websites\learningmanagementsystem\Images\Course_Images\TAP Courses Webp files\Basic Computer Skills Assessment.webp",""
"Basic Excel Assessment","Moved","C:\Websites\learningmanagementsystem\Images\Course_Images\CourseImages tap\Basic Excel Assessment.webp","C:\Websites\learningmanagementsystem\Images\Course_Images\TAP Courses Webp files\Basic Excel Assessment.webp",""
"Basic Microsoft Excel","Moved","C:\Websites\learningmanagementsystem\Images\Course_Images\CourseImages tap\Basic Microsoft Excel.webp","C:\Websites\learningmanagementsystem\Images\Course_Images\TAP Courses Webp files\Basic Microsoft Excel.webp",""
"Basic Microsoft PowerPoint","Moved","C:\Websites\learningmanagementsystem\Images\Course_Images\CourseImages tap\Basic Microsoft PowerPoint.webp","C:\Websites\learningmanagementsystem\Images\Course_Images\TAP Courses Webp files\Basic Microsoft PowerPoint.webp",""
"Basic Microsoft Word","Moved","C:\Websites\learningmanagementsystem\Images\Course_Images\CourseImages tap\Basic Microsoft Word.webp","C:\Websites\learningmanagementsystem\Images\Course_Images\TAP Courses Webp files\Basic Microsoft Word.webp",""
"Basic Office Research","Moved","C:\Websites\learningmanagementsystem\Images\Course_Images\CourseImages tap\Basic Office Research.webp","C:\Websites\learningmanagementsystem\Images\Course_Images\TAP Courses Webp files\Basic Office Research.webp",""
"Basic Supervisory Skills - Supervising Project Teams","Moved","C:\Websites\learningmanagementsystem\Images\Course_Images\CourseImages tap\Basic Supervisory Skills - Supervising Project Teams.webp","C:\Websites\learningmanagementsystem\Images\Course_Images\TAP Courses Webp files\Basic Supervisory Skills - Supervising Project Teams.webp",""
"Basics of Drafting a Contract","Moved","C:\Websites\learningmanagementsystem\Images\Course_Images\CourseImages tap\Basics of Drafting a Contract.webp","C:\Websites\learningmanagementsystem\Images\Course_Images\TAP Courses Webp files\Basics of Drafting a Contract.webp",""
"Booking Systems","Moved","C:\Websites\learningmanagementsystem\Images\Course_Images\CourseImages tap\Booking Systems.webp","C:\Websites\learningmanagementsystem\Images\Course_Images\TAP Courses Webp files\Booking Systems.webp",""
"Branding","Moved","C:\Websites\learningmanagementsystem\Images\Course_Images\CourseImages tap\Branding.webp","C:\Websites\learningmanagementsystem\Images\Course_Images\TAP Courses Webp files\Branding.webp",""
"Breast Cancer","Moved","C:\Websites\learningmanagementsystem\Images\Course_Images\CourseImages tap\Breast Cancer.webp","C:\Websites\learningmanagementsystem\Images\Course_Images\TAP Courses Webp files\Breast Cancer.webp",""
"Build Customer Relations in an Operational Unit","Moved","C:\Websites\learningmanagementsystem\Images\Course_Images\CourseImages tap\Build Customer Relations in an Operational Unit.webp","C:\Websites\learningmanagementsystem\Images\Course_Images\TAP Courses Webp files\Build Customer Relations in an Operational Unit.webp",""
"Building Competitive Supply Chain Networks","Moved","C:\Websites\learningmanagementsystem\Images\Course_Images\CourseImages tap\Building Competitive Supply Chain Networks.webp","C:\Websites\learningmanagementsystem\Images\Course_Images\TAP Courses Webp files\Building Competitive Supply Chain Networks.webp",""
"Building High-Performance Teams","Moved","C:\Websites\learningmanagementsystem\Images\Course_Images\CourseImages tap\Building High-Performance Teams.webp","C:\Websites\learningmanagementsystem\Images\Course_Images\TAP Courses Webp files\Building High-Performance Teams.webp",""
"Business & Personal Financial Analysis","Moved","C:\Websites\learningmanagementsystem\Images\Course_Images\CourseImages tap\Business & Personal Financial Analysis.webp","C:\Websites\learningmanagementsystem\Images\Course_Images\TAP Courses Webp files\Business & Personal Financial Analysis.webp",""
"Business Communication","Moved","C:\Websites\learningmanagementsystem\Images\Course_Images\CourseImages tap\Business Communication.webp","C:\Websites\learningmanagementsystem\Images\Course_Images\TAP Courses Webp files\Business Communication.webp",""
"Business Ethics","Moved","C:\Websites\learningmanagementsystem\Images\Course_Images\CourseImages tap\Business Ethics.webp","C:\Websites\learningmanagementsystem\Images\Course_Images\TAP Courses Webp files\Business Ethics.webp",""
"Business Planning for New Ventures","Moved","C:\Websites\learningmanagementsystem\Images\Course_Images\CourseImages tap\Business Planning for New Ventures.webp","C:\Websites\learningmanagementsystem\Images\Course_Images\TAP Courses Webp files\Business Planning for New Ventures.webp",""
"Business Principles and Information Technology.","Moved","C:\Websites\learningmanagementsystem\Images\Course_Images\CourseImages tap\Business Principles and Information Technology.webp","C:\Websites\learningmanagementsystem\Images\Course_Images\TAP Courses Webp files\Business Principles and Information Technology.webp",""
"Business Report Writing in Retail/Wholesale","Moved","C:\Websites\learningmanagementsystem\Images\Course_Images\CourseImages tap\Business Report Writing in RetailWholesale.webp","C:\Websites\learningmanagementsystem\Images\Course_Images\TAP Courses Webp files\Business Report Writing in RetailWholesale.webp",""
"Business Writing Level 4","Moved","C:\Websites\learningmanagementsystem\Images\Course_Images\CourseImages tap\Business Writing Level 4.webp","C:\Websites\learningmanagementsystem\Images\Course_Images\TAP Courses Webp files\Business Writing Level 4.webp",""
"Carrying Out Basic First Aid Treatment in the Workplace","Moved","C:\Websites\learningmanagementsystem\Images\Course_Images\CourseImages tap\Carrying Out Basic First Aid Treatment in the Workplace.webp","C:\Websites\learningmanagementsystem\Images\Course_Images\TAP Courses Webp files\Carrying Out Basic First Aid Treatment in the Workplace.webp",""
"Change Management","Moved","C:\Websites\learningmanagementsystem\Images\Course_Images\CourseImages tap\Change Management.webp","C:\Websites\learningmanagementsystem\Images\Course_Images\TAP Courses Webp files\Change Management.webp",""
"Choosing Suppliers: Selection and Evaluation","Moved","C:\Websites\learningmanagementsystem\Images\Course_Images\CourseImages tap\Choosing Suppliers Selection and Evaluation.webp","C:\Websites\learningmanagementsystem\Images\Course_Images\TAP Courses Webp files\Choosing Suppliers Selection and Evaluation.webp",""
"Coaching for Business Managers","Moved","C:\Websites\learningmanagementsystem\Images\Course_Images\CourseImages tap\Coaching for Business Managers.webp","C:\Websites\learningmanagementsystem\Images\Course_Images\TAP Courses Webp files\Coaching for Business Managers.webp",""
"Collect and record information queries and requests from customers","Moved","C:\Websites\learningmanagementsystem\Images\Course_Images\CourseImages tap\Collect and record information queries and requests from customers.webp","C:\Websites\learningmanagementsystem\Images\Course_Images\TAP Courses Webp files\Collect and record information queries and requests from customers.webp",""
"Communicate in an Assertive Manner With Clients and Fellow Workers","Moved","C:\Websites\learningmanagementsystem\Images\Course_Images\CourseImages tap\Communicate in an Assertive Manner With Clients and Fellow Workers.webp","C:\Websites\learningmanagementsystem\Images\Course_Images\TAP Courses Webp files\Communicate in an Assertive Manner With Clients and Fellow Workers.webp",""
"Communicate Verbally and Non-verbally in the Workplace","Moved","C:\Websites\learningmanagementsystem\Images\Course_Images\CourseImages tap\Communicate Verbally and Non-verbally in the Workplace.webp","C:\Websites\learningmanagementsystem\Images\Course_Images\TAP Courses Webp files\Communicate Verbally and Non-verbally in the Workplace.webp",""
"Communicate With Customers in a Contact Centre and BPO","Moved","C:\Websites\learningmanagementsystem\Images\Course_Images\CourseImages tap\Communicate With Customers in a Contact Centre and BPO.webp","C:\Websites\learningmanagementsystem\Images\Course_Images\TAP Courses Webp files\Communicate With Customers in a Contact Centre and BPO.webp",""
"Communication in Diverse Contexts","Moved","C:\Websites\learningmanagementsystem\Images\Course_Images\CourseImages tap\Communication in Diverse Contexts.webp","C:\Websites\learningmanagementsystem\Images\Course_Images\TAP Courses Webp files\Communication in Diverse Contexts.webp",""
"Communication Skills","Moved","C:\Websites\learningmanagementsystem\Images\Course_Images\CourseImages tap\Communication Skills.webp","C:\Websites\learningmanagementsystem\Images\Course_Images\TAP Courses Webp files\Communication Skills.webp",""
"Comprehensive Security Risk Training","Moved","C:\Websites\learningmanagementsystem\Images\Course_Images\CourseImages tap\Comprehensive Security Risk Training.webp","C:\Websites\learningmanagementsystem\Images\Course_Images\TAP Courses Webp files\Comprehensive Security Risk Training.webp",""
"Computer Industry Ethics in South Africa","Moved","C:\Websites\learningmanagementsystem\Images\Course_Images\CourseImages tap\Computer Industry Ethics in South Africa.webp","C:\Websites\learningmanagementsystem\Images\Course_Images\TAP Courses Webp files\Computer Industry Ethics in South Africa.webp",""
"Computer Skills for Contact Centre Staff","Moved","C:\Websites\learningmanagementsystem\Images\Course_Images\CourseImages tap\Computer Skills for Contact Centre Staff.webp","C:\Websites\learningmanagementsystem\Images\Course_Images\TAP Courses Webp files\Computer Skills for Contact Centre Staff.webp",""
"Conduct a Meeting","Moved","C:\Websites\learningmanagementsystem\Images\Course_Images\CourseImages tap\Conduct a Meeting.webp","C:\Websites\learningmanagementsystem\Images\Course_Images\TAP Courses Webp files\Conduct a Meeting.webp",""
"Conduct a Security Patrol in an Area of Responsibility","Moved","C:\Websites\learningmanagementsystem\Images\Course_Images\CourseImages tap\Conduct a Security Patrol in an Area of Responsibility.webp","C:\Websites\learningmanagementsystem\Images\Course_Images\TAP Courses Webp files\Conduct a Security Patrol in an Area of Responsibility.webp",""
"Conduct Sales and Support Services","Moved","C:\Websites\learningmanagementsystem\Images\Course_Images\CourseImages tap\Conduct Sales and Support Services.webp","C:\Websites\learningmanagementsystem\Images\Course_Images\TAP Courses Webp files\Conduct Sales and Support Services.webp",""
"Conducting a Technical Meeting","Moved","C:\Websites\learningmanagementsystem\Images\Course_Images\CourseImages tap\Conducting a Technical Meeting.webp","C:\Websites\learningmanagementsystem\Images\Course_Images\TAP Courses Webp files\Conducting a Technical Meeting.webp",""
"Conducting Organisational Needs Analysis","Moved","C:\Websites\learningmanagementsystem\Images\Course_Images\CourseImages tap\Conducting Organisational Needs Analysis.webp","C:\Websites\learningmanagementsystem\Images\Course_Images\TAP Courses Webp files\Conducting Organisational Needs Analysis.webp",""
"Contract Administration in a New Business","Moved","C:\Websites\learningmanagementsystem\Images\Course_Images\CourseImages tap\Contract Administration in a New Business.webp","C:\Websites\learningmanagementsystem\Images\Course_Images\TAP Courses Webp files\Contract Administration in a New Business.webp",""
"Contribute to a Diverse Working Environment in a Contact Centre","Moved","C:\Websites\learningmanagementsystem\Images\Course_Images\CourseImages tap\Contribute to a Diverse Working Environment in a Contact Centre.webp","C:\Websites\learningmanagementsystem\Images\Course_Images\TAP Courses Webp files\Contribute to a Diverse Working Environment in a Contact Centre.webp",""
"Contributing to Project Initiation and Scope Definition","Moved","C:\Websites\learningmanagementsystem\Images\Course_Images\CourseImages tap\Contributing to Project Initiation and Scope Definition.webp","C:\Websites\learningmanagementsystem\Images\Course_Images\TAP Courses Webp files\Contributing to Project Initiation and Scope Definition.webp",""
"Contributing to Project Risk Management","Moved","C:\Websites\learningmanagementsystem\Images\Course_Images\CourseImages tap\Contributing to Project Risk Management.webp","C:\Websites\learningmanagementsystem\Images\Course_Images\TAP Courses Webp files\Contributing to Project Risk Management.webp",""
"Control Expenses Within a Budget","Moved","C:\Websites\learningmanagementsystem\Images\Course_Images\CourseImages tap\Control Expenses Within a Budget.webp","C:\Websites\learningmanagementsystem\Images\Course_Images\TAP Courses Webp files\Control Expenses Within a Budget.webp",""
"Create Database Access with SQL","Moved","C:\Websites\learningmanagementsystem\Images\Course_Images\CourseImages tap\Create Database Access with SQL.webp","C:\Websites\learningmanagementsystem\Images\Course_Images\TAP Courses Webp files\Create Database Access with SQL.webp",""
"Critical Thinking and Problem Resolution","Moved","C:\Websites\learningmanagementsystem\Images\Course_Images\CourseImages tap\Critical Thinking and Problem Resolution.webp","C:\Websites\learningmanagementsystem\Images\Course_Images\TAP Courses Webp files\Critical Thinking and Problem Resolution.webp",""
"Cultivating Productive Supply Chain Culture","Moved","C:\Websites\learningmanagementsystem\Images\Course_Images\CourseImages tap\Cultivating Productive Supply Chain Culture.webp","C:\Websites\learningmanagementsystem\Images\Course_Images\TAP Courses Webp files\Cultivating Productive Supply Chain Culture.webp",""
"Cultural Awareness","Moved","C:\Websites\learningmanagementsystem\Images\Course_Images\CourseImages tap\Cultural Awareness.webp","C:\Websites\learningmanagementsystem\Images\Course_Images\TAP Courses Webp files\Cultural Awareness.webp",""
"Customer Data Collection and Recording","Moved","C:\Websites\learningmanagementsystem\Images\Course_Images\CourseImages tap\Customer Data Collection and Recording.webp","C:\Websites\learningmanagementsystem\Images\Course_Images\TAP Courses Webp files\Customer Data Collection and Recording.webp",""
"Customer Satisfaction","Moved","C:\Websites\learningmanagementsystem\Images\Course_Images\CourseImages tap\Customer Satisfaction.webp","C:\Websites\learningmanagementsystem\Images\Course_Images\TAP Courses Webp files\Customer Satisfaction.webp",""
"Customer Service for Professionals","Moved","C:\Websites\learningmanagementsystem\Images\Course_Images\CourseImages tap\Customer Service for Professionals.webp","C:\Websites\learningmanagementsystem\Images\Course_Images\TAP Courses Webp files\Customer Service for Professionals.webp",""
"Data Checking Assessment","Moved","C:\Websites\learningmanagementsystem\Images\Course_Images\CourseImages tap\Data Checking Assessment.webp","C:\Websites\learningmanagementsystem\Images\Course_Images\TAP Courses Webp files\Data Checking Assessment.webp",""
"Define Core and Secondary Functions of an Organisation","Moved","C:\Websites\learningmanagementsystem\Images\Course_Images\CourseImages tap\Define Core and Secondary Functions of an Organisation.webp","C:\Websites\learningmanagementsystem\Images\Course_Images\TAP Courses Webp files\Define Core and Secondary Functions of an Organisation.webp",""
"Demonstrate an Understanding of Contact Centre and BPO Working Practices","Moved","C:\Websites\learningmanagementsystem\Images\Course_Images\CourseImages tap\Demonstrate an Understanding of Contact Centre and BPO Working Practices.webp","C:\Websites\learningmanagementsystem\Images\Course_Images\TAP Courses Webp files\Demonstrate an Understanding of Contact Centre and BPO Working Practices.webp",""
"Demonstrate Automotive Vehicle Product Knowledge","Moved","C:\Websites\learningmanagementsystem\Images\Course_Images\CourseImages tap\Demonstrate Automotive Vehicle Product Knowledge.webp","C:\Websites\learningmanagementsystem\Images\Course_Images\TAP Courses Webp files\Demonstrate Automotive Vehicle Product Knowledge.webp",""
"Demonstrate Knowledge and Application of Ethical Conduct in a Business Environment","Moved","C:\Websites\learningmanagementsystem\Images\Course_Images\CourseImages tap\Demonstrate Knowledge and Application of Ethical Conduct in a Business Environment.webp","C:\Websites\learningmanagementsystem\Images\Course_Images\TAP Courses Webp files\Demonstrate Knowledge and Application of Ethical Conduct in a Business Environment.webp",""
"Describe the Interaction With Internal Departments and External Sales Support Structures","Moved","C:\Websites\learningmanagementsystem\Images\Course_Images\CourseImages tap\Describe the Interaction With Internal Departments and External Sales Support Structures.webp","C:\Websites\learningmanagementsystem\Images\Course_Images\TAP Courses Webp files\Describe the Interaction With Internal Departments and External Sales Support Structures.webp",""
"Designing Information Systems","Moved","C:\Websites\learningmanagementsystem\Images\Course_Images\CourseImages tap\Designing Information Systems.webp","C:\Websites\learningmanagementsystem\Images\Course_Images\TAP Courses Webp files\Designing Information Systems.webp",""
"Develop Understanding Within an Organisation About the Risks Associated With Its Functioning and Contexts","Moved","C:\Websites\learningmanagementsystem\Images\Course_Images\CourseImages tap\Develop Understanding Within an Organisation About the Risks Associated With Its Functioning and Contexts.webp","C:\Websites\learningmanagementsystem\Images\Course_Images\TAP Courses Webp files\Develop Understanding Within an Organisation About the Risks Associated With Its Functioning and Contexts.webp",""
"Develop, Implement and Evaluate a Project Plan","Moved","C:\Websites\learningmanagementsystem\Images\Course_Images\CourseImages tap\Develop, Implement and Evaluate a Project Plan.webp","C:\Websites\learningmanagementsystem\Images\Course_Images\TAP Courses Webp files\Develop, Implement and Evaluate a Project Plan.webp",""
"Developing Innovative Work Environments","Moved","C:\Websites\learningmanagementsystem\Images\Course_Images\CourseImages tap\Developing Innovative Work Environments.webp","C:\Websites\learningmanagementsystem\Images\Course_Images\TAP Courses Webp files\Developing Innovative Work Environments.webp",""
"Developing Strategies for Operational Supply Optimisation","Moved","C:\Websites\learningmanagementsystem\Images\Course_Images\CourseImages tap\Developing Strategies for Operational Supply Optimisation.webp","C:\Websites\learningmanagementsystem\Images\Course_Images\TAP Courses Webp files\Developing Strategies for Operational Supply Optimisation.webp",""
"Devise and Apply Strategies to Establish and Maintain Workplace Relations","Moved","C:\Websites\learningmanagementsystem\Images\Course_Images\CourseImages tap\Devise and Apply Strategies to Establish and Maintain Workplace Relations.webp","C:\Websites\learningmanagementsystem\Images\Course_Images\TAP Courses Webp files\Devise and Apply Strategies to Establish and Maintain Workplace Relations.webp",""
"Effective Communication Techniques","Moved","C:\Websites\learningmanagementsystem\Images\Course_Images\CourseImages tap\Effective Communication Techniques.webp","C:\Websites\learningmanagementsystem\Images\Course_Images\TAP Courses Webp files\Effective Communication Techniques.webp",""
"Effective Performance in a Business","Moved","C:\Websites\learningmanagementsystem\Images\Course_Images\CourseImages tap\Effective Performance in a Business.webp","C:\Websites\learningmanagementsystem\Images\Course_Images\TAP Courses Webp files\Effective Performance in a Business.webp",""
"Effective Sales: A Masterclass","Moved","C:\Websites\learningmanagementsystem\Images\Course_Images\CourseImages tap\Effective Sales A Masterclass.webp","C:\Websites\learningmanagementsystem\Images\Course_Images\TAP Courses Webp files\Effective Sales A Masterclass.webp",""
"Effective Time Management","Moved","C:\Websites\learningmanagementsystem\Images\Course_Images\CourseImages tap\Effective Time Management.webp","C:\Websites\learningmanagementsystem\Images\Course_Images\TAP Courses Webp files\Effective Time Management.webp",""
"Emotional Intelligence","Moved","C:\Websites\learningmanagementsystem\Images\Course_Images\CourseImages tap\Emotional intelligence.webp","C:\Websites\learningmanagementsystem\Images\Course_Images\TAP Courses Webp files\Emotional intelligence.webp",""
"Employment Relations","Moved","C:\Websites\learningmanagementsystem\Images\Course_Images\CourseImages tap\Employment Relations.webp","C:\Websites\learningmanagementsystem\Images\Course_Images\TAP Courses Webp files\Employment Relations.webp",""
"Empowering Team Members","Moved","C:\Websites\learningmanagementsystem\Images\Course_Images\CourseImages tap\Empowering Team Members.webp","C:\Websites\learningmanagementsystem\Images\Course_Images\TAP Courses Webp files\Empowering Team Members.webp",""
"Entrepreneurial Characteristics","Moved","C:\Websites\learningmanagementsystem\Images\Course_Images\CourseImages tap\Entrepreneurial Characteristics.webp","C:\Websites\learningmanagementsystem\Images\Course_Images\TAP Courses Webp files\Entrepreneurial Characteristics.webp",""
"Everyday Business Functions","Moved","C:\Websites\learningmanagementsystem\Images\Course_Images\CourseImages tap\Everyday Business Functions.webp","C:\Websites\learningmanagementsystem\Images\Course_Images\TAP Courses Webp files\Everyday Business Functions.webp",""
"Exhibitor and Visitor Engagement Management","Moved","C:\Websites\learningmanagementsystem\Images\Course_Images\CourseImages tap\Exhibitor and Visitor Engagement Management.webp","C:\Websites\learningmanagementsystem\Images\Course_Images\TAP Courses Webp files\Exhibitor and Visitor Engagement Management.webp",""
"Explain Basic Health and Safety Principles in and Around the Workplace","Moved","C:\Websites\learningmanagementsystem\Images\Course_Images\CourseImages tap\Explain Basic Health and Safety Principles in and Around the Workplace.webp","C:\Websites\learningmanagementsystem\Images\Course_Images\TAP Courses Webp files\Explain Basic Health and Safety Principles in and Around the Workplace.webp",""
"Explain the Requirements for Becoming a Security Service Provider","Moved","C:\Websites\learningmanagementsystem\Images\Course_Images\CourseImages tap\Explain the Requirements for Becoming a Security Service Provider.webp","C:\Websites\learningmanagementsystem\Images\Course_Images\TAP Courses Webp files\Explain the Requirements for Becoming a Security Service Provider.webp",""
"Exploring Physical Quantities and Geometrical Relationships","Moved","C:\Websites\learningmanagementsystem\Images\Course_Images\CourseImages tap\Exploring Physical Quantities and Geometrical Relationships.webp","C:\Websites\learningmanagementsystem\Images\Course_Images\TAP Courses Webp files\Exploring Physical Quantities and Geometrical Relationships.webp",""
"Facilitator Training","Moved","C:\Websites\learningmanagementsystem\Images\Course_Images\CourseImages tap\Facilitator Training.webp","C:\Websites\learningmanagementsystem\Images\Course_Images\TAP Courses Webp files\Facilitator Training.webp",""
"Factors That Impact on the Bottom Line of a Wholesale and Retail Unit","Moved","C:\Websites\learningmanagementsystem\Images\Course_Images\CourseImages tap\Factors That Impact on the Bottom Line of a Wholesale and Retail Unit.webp","C:\Websites\learningmanagementsystem\Images\Course_Images\TAP Courses Webp files\Factors That Impact on the Bottom Line of a Wholesale and Retail Unit.webp",""
"Fair and Effective Disciplinary Procedures","Moved","C:\Websites\learningmanagementsystem\Images\Course_Images\CourseImages tap\Fair and Effective Disciplinary Procedures.webp","C:\Websites\learningmanagementsystem\Images\Course_Images\TAP Courses Webp files\Fair and Effective Disciplinary Procedures.webp",""
"Finance a New Venture","Moved","C:\Websites\learningmanagementsystem\Images\Course_Images\CourseImages tap\Finance a New Venture.webp","C:\Websites\learningmanagementsystem\Images\Course_Images\TAP Courses Webp files\Finance a New Venture.webp",""
"Finance For Non Financial Managers","Moved","C:\Websites\learningmanagementsystem\Images\Course_Images\CourseImages tap\Finance For Non Financial Managers.webp","C:\Websites\learningmanagementsystem\Images\Course_Images\TAP Courses Webp files\Finance For Non Financial Managers.webp",""
"Financial Advisory and Intermediary Services Act 2002 (FAIS) (Act 37 of 2002)","Moved","C:\Websites\learningmanagementsystem\Images\Course_Images\CourseImages tap\Financial Advisory and Intermediary Services Act 2002 (FAIS) (Act 37 of 2002).webp","C:\Websites\learningmanagementsystem\Images\Course_Images\TAP Courses Webp files\Financial Advisory and Intermediary Services Act 2002 (FAIS) (Act 37 of 2002).webp",""
"Financial Aspects of Personal, Business and National Issues","Moved","C:\Websites\learningmanagementsystem\Images\Course_Images\CourseImages tap\Financial Aspects of Personal, Business and National Issues.webp","C:\Websites\learningmanagementsystem\Images\Course_Images\TAP Courses Webp files\Financial Aspects of Personal, Business and National Issues.webp",""
"Financial Intelligence Centre Act (FICA)","Moved","C:\Websites\learningmanagementsystem\Images\Course_Images\CourseImages tap\Financial Intelligence Centre Act (FICA).webp","C:\Websites\learningmanagementsystem\Images\Course_Images\TAP Courses Webp files\Financial Intelligence Centre Act (FICA).webp",""
"Financial Management Essentials for Entrepreneurs","Moved","C:\Websites\learningmanagementsystem\Images\Course_Images\CourseImages tap\Financial Management Essentials for Entrepreneurs.webp","C:\Websites\learningmanagementsystem\Images\Course_Images\TAP Courses Webp files\Financial Management Essentials for Entrepreneurs.webp",""
"Financial Mathematics & Analysis","Moved","C:\Websites\learningmanagementsystem\Images\Course_Images\CourseImages tap\Financial Mathematics & Analysis.webp","C:\Websites\learningmanagementsystem\Images\Course_Images\TAP Courses Webp files\Financial Mathematics & Analysis.webp",""
"Financial Modeling","Moved","C:\Websites\learningmanagementsystem\Images\Course_Images\CourseImages tap\Financial Modeling.webp","C:\Websites\learningmanagementsystem\Images\Course_Images\TAP Courses Webp files\Financial Modeling.webp",""
"Financial Planning for New Ventures","Moved","C:\Websites\learningmanagementsystem\Images\Course_Images\CourseImages tap\Financial Planning for New Ventures.webp","C:\Websites\learningmanagementsystem\Images\Course_Images\TAP Courses Webp files\Financial Planning for New Ventures.webp",""
"Fire Fighting","Moved","C:\Websites\learningmanagementsystem\Images\Course_Images\CourseImages tap\Fire Fighting.webp","C:\Websites\learningmanagementsystem\Images\Course_Images\TAP Courses Webp files\Fire Fighting.webp",""
"First Aid","Moved","C:\Websites\learningmanagementsystem\Images\Course_Images\CourseImages tap\First Aid.webp","C:\Websites\learningmanagementsystem\Images\Course_Images\TAP Courses Webp files\First Aid.webp",""
"Foundations of English: Building Blocks for Effective Communication","Moved","C:\Websites\learningmanagementsystem\Images\Course_Images\CourseImages tap\Foundations of English Building Blocks for Effective Communication.webp","C:\Websites\learningmanagementsystem\Images\Course_Images\TAP Courses Webp files\Foundations of English Building Blocks for Effective Communication.webp",""
"Fraud Management in the Office","Moved","C:\Websites\learningmanagementsystem\Images\Course_Images\CourseImages tap\Fraud Management in the Office.webp","C:\Websites\learningmanagementsystem\Images\Course_Images\TAP Courses Webp files\Fraud Management in the Office.webp",""
"Fundamentals of International Trade","Moved","C:\Websites\learningmanagementsystem\Images\Course_Images\CourseImages tap\Fundamentals of International Trade.webp","C:\Websites\learningmanagementsystem\Images\Course_Images\TAP Courses Webp files\Fundamentals of International Trade.webp",""
"Gather and Provide Relevant Information to Contribute to Contact Centre Problem Solving","Moved","C:\Websites\learningmanagementsystem\Images\Course_Images\CourseImages tap\Gather and Provide Relevant Information to Contribute to Contact Centre Problem Solving.webp","C:\Websites\learningmanagementsystem\Images\Course_Images\TAP Courses Webp files\Gather and Provide Relevant Information to Contribute to Contact Centre Problem Solving.webp",""
"Give Evidence In Court","Moved","C:\Websites\learningmanagementsystem\Images\Course_Images\CourseImages tap\Give Evidence In Court.webp","C:\Websites\learningmanagementsystem\Images\Course_Images\TAP Courses Webp files\Give Evidence In Court.webp",""
"Google Sheets and Forms","Moved","C:\Websites\learningmanagementsystem\Images\Course_Images\CourseImages tap\Google Sheets and Forms.webp","C:\Websites\learningmanagementsystem\Images\Course_Images\TAP Courses Webp files\Google Sheets and Forms.webp",""
"Hand Over a Serviced Vehicle","Moved","C:\Websites\learningmanagementsystem\Images\Course_Images\CourseImages tap\Hand Over a Serviced Vehicle.webp","C:\Websites\learningmanagementsystem\Images\Course_Images\TAP Courses Webp files\Hand Over a Serviced Vehicle.webp",""
"Handle Complaints and Problems","Moved","C:\Websites\learningmanagementsystem\Images\Course_Images\CourseImages tap\Handle Complaints and Problems.webp","C:\Websites\learningmanagementsystem\Images\Course_Images\TAP Courses Webp files\Handle Complaints and Problems.webp",""
"How to Deal With Depression","Moved","C:\Websites\learningmanagementsystem\Images\Course_Images\CourseImages tap\How to Deal With Depression.webp","C:\Websites\learningmanagementsystem\Images\Course_Images\TAP Courses Webp files\How to Deal With Depression.webp",""
"How to Start Your First Business","Moved","C:\Websites\learningmanagementsystem\Images\Course_Images\CourseImages tap\How to Start Your First Business.webp","C:\Websites\learningmanagementsystem\Images\Course_Images\TAP Courses Webp files\How to Start Your First Business.webp",""
"How to Take Care of a Baby","Moved","C:\Websites\learningmanagementsystem\Images\Course_Images\CourseImages tap\How to Take Care of a Baby.webp","C:\Websites\learningmanagementsystem\Images\Course_Images\TAP Courses Webp files\How to Take Care of a Baby.webp",""
"Identify and Respond to Customer Needs in a Contact Centre","Moved","C:\Websites\learningmanagementsystem\Images\Course_Images\CourseImages tap\Identify and Respond to Customer Needs in a Contact Centre.webp","C:\Websites\learningmanagementsystem\Images\Course_Images\TAP Courses Webp files\Identify and Respond to Customer Needs in a Contact Centre.webp",""
"Identify Customers and Generate Selling Opportunities","Moved","C:\Websites\learningmanagementsystem\Images\Course_Images\CourseImages tap\Identify Customers and Generate Selling Opportunities.webp","C:\Websites\learningmanagementsystem\Images\Course_Images\TAP Courses Webp files\Identify Customers and Generate Selling Opportunities.webp",""
"Identifying Business Opportunities","Moved","C:\Websites\learningmanagementsystem\Images\Course_Images\CourseImages tap\Identifying Business Opportunities.webp","C:\Websites\learningmanagementsystem\Images\Course_Images\TAP Courses Webp files\Identifying Business Opportunities.webp",""
"Implement and Manage Human Resource and Labour Relations Policies and Acts","Moved","C:\Websites\learningmanagementsystem\Images\Course_Images\CourseImages tap\Implement and Manage Human Resource and Labour Relations Policies and Acts.webp","C:\Websites\learningmanagementsystem\Images\Course_Images\TAP Courses Webp files\Implement and Manage Human Resource and Labour Relations Policies and Acts.webp",""
"Implementation Options for Information Technology (IT)","Moved","C:\Websites\learningmanagementsystem\Images\Course_Images\CourseImages tap\Implementation Options for Information Technology (IT).webp","C:\Websites\learningmanagementsystem\Images\Course_Images\TAP Courses Webp files\Implementation Options for Information Technology (IT).webp",""
"Implementing and Maintaining Information Systems","Moved","C:\Websites\learningmanagementsystem\Images\Course_Images\CourseImages tap\Implementing and Maintaining Information Systems.webp","C:\Websites\learningmanagementsystem\Images\Course_Images\TAP Courses Webp files\Implementing and Maintaining Information Systems.webp",""
"Implementing Project Administration Processes","Moved","C:\Websites\learningmanagementsystem\Images\Course_Images\CourseImages tap\Implementing Project Administration Processes.webp","C:\Websites\learningmanagementsystem\Images\Course_Images\TAP Courses Webp files\Implementing Project Administration Processes.webp",""
"Incorporate Batho Pele Principles in Your Work Role","Moved","C:\Websites\learningmanagementsystem\Images\Course_Images\CourseImages tap\Incorporate Batho Pele Principles in Your Work Role.webp","C:\Websites\learningmanagementsystem\Images\Course_Images\TAP Courses Webp files\Incorporate Batho Pele Principles in Your Work Role.webp",""
"Installing a Networked Workstation","Moved","C:\Websites\learningmanagementsystem\Images\Course_Images\CourseImages tap\Installing a Networked Workstation.webp","C:\Websites\learningmanagementsystem\Images\Course_Images\TAP Courses Webp files\Installing a Networked Workstation.webp",""
"Instil in Myself a Personal Contact Centre Culture","Moved","C:\Websites\learningmanagementsystem\Images\Course_Images\CourseImages tap\Instil in Myself a Personal Contact Centre Culture.webp","C:\Websites\learningmanagementsystem\Images\Course_Images\TAP Courses Webp files\Instil in Myself a Personal Contact Centre Culture.webp",""
"Intermediate Excel Assessment","Moved","C:\Websites\learningmanagementsystem\Images\Course_Images\CourseImages tap\Intermediate Excel Assessment.webp","C:\Websites\learningmanagementsystem\Images\Course_Images\TAP Courses Webp files\Intermediate Excel Assessment.webp",""
"Intermediate Microsoft Excel","Moved","C:\Websites\learningmanagementsystem\Images\Course_Images\CourseImages tap\Intermediate Microsoft Excel.webp","C:\Websites\learningmanagementsystem\Images\Course_Images\TAP Courses Webp files\Intermediate Microsoft Excel.webp",""
"Intermediate Microsoft Word","Moved","C:\Websites\learningmanagementsystem\Images\Course_Images\CourseImages tap\Intermediate Microsoft Word.webp","C:\Websites\learningmanagementsystem\Images\Course_Images\TAP Courses Webp files\Intermediate Microsoft Word.webp",""
"Interpret Classification Systems in Order to Organise, Retrieve and Dispose of Records","Moved","C:\Websites\learningmanagementsystem\Images\Course_Images\CourseImages tap\Interpret Classification Systems in Order to Organise, Retrieve and Dispose of Records.webp","C:\Websites\learningmanagementsystem\Images\Course_Images\TAP Courses Webp files\Interpret Classification Systems in Order to Organise, Retrieve and Dispose of Records.webp",""
"Interpreting Financial Reports","Moved","C:\Websites\learningmanagementsystem\Images\Course_Images\CourseImages tap\Interpreting Financial Reports.webp","C:\Websites\learningmanagementsystem\Images\Course_Images\TAP Courses Webp files\Interpreting Financial Reports.webp",""
"Interpreting Literary Texts","Moved","C:\Websites\learningmanagementsystem\Images\Course_Images\CourseImages tap\Interpreting Literary Texts.webp","C:\Websites\learningmanagementsystem\Images\Course_Images\TAP Courses Webp files\Interpreting Literary Texts.webp",""
"Interview Skills Assessment","Moved","C:\Websites\learningmanagementsystem\Images\Course_Images\CourseImages tap\Interview Skills Assessment.webp","C:\Websites\learningmanagementsystem\Images\Course_Images\TAP Courses Webp files\Interview Skills Assessment.webp",""
"Interviewing Skills for Employers","Moved","C:\Websites\learningmanagementsystem\Images\Course_Images\CourseImages tap\Interviewing Skills for Employers.webp","C:\Websites\learningmanagementsystem\Images\Course_Images\TAP Courses Webp files\Interviewing Skills for Employers.webp",""
"Introduce New Staff to the Workplace","Moved","C:\Websites\learningmanagementsystem\Images\Course_Images\CourseImages tap\Introduce New Staff to the Workplace.webp","C:\Websites\learningmanagementsystem\Images\Course_Images\TAP Courses Webp files\Introduce New Staff to the Workplace.webp",""
"Introducing a New Team Member","Moved","C:\Websites\learningmanagementsystem\Images\Course_Images\CourseImages tap\Introducing a New Team Member.webp","C:\Websites\learningmanagementsystem\Images\Course_Images\TAP Courses Webp files\Introducing a New Team Member.webp",""
"Introduction to Computers","Moved","C:\Websites\learningmanagementsystem\Images\Course_Images\CourseImages tap\Introduction to Computers.webp","C:\Websites\learningmanagementsystem\Images\Course_Images\TAP Courses Webp files\Introduction to Computers.webp",""
"Introduction to Labour Law and the Basic Conditions of Employment Act","Moved","C:\Websites\learningmanagementsystem\Images\Course_Images\CourseImages tap\Introduction to Labour Law and the Basic Conditions of Employment Act.webp","C:\Websites\learningmanagementsystem\Images\Course_Images\TAP Courses Webp files\Introduction to Labour Law and the Basic Conditions of Employment Act.webp",""
"IT Business Analysis","Moved","C:\Websites\learningmanagementsystem\Images\Course_Images\CourseImages tap\IT Business Analysis.webp","C:\Websites\learningmanagementsystem\Images\Course_Images\TAP Courses Webp files\IT Business Analysis.webp",""
"IT Solutions Assessment","Moved","C:\Websites\learningmanagementsystem\Images\Course_Images\CourseImages tap\IT Solutions Assessment.webp","C:\Websites\learningmanagementsystem\Images\Course_Images\TAP Courses Webp files\IT Solutions Assessment.webp",""
"IT Support & Customer Care","Moved","C:\Websites\learningmanagementsystem\Images\Course_Images\CourseImages tap\IT Support & Customer Care.webp","C:\Websites\learningmanagementsystem\Images\Course_Images\TAP Courses Webp files\IT Support & Customer Care.webp",""
"IT Support and Enterprise Systems Management","Moved","C:\Websites\learningmanagementsystem\Images\Course_Images\CourseImages tap\IT Support and Enterprise Systems Management.webp","C:\Websites\learningmanagementsystem\Images\Course_Images\TAP Courses Webp files\IT Support and Enterprise Systems Management.webp",""
"IT System Support","Moved","C:\Websites\learningmanagementsystem\Images\Course_Images\CourseImages tap\IT System Support.webp","C:\Websites\learningmanagementsystem\Images\Course_Images\TAP Courses Webp files\IT System Support.webp",""
"Knowledge Management","Moved","C:\Websites\learningmanagementsystem\Images\Course_Images\CourseImages tap\Knowledge Management.webp","C:\Websites\learningmanagementsystem\Images\Course_Images\TAP Courses Webp files\Knowledge Management.webp",""
"LAN Installation and Commissioning","Moved","C:\Websites\learningmanagementsystem\Images\Course_Images\CourseImages tap\LAN Installation and Commissioning.webp","C:\Websites\learningmanagementsystem\Images\Course_Images\TAP Courses Webp files\LAN Installation and Commissioning.webp",""
"Language and Communication in Occupational Learning","Moved","C:\Websites\learningmanagementsystem\Images\Course_Images\CourseImages tap\Language and Communication in Occupational Learning.webp","C:\Websites\learningmanagementsystem\Images\Course_Images\TAP Courses Webp files\Language and Communication in Occupational Learning.webp",""
"Language Proficiency Test (English)","Moved","C:\Websites\learningmanagementsystem\Images\Course_Images\CourseImages tap\Language Proficiency Test (English).webp","C:\Websites\learningmanagementsystem\Images\Course_Images\TAP Courses Webp files\Language Proficiency Test (English).webp",""
"Leadership in Supply Chain Management","Moved","C:\Websites\learningmanagementsystem\Images\Course_Images\CourseImages tap\Leadership in Supply Chain Management.webp","C:\Websites\learningmanagementsystem\Images\Course_Images\TAP Courses Webp files\Leadership in Supply Chain Management.webp",""
"Leadership Theories","Moved","C:\Websites\learningmanagementsystem\Images\Course_Images\CourseImages tap\Leadership Theories.webp","C:\Websites\learningmanagementsystem\Images\Course_Images\TAP Courses Webp files\Leadership Theories.webp",""
"Local Area Network (LAN) Management Issues","Moved","C:\Websites\learningmanagementsystem\Images\Course_Images\CourseImages tap\Local Area Network (LAN) Management Issues.webp","C:\Websites\learningmanagementsystem\Images\Course_Images\TAP Courses Webp files\Local Area Network (LAN) Management Issues.webp",""
"Local Area Network Administration","Moved","C:\Websites\learningmanagementsystem\Images\Course_Images\CourseImages tap\Local Area Network Administration.webp","C:\Websites\learningmanagementsystem\Images\Course_Images\TAP Courses Webp files\Local Area Network Administration.webp",""
"Logical Problem Solving and Error Detection","Moved","C:\Websites\learningmanagementsystem\Images\Course_Images\CourseImages tap\Logical Problem Solving and Error Detection.webp","C:\Websites\learningmanagementsystem\Images\Course_Images\TAP Courses Webp files\Logical Problem Solving and Error Detection.webp",""
"Maintain and Adapt Oral/signed Communication","Moved","C:\Websites\learningmanagementsystem\Images\Course_Images\CourseImages tap\Maintain and Adapt Oralsigned Communication.webp","C:\Websites\learningmanagementsystem\Images\Course_Images\TAP Courses Webp files\Maintain and Adapt Oralsigned Communication.webp",""
"Maintain Stock in the Automotive Sales Retail Industry","Moved","C:\Websites\learningmanagementsystem\Images\Course_Images\CourseImages tap\Maintain Stock in the Automotive Sales Retail Industry.webp","C:\Websites\learningmanagementsystem\Images\Course_Images\TAP Courses Webp files\Maintain Stock in the Automotive Sales Retail Industry.webp",""
"Maintenance of Office Equipment","Moved","C:\Websites\learningmanagementsystem\Images\Course_Images\CourseImages tap\Maintenance of Office Equipment.webp","C:\Websites\learningmanagementsystem\Images\Course_Images\TAP Courses Webp files\Maintenance of Office Equipment.webp",""
"Make Appointments and Control Flow of Customer Vehicles","Moved","C:\Websites\learningmanagementsystem\Images\Course_Images\CourseImages tap\Make Appointments and Control Flow of Customer Vehicles.webp","C:\Websites\learningmanagementsystem\Images\Course_Images\TAP Courses Webp files\Make Appointments and Control Flow of Customer Vehicles.webp",""
"Manage and Communicate Requirements","Moved","C:\Websites\learningmanagementsystem\Images\Course_Images\CourseImages tap\Manage and Communicate Requirements.webp","C:\Websites\learningmanagementsystem\Images\Course_Images\TAP Courses Webp files\Manage and Communicate Requirements.webp",""
"Manage and Supervise Business Analysis","Moved","C:\Websites\learningmanagementsystem\Images\Course_Images\CourseImages tap\Manage and Supervise Business Analysis.webp","C:\Websites\learningmanagementsystem\Images\Course_Images\TAP Courses Webp files\Manage and Supervise Business Analysis.webp",""
"Manage Business Operations","Moved","C:\Websites\learningmanagementsystem\Images\Course_Images\CourseImages tap\Manage Business Operations.webp","C:\Websites\learningmanagementsystem\Images\Course_Images\TAP Courses Webp files\Manage Business Operations.webp",""
"Manage Diversity to Add Value in the Workplace","Moved","C:\Websites\learningmanagementsystem\Images\Course_Images\CourseImages tap\Manage Diversity to Add Value in the Workplace.webp","C:\Websites\learningmanagementsystem\Images\Course_Images\TAP Courses Webp files\Manage Diversity to Add Value in the Workplace.webp",""
"Manage General Administration","Moved","C:\Websites\learningmanagementsystem\Images\Course_Images\CourseImages tap\Manage General Administration.webp","C:\Websites\learningmanagementsystem\Images\Course_Images\TAP Courses Webp files\Manage General Administration.webp",""
"Manage in-bound and/or Out-bound Calls in a Contact Centre","Moved","C:\Websites\learningmanagementsystem\Images\Course_Images\CourseImages tap\Manage in-bound andor Out-bound Calls in a Contact Centre.webp","C:\Websites\learningmanagementsystem\Images\Course_Images\TAP Courses Webp files\Manage in-bound andor Out-bound Calls in a Contact Centre.webp",""
"Manage Personal Finances","Moved","C:\Websites\learningmanagementsystem\Images\Course_Images\CourseImages tap\Manage Personal Finances.webp","C:\Websites\learningmanagementsystem\Images\Course_Images\TAP Courses Webp files\Manage Personal Finances.webp",""
"Manage Project Meetings and Workshops","Moved","C:\Websites\learningmanagementsystem\Images\Course_Images\CourseImages tap\Manage Project Meetings and Workshops.webp","C:\Websites\learningmanagementsystem\Images\Course_Images\TAP Courses Webp files\Manage Project Meetings and Workshops.webp",""
"Managing an Information System in a Business","Moved","C:\Websites\learningmanagementsystem\Images\Course_Images\CourseImages tap\Managing an Information System in a Business.webp","C:\Websites\learningmanagementsystem\Images\Course_Images\TAP Courses Webp files\Managing an Information System in a Business.webp",""
"Managing Customer Complaints in a Contact Centre","Moved","C:\Websites\learningmanagementsystem\Images\Course_Images\CourseImages tap\Managing Customer Complaints in a Contact Centre.webp","C:\Websites\learningmanagementsystem\Images\Course_Images\TAP Courses Webp files\Managing Customer Complaints in a Contact Centre.webp",""
"Managing of Service Providers","Moved","C:\Websites\learningmanagementsystem\Images\Course_Images\CourseImages tap\Managing of Service Providers.webp","C:\Websites\learningmanagementsystem\Images\Course_Images\TAP Courses Webp files\Managing of Service Providers.webp",""
"Managing Office Supplies","Moved","C:\Websites\learningmanagementsystem\Images\Course_Images\CourseImages tap\Managing Office Supplies.webp","C:\Websites\learningmanagementsystem\Images\Course_Images\TAP Courses Webp files\Managing Office Supplies.webp",""
"Managing Project Documentation","Moved","C:\Websites\learningmanagementsystem\Images\Course_Images\CourseImages tap\Managing Project Documentation.webp","C:\Websites\learningmanagementsystem\Images\Course_Images\TAP Courses Webp files\Managing Project Documentation.webp",""
"Managing Supply Chain Relationships","Moved","C:\Websites\learningmanagementsystem\Images\Course_Images\CourseImages tap\Managing Supply Chain Relationships.webp","C:\Websites\learningmanagementsystem\Images\Course_Images\TAP Courses Webp files\Managing Supply Chain Relationships.webp",""
"Managing Workplace Conflicts","Moved","C:\Websites\learningmanagementsystem\Images\Course_Images\CourseImages tap\Managing Workplace Conflicts.webp","C:\Websites\learningmanagementsystem\Images\Course_Images\TAP Courses Webp files\Managing Workplace Conflicts.webp",""
"Mastering Cv Construction and Interview Skills","Moved","C:\Websites\learningmanagementsystem\Images\Course_Images\CourseImages tap\Mastering Cv Construction and Interview Skills.webp","C:\Websites\learningmanagementsystem\Images\Course_Images\TAP Courses Webp files\Mastering Cv Construction and Interview Skills.webp",""
"Mastering Disciplinary Hearings: A Comprehensive Guide","Moved","C:\Websites\learningmanagementsystem\Images\Course_Images\CourseImages tap\Mastering Disciplinary Hearings A Comprehensive Guide.webp","C:\Websites\learningmanagementsystem\Images\Course_Images\TAP Courses Webp files\Mastering Disciplinary Hearings A Comprehensive Guide.webp",""
"Match New Venture Opportunity to Market Needs","Moved","C:\Websites\learningmanagementsystem\Images\Course_Images\CourseImages tap\Match New Venture Opportunity to Market Needs.webp","C:\Websites\learningmanagementsystem\Images\Course_Images\TAP Courses Webp files\Match New Venture Opportunity to Market Needs.webp",""
"Mathematical Analysis in Economics and Finance","Moved","C:\Websites\learningmanagementsystem\Images\Course_Images\CourseImages tap\Mathematical Analysis in Economics and Finance.webp","C:\Websites\learningmanagementsystem\Images\Course_Images\TAP Courses Webp files\Mathematical Analysis in Economics and Finance.webp",""
"Meet Performance Standards Within a Contact Centre","Moved","C:\Websites\learningmanagementsystem\Images\Course_Images\CourseImages tap\Meet Performance Standards Within a Contact Centre.webp","C:\Websites\learningmanagementsystem\Images\Course_Images\TAP Courses Webp files\Meet Performance Standards Within a Contact Centre.webp",""
"Merchandise and display products, services and related goods","Moved","C:\Websites\learningmanagementsystem\Images\Course_Images\CourseImages tap\Merchandise and display products, services and related goods.webp","C:\Websites\learningmanagementsystem\Images\Course_Images\TAP Courses Webp files\Merchandise and display products, services and related goods.webp",""
"Microsoft Outlook","Moved","C:\Websites\learningmanagementsystem\Images\Course_Images\CourseImages tap\Microsoft Outlook.webp","C:\Websites\learningmanagementsystem\Images\Course_Images\TAP Courses Webp files\Microsoft Outlook.webp",""
"Microsoft Teams","Moved","C:\Websites\learningmanagementsystem\Images\Course_Images\CourseImages tap\Microsoft Teams.webp","C:\Websites\learningmanagementsystem\Images\Course_Images\TAP Courses Webp files\Microsoft Teams.webp",""
"Microsoft Visual Basic for Excel","Moved","C:\Websites\learningmanagementsystem\Images\Course_Images\CourseImages tap\Microsoft Visual Basic for Excel.webp","C:\Websites\learningmanagementsystem\Images\Course_Images\TAP Courses Webp files\Microsoft Visual Basic for Excel.webp",""
"Moderator","Moved","C:\Websites\learningmanagementsystem\Images\Course_Images\CourseImages tap\Moderator.webp","C:\Websites\learningmanagementsystem\Images\Course_Images\TAP Courses Webp files\Moderator.webp",""
"Monitor, Assess and Manage Risk","Moved","C:\Websites\learningmanagementsystem\Images\Course_Images\CourseImages tap\Monitor, Assess and Manage Risk.webp","C:\Websites\learningmanagementsystem\Images\Course_Images\TAP Courses Webp files\Monitor, Assess and Manage Risk.webp",""
"Motivational Theories and Principles in Leadership","Moved","C:\Websites\learningmanagementsystem\Images\Course_Images\CourseImages tap\Motivational Theories and Principles in Leadership.webp","C:\Websites\learningmanagementsystem\Images\Course_Images\TAP Courses Webp files\Motivational Theories and Principles in Leadership.webp",""
"Motor Vehicle Learner's License - K53","Moved","C:\Websites\learningmanagementsystem\Images\Course_Images\CourseImages tap\Motor Vehicle Learner's License - K53.webp","C:\Websites\learningmanagementsystem\Images\Course_Images\TAP Courses Webp files\Motor Vehicle Learner's License - K53.webp",""
"Motorcycle Learner's License - K53","Moved","C:\Websites\learningmanagementsystem\Images\Course_Images\CourseImages tap\Motorcycle Learner's License - K53.webp","C:\Websites\learningmanagementsystem\Images\Course_Images\TAP Courses Webp files\Motorcycle Learner's License - K53.webp",""
"Multi-User Computer System Security Administration","Moved","C:\Websites\learningmanagementsystem\Images\Course_Images\CourseImages tap\Multi-User Computer System Security Administration.webp","C:\Websites\learningmanagementsystem\Images\Course_Images\TAP Courses Webp files\Multi-User Computer System Security Administration.webp",""
"Multi-User Operating System Management","Moved","C:\Websites\learningmanagementsystem\Images\Course_Images\CourseImages tap\Multi-User Operating System Management.webp","C:\Websites\learningmanagementsystem\Images\Course_Images\TAP Courses Webp files\Multi-User Operating System Management.webp",""
"Negotiation Skills","Moved","C:\Websites\learningmanagementsystem\Images\Course_Images\CourseImages tap\Negotiation Skills.webp","C:\Websites\learningmanagementsystem\Images\Course_Images\TAP Courses Webp files\Negotiation Skills.webp",""
"Negotiation Skills in Business","Moved","C:\Websites\learningmanagementsystem\Images\Course_Images\CourseImages tap\Negotiation Skills in Business.webp","C:\Websites\learningmanagementsystem\Images\Course_Images\TAP Courses Webp files\Negotiation Skills in Business.webp",""
"New Venture Marketing Strategies","Moved","C:\Websites\learningmanagementsystem\Images\Course_Images\CourseImages tap\New Venture Marketing Strategies.webp","C:\Websites\learningmanagementsystem\Images\Course_Images\TAP Courses Webp files\New Venture Marketing Strategies.webp",""
"Numerical Reasoning Assessment","Moved","C:\Websites\learningmanagementsystem\Images\Course_Images\CourseImages tap\Numerical Reasoning Assessment.webp","C:\Websites\learningmanagementsystem\Images\Course_Images\TAP Courses Webp files\Numerical Reasoning Assessment.webp",""
"Occupational Health and Safety","Moved","C:\Websites\learningmanagementsystem\Images\Course_Images\CourseImages tap\Occupational Health and Safety.webp","C:\Websites\learningmanagementsystem\Images\Course_Images\TAP Courses Webp files\Occupational Health and Safety.webp",""
"Office Etiquette","Moved","C:\Websites\learningmanagementsystem\Images\Course_Images\CourseImages tap\Office Etiquette.webp","C:\Websites\learningmanagementsystem\Images\Course_Images\TAP Courses Webp files\Office Etiquette.webp",""
"Office Local Area Network (LAN) Design","Moved","C:\Websites\learningmanagementsystem\Images\Course_Images\CourseImages tap\Office Local Area Network (LAN) Design.webp","C:\Websites\learningmanagementsystem\Images\Course_Images\TAP Courses Webp files\Office Local Area Network (LAN) Design.webp",""
"Operational Planning","Moved","C:\Websites\learningmanagementsystem\Images\Course_Images\CourseImages tap\Operational Planning.webp","C:\Websites\learningmanagementsystem\Images\Course_Images\TAP Courses Webp files\Operational Planning.webp",""
"Optimising Supply Chain Information","Moved","C:\Websites\learningmanagementsystem\Images\Course_Images\CourseImages tap\Optimising Supply Chain Information.webp","C:\Websites\learningmanagementsystem\Images\Course_Images\TAP Courses Webp files\Optimising Supply Chain Information.webp",""
"Optimising Supply Chain Performance","Moved","C:\Websites\learningmanagementsystem\Images\Course_Images\CourseImages tap\Optimising Supply Chain Performance.webp","C:\Websites\learningmanagementsystem\Images\Course_Images\TAP Courses Webp files\Optimising Supply Chain Performance.webp",""
"Oral Communication and Text Evaluation","Moved","C:\Websites\learningmanagementsystem\Images\Course_Images\CourseImages tap\Oral Communication and Text Evaluation.webp","C:\Websites\learningmanagementsystem\Images\Course_Images\TAP Courses Webp files\Oral Communication and Text Evaluation.webp",""
"Oversee and Share Project Timelines","Moved","C:\Websites\learningmanagementsystem\Images\Course_Images\CourseImages tap\Oversee and Share Project Timelines.webp","C:\Websites\learningmanagementsystem\Images\Course_Images\TAP Courses Webp files\Oversee and Share Project Timelines.webp",""
"Participate in the Estimation and Preparation of Cost Budget for a Project or Sub-project and Monitor and Control Actual Cost Against Budget","Moved","C:\Websites\learningmanagementsystem\Images\Course_Images\CourseImages tap\Participate in the Estimation and Preparation of Cost Budget for a Project or Sub-project and Monitor and Control Actual Cost Against Budget.webp","C:\Websites\learningmanagementsystem\Images\Course_Images\TAP Courses Webp files\Participate in the Estimation and Preparation of Cost Budget for a Project or Sub-project and Monitor and Control Actual Cost Against Budget.webp",""
"Perform Basic Business Calculations","Moved","C:\Websites\learningmanagementsystem\Images\Course_Images\CourseImages tap\Perform Basic Business Calculations.webp","C:\Websites\learningmanagementsystem\Images\Course_Images\TAP Courses Webp files\Perform Basic Business Calculations.webp",""
"Perform Basic Fire Fighting","Moved","C:\Websites\learningmanagementsystem\Images\Course_Images\CourseImages tap\Perform Basic Fire Fighting.webp","C:\Websites\learningmanagementsystem\Images\Course_Images\TAP Courses Webp files\Perform Basic Fire Fighting.webp",""
"Perform Hand Over and Take Over Responsibilities","Moved","C:\Websites\learningmanagementsystem\Images\Course_Images\CourseImages tap\Perform Hand Over and Take Over Responsibilities.webp","C:\Websites\learningmanagementsystem\Images\Course_Images\TAP Courses Webp files\Perform Hand Over and Take Over Responsibilities.webp",""
"Perform Requirements Analysis","Moved","C:\Websites\learningmanagementsystem\Images\Course_Images\CourseImages tap\Perform Requirements Analysis.webp","C:\Websites\learningmanagementsystem\Images\Course_Images\TAP Courses Webp files\Perform Requirements Analysis.webp",""
"Performance Standards and Review Processes","Moved","C:\Websites\learningmanagementsystem\Images\Course_Images\CourseImages tap\Performance Standards and Review Processes.webp","C:\Websites\learningmanagementsystem\Images\Course_Images\TAP Courses Webp files\Performance Standards and Review Processes.webp",""
"Personal Development","Moved","C:\Websites\learningmanagementsystem\Images\Course_Images\CourseImages tap\Personal Development.webp","C:\Websites\learningmanagementsystem\Images\Course_Images\TAP Courses Webp files\Personal Development.webp",""
"Philosophy of Supply Chain Management","Moved","C:\Websites\learningmanagementsystem\Images\Course_Images\CourseImages tap\Philosophy of Supply Chain Management.webp","C:\Websites\learningmanagementsystem\Images\Course_Images\TAP Courses Webp files\Philosophy of Supply Chain Management.webp",""
"Plan and Manage Production/Operations in a New Venture","Moved","C:\Websites\learningmanagementsystem\Images\Course_Images\CourseImages tap\Plan and Manage ProductionOperations in a New Venture.webp","C:\Websites\learningmanagementsystem\Images\Course_Images\TAP Courses Webp files\Plan and Manage ProductionOperations in a New Venture.webp",""
"Plan and Prepare Meeting Communications","Moved","C:\Websites\learningmanagementsystem\Images\Course_Images\CourseImages tap\Plan and Prepare Meeting Communications.webp","C:\Websites\learningmanagementsystem\Images\Course_Images\TAP Courses Webp files\Plan and Prepare Meeting Communications.webp",""
"Prepare and Deliver a Purchased Vehicle to a Customer","Moved","C:\Websites\learningmanagementsystem\Images\Course_Images\CourseImages tap\Prepare and Deliver a Purchased Vehicle to a Customer.webp","C:\Websites\learningmanagementsystem\Images\Course_Images\TAP Courses Webp files\Prepare and Deliver a Purchased Vehicle to a Customer.webp",""
"Present Information in Report Format","Moved","C:\Websites\learningmanagementsystem\Images\Course_Images\CourseImages tap\Present Information in Report Format.webp","C:\Websites\learningmanagementsystem\Images\Course_Images\TAP Courses Webp files\Present Information in Report Format.webp",""
"Process Data Using Information Technology","Moved","C:\Websites\learningmanagementsystem\Images\Course_Images\CourseImages tap\Process Data Using Information Technology.webp","C:\Websites\learningmanagementsystem\Images\Course_Images\TAP Courses Webp files\Process Data Using Information Technology.webp",""
"Process Facilitation in Supply Chain Information Integration","Moved","C:\Websites\learningmanagementsystem\Images\Course_Images\CourseImages tap\Process Facilitation in Supply Chain Information Integration.webp","C:\Websites\learningmanagementsystem\Images\Course_Images\TAP Courses Webp files\Process Facilitation in Supply Chain Information Integration.webp",""
"Process Incoming and Outgoing Telephone Calls","Moved","C:\Websites\learningmanagementsystem\Images\Course_Images\CourseImages tap\Process Incoming and Outgoing Telephone Calls.webp","C:\Websites\learningmanagementsystem\Images\Course_Images\TAP Courses Webp files\Process Incoming and Outgoing Telephone Calls.webp",""
"Process Vehicle Service or Repair Requests","Moved","C:\Websites\learningmanagementsystem\Images\Course_Images\CourseImages tap\Process Vehicle Service or Repair Requests.webp","C:\Websites\learningmanagementsystem\Images\Course_Images\TAP Courses Webp files\Process Vehicle Service or Repair Requests.webp",""
"Processing of Automotive Orders and Payments","Moved","C:\Websites\learningmanagementsystem\Images\Course_Images\CourseImages tap\Processing of Automotive Orders and Payments.webp","C:\Websites\learningmanagementsystem\Images\Course_Images\TAP Courses Webp files\Processing of Automotive Orders and Payments.webp",""
"Processing Transactions: Petty Cash and Banking","Moved","C:\Websites\learningmanagementsystem\Images\Course_Images\CourseImages tap\Processing Transactions Petty Cash and Banking.webp","C:\Websites\learningmanagementsystem\Images\Course_Images\TAP Courses Webp files\Processing Transactions Petty Cash and Banking.webp",""
"Produce a Business Plan for a New Venture","Moved","C:\Websites\learningmanagementsystem\Images\Course_Images\CourseImages tap\Produce a Business Plan for a New Venture.webp","C:\Websites\learningmanagementsystem\Images\Course_Images\TAP Courses Webp files\Produce a Business Plan for a New Venture.webp",""
"Professional Conduct and Ethics in the Workplace","Moved","C:\Websites\learningmanagementsystem\Images\Course_Images\CourseImages tap\Professional Conduct and Ethics in the Workplace.webp","C:\Websites\learningmanagementsystem\Images\Course_Images\TAP Courses Webp files\Professional Conduct and Ethics in the Workplace.webp",""
"Professional Interaction Techniques","Moved","C:\Websites\learningmanagementsystem\Images\Course_Images\CourseImages tap\Professional Interaction Techniques.webp","C:\Websites\learningmanagementsystem\Images\Course_Images\TAP Courses Webp files\Professional Interaction Techniques.webp",""
"Project Budget Preparation and Management","Moved","C:\Websites\learningmanagementsystem\Images\Course_Images\CourseImages tap\Project Budget Preparation and Management.webp","C:\Websites\learningmanagementsystem\Images\Course_Images\TAP Courses Webp files\Project Budget Preparation and Management.webp",""
"Project Management Fundamentals","Moved","C:\Websites\learningmanagementsystem\Images\Course_Images\CourseImages tap\Project Management Fundamentals.webp","C:\Websites\learningmanagementsystem\Images\Course_Images\TAP Courses Webp files\Project Management Fundamentals.webp",""
"Promote a Learning Culture","Moved","C:\Websites\learningmanagementsystem\Images\Course_Images\CourseImages tap\Promote a Learning Culture.webp","C:\Websites\learningmanagementsystem\Images\Course_Images\TAP Courses Webp files\Promote a Learning Culture.webp",""
"Protection of Personal Information Act","Moved","C:\Websites\learningmanagementsystem\Images\Course_Images\CourseImages tap\Protection of Personal Information Act.webp","C:\Websites\learningmanagementsystem\Images\Course_Images\TAP Courses Webp files\Protection of Personal Information Act.webp",""
"Provide Information to Customers in a Contact Centre","Moved","C:\Websites\learningmanagementsystem\Images\Course_Images\CourseImages tap\Provide Information to Customers in a Contact Centre.webp","C:\Websites\learningmanagementsystem\Images\Course_Images\TAP Courses Webp files\Provide Information to Customers in a Contact Centre.webp",""
"Public Speaking","Moved","C:\Websites\learningmanagementsystem\Images\Course_Images\CourseImages tap\Public Speaking.webp","C:\Websites\learningmanagementsystem\Images\Course_Images\TAP Courses Webp files\Public Speaking.webp",""
"Rational and Irrational Numbers and Number Systems","Moved","C:\Websites\learningmanagementsystem\Images\Course_Images\CourseImages tap\Rational and Irrational Numbers and Number Systems.webp","C:\Websites\learningmanagementsystem\Images\Course_Images\TAP Courses Webp files\Rational and Irrational Numbers and Number Systems.webp",""
"Reading, Analysing, and Responding to Texts","Moved","C:\Websites\learningmanagementsystem\Images\Course_Images\CourseImages tap\Reading, Analysing, and Responding to Texts.webp","C:\Websites\learningmanagementsystem\Images\Course_Images\TAP Courses Webp files\Reading, Analysing, and Responding to Texts.webp",""
"Reception Management Skills","Moved","C:\Websites\learningmanagementsystem\Images\Course_Images\CourseImages tap\Reception Management Skills.webp","C:\Websites\learningmanagementsystem\Images\Course_Images\TAP Courses Webp files\Reception Management Skills.webp",""
"Recruitment","Moved","C:\Websites\learningmanagementsystem\Images\Course_Images\CourseImages tap\Recruitment.webp","C:\Websites\learningmanagementsystem\Images\Course_Images\TAP Courses Webp files\Recruitment.webp",""
"Research the Viability of New Venture Ideas/Opportunities","Moved","C:\Websites\learningmanagementsystem\Images\Course_Images\CourseImages tap\Research the Viability of New Venture IdeasOpportunities.webp","C:\Websites\learningmanagementsystem\Images\Course_Images\TAP Courses Webp files\Research the Viability of New Venture IdeasOpportunities.webp",""
"Research Using Computer Technology","Moved","C:\Websites\learningmanagementsystem\Images\Course_Images\CourseImages tap\Research Using Computer Technology.webp","C:\Websites\learningmanagementsystem\Images\Course_Images\TAP Courses Webp files\Research Using Computer Technology.webp",""
"Reviewing Your Retail Sales Performance","Moved","C:\Websites\learningmanagementsystem\Images\Course_Images\CourseImages tap\Reviewing Your Retail Sales Performance.webp","C:\Websites\learningmanagementsystem\Images\Course_Images\TAP Courses Webp files\Reviewing Your Retail Sales Performance.webp",""
"Sell Products to Customers in a Wholesale and Retail Outlet","Moved","C:\Websites\learningmanagementsystem\Images\Course_Images\CourseImages tap\Sell Products to Customers in a Wholesale and Retail Outlet.webp","C:\Websites\learningmanagementsystem\Images\Course_Images\TAP Courses Webp files\Sell Products to Customers in a Wholesale and Retail Outlet.webp",""
"Selling to Corporate Fleet Owners","Moved","C:\Websites\learningmanagementsystem\Images\Course_Images\CourseImages tap\Selling to Corporate Fleet Owners.webp","C:\Websites\learningmanagementsystem\Images\Course_Images\TAP Courses Webp files\Selling to Corporate Fleet Owners.webp",""
"Set Priorities for Team and Personal Tasks","Moved","C:\Websites\learningmanagementsystem\Images\Course_Images\CourseImages tap\Set Priorities for Team and Personal Tasks.webp","C:\Websites\learningmanagementsystem\Images\Course_Images\TAP Courses Webp files\Set Priorities for Team and Personal Tasks.webp",""
"Setting Up Multi-User Network Operating Systems","Moved","C:\Websites\learningmanagementsystem\Images\Course_Images\CourseImages tap\Setting Up Multi-User Network Operating Systems.webp","C:\Websites\learningmanagementsystem\Images\Course_Images\TAP Courses Webp files\Setting Up Multi-User Network Operating Systems.webp",""
"Sexual Harassment","Moved","C:\Websites\learningmanagementsystem\Images\Course_Images\CourseImages tap\Sexual Harassment.webp","C:\Websites\learningmanagementsystem\Images\Course_Images\TAP Courses Webp files\Sexual Harassment.webp",""
"Situational Judgement Assessment","Moved","C:\Websites\learningmanagementsystem\Images\Course_Images\CourseImages tap\Situational Judgement Assessment.webp","C:\Websites\learningmanagementsystem\Images\Course_Images\TAP Courses Webp files\Situational Judgement Assessment.webp",""
"Skills Development Coordination Practices (SDF)","Moved","C:\Websites\learningmanagementsystem\Images\Course_Images\CourseImages tap\Skills Development Coordination Practices (SDF).webp","C:\Websites\learningmanagementsystem\Images\Course_Images\TAP Courses Webp files\Skills Development Coordination Practices (SDF).webp",""
"Solving Problems with Data and Probability","Moved","C:\Websites\learningmanagementsystem\Images\Course_Images\CourseImages tap\Solving Problems with Data and Probability.webp","C:\Websites\learningmanagementsystem\Images\Course_Images\TAP Courses Webp files\Solving Problems with Data and Probability.webp",""
"Specify Heavy Vehicles Options and Add-on Products","Moved","C:\Websites\learningmanagementsystem\Images\Course_Images\CourseImages tap\Specify Heavy Vehicles Options and Add-on Products.webp","C:\Websites\learningmanagementsystem\Images\Course_Images\TAP Courses Webp files\Specify Heavy Vehicles Options and Add-on Products.webp",""
"Speed Typing Test Assessment","Moved","C:\Websites\learningmanagementsystem\Images\Course_Images\CourseImages tap\Speed Typing Test Assessment.webp","C:\Websites\learningmanagementsystem\Images\Course_Images\TAP Courses Webp files\Speed Typing Test Assessment.webp",""
"Standard Insurance Cover in Terms of SASRIA","Moved","C:\Websites\learningmanagementsystem\Images\Course_Images\CourseImages tap\Standard Insurance Cover in Terms of SASRIA.webp","C:\Websites\learningmanagementsystem\Images\Course_Images\TAP Courses Webp files\Standard Insurance Cover in Terms of SASRIA.webp",""
"Statistics and Probability to Influence the Use of Data and Procedures","Moved","C:\Websites\learningmanagementsystem\Images\Course_Images\CourseImages tap\Statistics and Probability to Influence the Use of Data and Procedures.webp","C:\Websites\learningmanagementsystem\Images\Course_Images\TAP Courses Webp files\Statistics and Probability to Influence the Use of Data and Procedures.webp",""
"Stock and Fixed Asset Management","Moved","C:\Websites\learningmanagementsystem\Images\Course_Images\CourseImages tap\Stock and Fixed Asset Management.webp","C:\Websites\learningmanagementsystem\Images\Course_Images\TAP Courses Webp files\Stock and Fixed Asset Management.webp",""
"Stock Procurement in the Retail Industry","Moved","C:\Websites\learningmanagementsystem\Images\Course_Images\CourseImages tap\Stock Procurement in the Retail Industry.webp","C:\Websites\learningmanagementsystem\Images\Course_Images\TAP Courses Webp files\Stock Procurement in the Retail Industry.webp",""
"Stock Replenishment in a Retail Business","Moved","C:\Websites\learningmanagementsystem\Images\Course_Images\CourseImages tap\Stock Replenishment in a Retail Business.webp","C:\Websites\learningmanagementsystem\Images\Course_Images\TAP Courses Webp files\Stock Replenishment in a Retail Business.webp",""
"Strategic Financial Planning for Startups","Moved","C:\Websites\learningmanagementsystem\Images\Course_Images\CourseImages tap\Strategic Financial Planning for Startups.webp","C:\Websites\learningmanagementsystem\Images\Course_Images\TAP Courses Webp files\Strategic Financial Planning for Startups.webp",""
"Strategic Supply Chain Management Concepts","Moved","C:\Websites\learningmanagementsystem\Images\Course_Images\CourseImages tap\Strategic Supply Chain Management Concepts.webp","C:\Websites\learningmanagementsystem\Images\Course_Images\TAP Courses Webp files\Strategic Supply Chain Management Concepts.webp",""
"Strategies to Improve New Venture Performance","Moved","C:\Websites\learningmanagementsystem\Images\Course_Images\CourseImages tap\Strategies to Improve New Venture Performance.webp","C:\Websites\learningmanagementsystem\Images\Course_Images\TAP Courses Webp files\Strategies to Improve New Venture Performance.webp",""
"Stress Management","Moved","C:\Websites\learningmanagementsystem\Images\Course_Images\CourseImages tap\Stress Management.webp","C:\Websites\learningmanagementsystem\Images\Course_Images\TAP Courses Webp files\Stress Management.webp",""
"Supply Chain Negotiation Skills","Moved","C:\Websites\learningmanagementsystem\Images\Course_Images\CourseImages tap\Supply Chain Negotiation Skills.webp","C:\Websites\learningmanagementsystem\Images\Course_Images\TAP Courses Webp files\Supply Chain Negotiation Skills.webp",""
"Support Quality Implementation in Projects","Moved","C:\Websites\learningmanagementsystem\Images\Course_Images\CourseImages tap\Support Quality Implementation in Projects.webp","C:\Websites\learningmanagementsystem\Images\Course_Images\TAP Courses Webp files\Support Quality Implementation in Projects.webp",""
"Talent Management","Moved","C:\Websites\learningmanagementsystem\Images\Course_Images\CourseImages tap\Talent Management.webp","C:\Websites\learningmanagementsystem\Images\Course_Images\TAP Courses Webp files\Talent Management.webp",""
"Tender Procedures for a New Venture","Moved","C:\Websites\learningmanagementsystem\Images\Course_Images\CourseImages tap\Tender Procedures for a New Venture.webp","C:\Websites\learningmanagementsystem\Images\Course_Images\TAP Courses Webp files\Tender Procedures for a New Venture.webp",""
"Testing IT Systems Against Given Specifications","Moved","C:\Websites\learningmanagementsystem\Images\Course_Images\CourseImages tap\Testing IT Systems Against Given Specifications.webp","C:\Websites\learningmanagementsystem\Images\Course_Images\TAP Courses Webp files\Testing IT Systems Against Given Specifications.webp",""
"The Key Issues Important for Compliance With Corporate Governance Principles and Social Responsibility","Moved","C:\Websites\learningmanagementsystem\Images\Course_Images\CourseImages tap\The Key Issues Important for Compliance With Corporate Governance Principles and Social Responsibility.webp","C:\Websites\learningmanagementsystem\Images\Course_Images\TAP Courses Webp files\The Key Issues Important for Compliance With Corporate Governance Principles and Social Responsibility.webp",""
"Time Management","Moved","C:\Websites\learningmanagementsystem\Images\Course_Images\CourseImages tap\Time Management.webp","C:\Websites\learningmanagementsystem\Images\Course_Images\TAP Courses Webp files\Time Management.webp",""
"Tools and Techniques for Project Management","Moved","C:\Websites\learningmanagementsystem\Images\Course_Images\CourseImages tap\Tools and Techniques for Project Management.webp","C:\Websites\learningmanagementsystem\Images\Course_Images\TAP Courses Webp files\Tools and Techniques for Project Management.webp",""
"Train the Trainer","Moved","C:\Websites\learningmanagementsystem\Images\Course_Images\CourseImages tap\Train the Trainer.webp","C:\Websites\learningmanagementsystem\Images\Course_Images\TAP Courses Webp files\Train the Trainer.webp",""
"Troubleshooting Single- and Multi-User OS Issues","Moved","C:\Websites\learningmanagementsystem\Images\Course_Images\CourseImages tap\Troubleshooting Single- and Multi-User OS Issues.webp","C:\Websites\learningmanagementsystem\Images\Course_Images\TAP Courses Webp files\Troubleshooting Single- and Multi-User OS Issues.webp",""
"Understanding Broad-Based Black Economic Empowerment","Moved","C:\Websites\learningmanagementsystem\Images\Course_Images\CourseImages tap\Understanding Broad-Based Black Economic Empowerment.webp","C:\Websites\learningmanagementsystem\Images\Course_Images\TAP Courses Webp files\Understanding Broad-Based Black Economic Empowerment.webp",""
"Understanding Computer Database Management Systems","Moved","C:\Websites\learningmanagementsystem\Images\Course_Images\CourseImages tap\Understanding Computer Database Management Systems.webp","C:\Websites\learningmanagementsystem\Images\Course_Images\TAP Courses Webp files\Understanding Computer Database Management Systems.webp",""
"Understanding Computer Network Architectures and Standards","Moved","C:\Websites\learningmanagementsystem\Images\Course_Images\CourseImages tap\Understanding Computer Network Architectures and Standards.webp","C:\Websites\learningmanagementsystem\Images\Course_Images\TAP Courses Webp files\Understanding Computer Network Architectures and Standards.webp",""
"Understanding Different Business Environments","Moved","C:\Websites\learningmanagementsystem\Images\Course_Images\CourseImages tap\Understanding Different Business Environments.webp","C:\Websites\learningmanagementsystem\Images\Course_Images\TAP Courses Webp files\Understanding Different Business Environments.webp",""
"Understanding Gender-Based Violence","Moved","C:\Websites\learningmanagementsystem\Images\Course_Images\CourseImages tap\Understanding Gender-Based Violence.webp","C:\Websites\learningmanagementsystem\Images\Course_Images\TAP Courses Webp files\Understanding Gender-Based Violence.webp",""
"Understanding HIV/AIDS in the Workplace","Moved","C:\Websites\learningmanagementsystem\Images\Course_Images\CourseImages tap\Understanding HIVAIDS in the Workplace.webp","C:\Websites\learningmanagementsystem\Images\Course_Images\TAP Courses Webp files\Understanding HIVAIDS in the Workplace.webp",""
"Understanding Market Mechanisms in New Ventures","Moved","C:\Websites\learningmanagementsystem\Images\Course_Images\CourseImages tap\Understanding Market Mechanisms in New Ventures.webp","C:\Websites\learningmanagementsystem\Images\Course_Images\TAP Courses Webp files\Understanding Market Mechanisms in New Ventures.webp",""
"Understanding Multi-User Operating Systems","Moved","C:\Websites\learningmanagementsystem\Images\Course_Images\CourseImages tap\Understanding Multi-User Operating Systems.webp","C:\Websites\learningmanagementsystem\Images\Course_Images\TAP Courses Webp files\Understanding Multi-User Operating Systems.webp",""
"Understanding Organisational Ethics","Moved","C:\Websites\learningmanagementsystem\Images\Course_Images\CourseImages tap\Understanding Organisational Ethics.webp","C:\Websites\learningmanagementsystem\Images\Course_Images\TAP Courses Webp files\Understanding Organisational Ethics.webp",""
"Understanding VAT (Value Added Tax)","Moved","C:\Websites\learningmanagementsystem\Images\Course_Images\CourseImages tap\Understanding VAT (Value Added Tax).webp","C:\Websites\learningmanagementsystem\Images\Course_Images\TAP Courses Webp files\Understanding VAT (Value Added Tax).webp",""
"Use Security Equipment","Moved","C:\Websites\learningmanagementsystem\Images\Course_Images\CourseImages tap\Use Security Equipment.webp","C:\Websites\learningmanagementsystem\Images\Course_Images\TAP Courses Webp files\Use Security Equipment.webp",""
"Using Information From Texts","Moved","C:\Websites\learningmanagementsystem\Images\Course_Images\CourseImages tap\Using Information From Texts.webp","C:\Websites\learningmanagementsystem\Images\Course_Images\TAP Courses Webp files\Using Information From Texts.webp",""
"Using Statistics and Probability to Analyse and Communicate Life Problems","Moved","C:\Websites\learningmanagementsystem\Images\Course_Images\CourseImages tap\Using Statistics and Probability to Analyse and Communicate Life Problems.webp","C:\Websites\learningmanagementsystem\Images\Course_Images\TAP Courses Webp files\Using Statistics and Probability to Analyse and Communicate Life Problems.webp",""
"Verbal Reasoning Assessment","Moved","C:\Websites\learningmanagementsystem\Images\Course_Images\CourseImages\Verbal Reasoning Assessment.png","C:\Websites\learningmanagementsystem\Images\Course_Images\TAP Courses Webp files\Verbal Reasoning Assessment.png",""
"WANs vs. LANs: Understanding and Comparison","Moved","C:\Websites\learningmanagementsystem\Images\Course_Images\CourseImages tap\WANs vs. LANs Understanding and Comparison.webp","C:\Websites\learningmanagementsystem\Images\Course_Images\TAP Courses Webp files\WANs vs. LANs Understanding and Comparison.webp",""
"Work as a member of a Contact Centre Team","Moved","C:\Websites\learningmanagementsystem\Images\Course_Images\CourseImages tap\Work as a member of a Contact Centre Team.webp","C:\Websites\learningmanagementsystem\Images\Course_Images\TAP Courses Webp files\Work as a member of a Contact Centre Team.webp",""
"Work as a Project Team Member","Moved","C:\Websites\learningmanagementsystem\Images\Course_Images\CourseImages tap\Work as a Project Team Member.webp","C:\Websites\learningmanagementsystem\Images\Course_Images\TAP Courses Webp files\Work as a Project Team Member.webp",""
"Work Unit Estimation and Late Delivery Implications","Moved","C:\Websites\learningmanagementsystem\Images\Course_Images\CourseImages tap\Work Unit Estimation and Late Delivery Implications.webp","C:\Websites\learningmanagementsystem\Images\Course_Images\TAP Courses Webp files\Work Unit Estimation and Late Delivery Implications.webp",""
"Work With a Range of Patterns and Functions and Solve Problems","Moved","C:\Websites\learningmanagementsystem\Images\Course_Images\CourseImages tap\Work With a Range of Patterns and Functions and Solve Problems.webp","C:\Websites\learningmanagementsystem\Images\Course_Images\TAP Courses Webp files\Work With a Range of Patterns and Functions and Solve Problems.webp",""
"Write/present for a Defined Context","Moved","C:\Websites\learningmanagementsystem\Images\Course_Images\CourseImages tap\Writepresent for a Defined Context.webp","C:\Websites\learningmanagementsystem\Images\Course_Images\TAP Courses Webp files\Writepresent for a Defined Context.webp",""
"Writing for Various Communicative Contexts","Moved","C:\Websites\learningmanagementsystem\Images\Course_Images\CourseImages tap\Writing for Various Communicative Contexts.webp","C:\Websites\learningmanagementsystem\Images\Course_Images\TAP Courses Webp files\Writing for Various Communicative Contexts.webp",""
