SourceCourseName,MatchedCourseName,Link
Administrative Procedure Development,Administrative Procedure Development,C:\Websites\learningmanagementsystem\Images\Course_Images\CourseImages tap\Administrative Procedure Development.webp
Administrative Record Management,Administrative Record Management,C:\Websites\learningmanagementsystem\Images\Course_Images\CourseImages tap\Administrative Record Management.webp
Administrative Skills for Meeting and Event Coordination,Administrative Skills for Meeting and Event Coordination,C:\Websites\learningmanagementsystem\Images\Course_Images\CourseImages tap\Administrative Skills for Meeting and Event Coordination.webp
Advanced Excel Assessment,Advanced Excel Assessment,C:\Websites\learningmanagementsystem\Images\Course_Images\CourseImages tap\Advanced Excel Assessment.webp
Advanced Microsoft Excel,Advanced Microsoft Excel,C:\Websites\learningmanagementsystem\Images\Course_Images\CourseImages tap\Advanced Microsoft Excel.webp
Advanced Microsoft PowerPoint,Advanced Microsoft PowerPoint,C:\Websites\learningmanagementsystem\Images\Course_Images\CourseImages tap\Advanced Microsoft PowerPoint.webp
Advanced Microsoft Word,Advanced Microsoft Word,C:\Websites\learningmanagementsystem\Images\Course_Images\CourseImages tap\Advanced Microsoft Word.webp
Analyse and Apply Management Practices Within the Supply Chain,Analyse and Apply Management Practices Within the Supply Chain,C:\Websites\learningmanagementsystem\Images\Course_Images\CourseImages tap\Analyse and Apply Management Practices Within the Supply Chain.webp
Analysing Media Impact on Business Sectors,Analysing Media Impact on Business Sectors,C:\Websites\learningmanagementsystem\Images\Course_Images\CourseImages tap\Analysing Media Impact on Business Sectors.webp
Analysing Shape and Motion in 2D and 3D Space,Analysing Shape and Motion in 2D and 3D Space,C:\Websites\learningmanagementsystem\Images\Course_Images\CourseImages tap\Analysing Shape and Motion in 2D and 3D Space.webp
Apply Concepts and Principles of Business Ethics in the Professional Environment,Apply Concepts and Principles of Business Ethics in the Professional Environment,C:\Websites\learningmanagementsystem\Images\Course_Images\CourseImages tap\Apply Concepts and Principles of Business Ethics in the Professional Environment.webp
Apply In-bound Contact Centre Operations Within a Commercial Environment,Apply In-bound Contact Centre Operations Within a Commercial Environment,C:\Websites\learningmanagementsystem\Images\Course_Images\CourseImages tap\Apply In-bound Contact Centre Operations Within a Commercial Environment.webp
Apply Legal Aspects in a Security Environment,Apply Legal Aspects in a Security Environment,C:\Websites\learningmanagementsystem\Images\Course_Images\CourseImages tap\Apply Legal Aspects in a Security Environment.webp
Apply Out-bound Contact Centre Operations Within a Commercial Environment,Apply Out-bound Contact Centre Operations Within a Commercial Environment,C:\Websites\learningmanagementsystem\Images\Course_Images\CourseImages tap\Apply Out-bound Contact Centre Operations Within a Commercial Environment.webp
Apply the Skills of Customer Care,Apply the Skills of Customer Care,C:\Websites\learningmanagementsystem\Images\Course_Images\CourseImages tap\Apply the Skills of Customer Care.webp
Applying an Organisation's Code of Conduct,Applying an Organisation's Code of Conduct,C:\Websites\learningmanagementsystem\Images\Course_Images\CourseImages tap\Applying an Organisation's Code of Conduct.webp
Appraise and Valuate Used Vehicles,Appraise and Valuate Used Vehicles,C:\Websites\learningmanagementsystem\Images\Course_Images\CourseImages tap\Appraise and Valuate Used Vehicles.webp
Assessor (Conduct Outcome-based Assessments),Assessor (Conduct Outcome-based Assessments),C:\Websites\learningmanagementsystem\Images\Course_Images\CourseImages tap\Assessor (Conduct Outcome-based Assessments).webp
Audience and Context Needs in Oral Communication,Audience and Context Needs In Oral Communication,C:\Websites\learningmanagementsystem\Images\Course_Images\CourseImages tap\Audience and Context Needs In Oral Communication.webp
Basic Business Principles,Basic Business Principles,C:\Websites\learningmanagementsystem\Images\Course_Images\CourseImages tap\Basic Business Principles.webp
Basic Computer Skills Assessment,Basic Computer Skills Assessment,C:\Websites\learningmanagementsystem\Images\Course_Images\CourseImages tap\Basic Computer Skills Assessment.webp
Basic Excel Assessment,Basic Excel Assessment,C:\Websites\learningmanagementsystem\Images\Course_Images\CourseImages tap\Basic Excel Assessment.webp
Basic Microsoft Excel,Basic Microsoft Excel,C:\Websites\learningmanagementsystem\Images\Course_Images\CourseImages tap\Basic Microsoft Excel.webp
Basic Microsoft PowerPoint,Basic Microsoft PowerPoint,C:\Websites\learningmanagementsystem\Images\Course_Images\CourseImages tap\Basic Microsoft PowerPoint.webp
Basic Microsoft Word,Basic Microsoft Word,C:\Websites\learningmanagementsystem\Images\Course_Images\CourseImages tap\Basic Microsoft Word.webp
Basic Office Research,Basic Office Research,C:\Websites\learningmanagementsystem\Images\Course_Images\CourseImages tap\Basic Office Research.webp
Basic Supervisory Skills - Supervising Project Teams,Basic Supervisory Skills - Supervising Project Teams,C:\Websites\learningmanagementsystem\Images\Course_Images\CourseImages tap\Basic Supervisory Skills - Supervising Project Teams.webp
Basics of Drafting a Contract,Basics of Drafting a Contract,C:\Websites\learningmanagementsystem\Images\Course_Images\CourseImages tap\Basics of Drafting a Contract.webp
Booking Systems,Booking Systems,C:\Websites\learningmanagementsystem\Images\Course_Images\CourseImages tap\Booking Systems.webp
Branding,Branding,C:\Websites\learningmanagementsystem\Images\Course_Images\CourseImages tap\Branding.webp
Breast Cancer,Breast Cancer,C:\Websites\learningmanagementsystem\Images\Course_Images\CourseImages tap\Breast Cancer.webp
Build Customer Relations in an Operational Unit,Build Customer Relations in an Operational Unit,C:\Websites\learningmanagementsystem\Images\Course_Images\CourseImages tap\Build Customer Relations in an Operational Unit.webp
Building Competitive Supply Chain Networks,Building Competitive Supply Chain Networks,C:\Websites\learningmanagementsystem\Images\Course_Images\CourseImages tap\Building Competitive Supply Chain Networks.webp
Building High-Performance Teams,Building High-Performance Teams,C:\Websites\learningmanagementsystem\Images\Course_Images\CourseImages tap\Building High-Performance Teams.webp
Business & Personal Financial Analysis,Business & Personal Financial Analysis,C:\Websites\learningmanagementsystem\Images\Course_Images\CourseImages tap\Business & Personal Financial Analysis.webp
Business Communication,Business Communication,C:\Websites\learningmanagementsystem\Images\Course_Images\CourseImages tap\Business Communication.webp
Business Ethics,Business Ethics,C:\Websites\learningmanagementsystem\Images\Course_Images\CourseImages tap\Business Ethics.webp
Business Planning for New Ventures,Business Planning for New Ventures,C:\Websites\learningmanagementsystem\Images\Course_Images\CourseImages tap\Business Planning for New Ventures.webp
Business Principles and Information Technology.,Business Principles and Information Technology.,C:\Websites\learningmanagementsystem\Images\Course_Images\CourseImages tap\Business Principles and Information Technology.webp
Business Report Writing in Retail/Wholesale,Business Report Writing in Retail/Wholesale,C:\Websites\learningmanagementsystem\Images\Course_Images\CourseImages tap\Business Report Writing in RetailWholesale.webp
Business Writing Level 4,Business Writing Level 4,C:\Websites\learningmanagementsystem\Images\Course_Images\CourseImages tap\Business Writing Level 4.webp
Carrying Out Basic First Aid Treatment in the Workplace,Carrying Out Basic First Aid Treatment in the Workplace,C:\Websites\learningmanagementsystem\Images\Course_Images\CourseImages tap\Carrying Out Basic First Aid Treatment in the Workplace.webp
Change Management,Change Management,C:\Websites\learningmanagementsystem\Images\Course_Images\CourseImages tap\Change Management.webp
Choosing Suppliers: Selection and Evaluation,Choosing Suppliers: Selection and Evaluation,C:\Websites\learningmanagementsystem\Images\Course_Images\CourseImages tap\Choosing Suppliers Selection and Evaluation.webp
Coaching for Business Managers,Coaching for Business Managers,C:\Websites\learningmanagementsystem\Images\Course_Images\CourseImages tap\Coaching for Business Managers.webp
Collect and record information queries and requests from customers,Collect and record information queries and requests from customers,C:\Websites\learningmanagementsystem\Images\Course_Images\CourseImages tap\Collect and record information queries and requests from customers.webp
Communicate in an Assertive Manner With Clients and Fellow Workers,Communicate in an Assertive Manner With Clients and Fellow Workers,C:\Websites\learningmanagementsystem\Images\Course_Images\CourseImages tap\Communicate in an Assertive Manner With Clients and Fellow Workers.webp
Communicate Verbally and Non-verbally in the Workplace,Communicate Verbally and Non-verbally in the Workplace,C:\Websites\learningmanagementsystem\Images\Course_Images\CourseImages tap\Communicate Verbally and Non-verbally in the Workplace.webp
Communicate With Customers in a Contact Centre and BPO,Communicate With Customers in a Contact Centre and BPO,C:\Websites\learningmanagementsystem\Images\Course_Images\CourseImages tap\Communicate With Customers in a Contact Centre and BPO.webp
Communication in Diverse Contexts,Communication in Diverse Contexts,C:\Websites\learningmanagementsystem\Images\Course_Images\CourseImages tap\Communication in Diverse Contexts.webp
Communication Skills,Communication Skills,C:\Websites\learningmanagementsystem\Images\Course_Images\CourseImages tap\Communication Skills.webp
Comprehensive Security Risk Training,Comprehensive Security Risk Training,C:\Websites\learningmanagementsystem\Images\Course_Images\CourseImages tap\Comprehensive Security Risk Training.webp
Computer Industry Ethics in South Africa,Computer Industry Ethics in South Africa,C:\Websites\learningmanagementsystem\Images\Course_Images\CourseImages tap\Computer Industry Ethics in South Africa.webp
Computer Skills for Contact Centre Staff,Computer Skills for Contact Centre Staff,C:\Websites\learningmanagementsystem\Images\Course_Images\CourseImages tap\Computer Skills for Contact Centre Staff.webp
Conduct a Meeting,Conduct a Meeting,C:\Websites\learningmanagementsystem\Images\Course_Images\CourseImages tap\Conduct a Meeting.webp
Conduct a Security Patrol in an Area of Responsibility,Conduct a Security Patrol in an Area of Responsibility,C:\Websites\learningmanagementsystem\Images\Course_Images\CourseImages tap\Conduct a Security Patrol in an Area of Responsibility.webp
Conduct Sales and Support Services,Conduct Sales and Support Services,C:\Websites\learningmanagementsystem\Images\Course_Images\CourseImages tap\Conduct Sales and Support Services.webp
Conducting a Technical Meeting,Conducting a Technical Meeting,C:\Websites\learningmanagementsystem\Images\Course_Images\CourseImages tap\Conducting a Technical Meeting.webp
Conducting Organisational Needs Analysis,Conducting Organisational Needs Analysis,C:\Websites\learningmanagementsystem\Images\Course_Images\CourseImages tap\Conducting Organisational Needs Analysis.webp
Contract Administration in a New Business,Contract Administration in a New Business,C:\Websites\learningmanagementsystem\Images\Course_Images\CourseImages tap\Contract Administration in a New Business.webp
Contribute to a Diverse Working Environment in a Contact Centre,Contribute to a Diverse Working Environment in a Contact Centre,C:\Websites\learningmanagementsystem\Images\Course_Images\CourseImages tap\Contribute to a Diverse Working Environment in a Contact Centre.webp
Contributing to Project Initiation and Scope Definition,Contributing to Project Initiation and Scope Definition,C:\Websites\learningmanagementsystem\Images\Course_Images\CourseImages tap\Contributing to Project Initiation and Scope Definition.webp
Contributing to Project Risk Management,Contributing to Project Risk Management,C:\Websites\learningmanagementsystem\Images\Course_Images\CourseImages tap\Contributing to Project Risk Management.webp
Control Expenses Within a Budget,Control Expenses Within a Budget,C:\Websites\learningmanagementsystem\Images\Course_Images\CourseImages tap\Control Expenses Within a Budget.webp
Create Database Access with SQL,Create Database Access with SQL,C:\Websites\learningmanagementsystem\Images\Course_Images\CourseImages tap\Create Database Access with SQL.webp
Critical Thinking and Problem Resolution,Critical Thinking and Problem Resolution,C:\Websites\learningmanagementsystem\Images\Course_Images\CourseImages tap\Critical Thinking and Problem Resolution.webp
Cultivating Productive Supply Chain Culture,Cultivating Productive Supply Chain Culture,C:\Websites\learningmanagementsystem\Images\Course_Images\CourseImages tap\Cultivating Productive Supply Chain Culture.webp
Cultural Awareness,Cultural Awareness,C:\Websites\learningmanagementsystem\Images\Course_Images\CourseImages tap\Cultural Awareness.webp
Customer Data Collection and Recording,Customer Data Collection and Recording,C:\Websites\learningmanagementsystem\Images\Course_Images\CourseImages tap\Customer Data Collection and Recording.webp
Customer Satisfaction,Customer Satisfaction,C:\Websites\learningmanagementsystem\Images\Course_Images\CourseImages tap\Customer Satisfaction.webp
Customer Service for Professionals,Customer Service for Professionals,C:\Websites\learningmanagementsystem\Images\Course_Images\CourseImages tap\Customer Service for Professionals.webp
Data Checking Assessment,Data Checking Assessment,C:\Websites\learningmanagementsystem\Images\Course_Images\CourseImages tap\Data Checking Assessment.webp
Define Core and Secondary Functions of an Organisation,Define Core and Secondary Functions of an Organisation,C:\Websites\learningmanagementsystem\Images\Course_Images\CourseImages tap\Define Core and Secondary Functions of an Organisation.webp
Demonstrate an Understanding of Contact Centre and BPO Working Practices,Demonstrate an Understanding of Contact Centre and BPO Working Practices,C:\Websites\learningmanagementsystem\Images\Course_Images\CourseImages tap\Demonstrate an Understanding of Contact Centre and BPO Working Practices.webp
Demonstrate Automotive Vehicle Product Knowledge,Demonstrate Automotive Vehicle Product Knowledge,C:\Websites\learningmanagementsystem\Images\Course_Images\CourseImages tap\Demonstrate Automotive Vehicle Product Knowledge.webp
Demonstrate Knowledge and Application of Ethical Conduct in a Business Environment,Demonstrate Knowledge and Application of Ethical Conduct in a Business Environment,C:\Websites\learningmanagementsystem\Images\Course_Images\CourseImages tap\Demonstrate Knowledge and Application of Ethical Conduct in a Business Environment.webp
Describe the Interaction With Internal Departments and External Sales Support Structures,Describe the Interaction With Internal Departments and External Sales Support Structures,C:\Websites\learningmanagementsystem\Images\Course_Images\CourseImages tap\Describe the Interaction With Internal Departments and External Sales Support Structures.webp
Designing Information Systems,Designing Information Systems,C:\Websites\learningmanagementsystem\Images\Course_Images\CourseImages tap\Designing Information Systems.webp
Develop Understanding Within an Organisation About the Risks Associated With Its Functioning and Contexts,Develop Understanding Within an Organisation About the Risks Associated With Its Functioning and Contexts,C:\Websites\learningmanagementsystem\Images\Course_Images\CourseImages tap\Develop Understanding Within an Organisation About the Risks Associated With Its Functioning and Contexts.webp
"Develop, Implement and Evaluate a Project Plan","Develop, Implement and Evaluate a Project Plan","C:\Websites\learningmanagementsystem\Images\Course_Images\CourseImages tap\Develop, Implement and Evaluate a Project Plan.webp"
Developing Innovative Work Environments,Developing Innovative Work Environments,C:\Websites\learningmanagementsystem\Images\Course_Images\CourseImages tap\Developing Innovative Work Environments.webp
Developing Strategies for Operational Supply Optimisation,Developing Strategies for Operational Supply Optimisation,C:\Websites\learningmanagementsystem\Images\Course_Images\CourseImages tap\Developing Strategies for Operational Supply Optimisation.webp
Devise and Apply Strategies to Establish and Maintain Workplace Relations,Devise and Apply Strategies to Establish and Maintain Workplace Relations,C:\Websites\learningmanagementsystem\Images\Course_Images\CourseImages tap\Devise and Apply Strategies to Establish and Maintain Workplace Relations.webp
Effective Communication Techniques,Effective Communication Techniques,C:\Websites\learningmanagementsystem\Images\Course_Images\CourseImages tap\Effective Communication Techniques.webp
Effective Performance in a Business,Effective Performance in a Business,C:\Websites\learningmanagementsystem\Images\Course_Images\CourseImages tap\Effective Performance in a Business.webp
Effective Sales: A Masterclass,Effective Sales: A Masterclass,C:\Websites\learningmanagementsystem\Images\Course_Images\CourseImages tap\Effective Sales A Masterclass.webp
Effective Time Management,Effective Time Management,C:\Websites\learningmanagementsystem\Images\Course_Images\CourseImages tap\Effective Time Management.webp
Emotional intelligence,Emotional Intelligence,C:\Websites\learningmanagementsystem\Images\Course_Images\CourseImages tap\Emotional intelligence.webp
Employment Relations,Employment Relations,C:\Websites\learningmanagementsystem\Images\Course_Images\CourseImages tap\Employment Relations.webp
Empowering Team Members,Empowering Team Members,C:\Websites\learningmanagementsystem\Images\Course_Images\CourseImages tap\Empowering Team Members.webp
Entrepreneurial Characteristics,Entrepreneurial Characteristics,C:\Websites\learningmanagementsystem\Images\Course_Images\CourseImages tap\Entrepreneurial Characteristics.webp
Everyday Business Functions,Everyday Business Functions,C:\Websites\learningmanagementsystem\Images\Course_Images\CourseImages tap\Everyday Business Functions.webp
Exhibitor and Visitor Engagement Management,Exhibitor and Visitor Engagement Management,C:\Websites\learningmanagementsystem\Images\Course_Images\CourseImages tap\Exhibitor and Visitor Engagement Management.webp
Explain Basic Health and Safety Principles in and Around the Workplace,Explain Basic Health and Safety Principles in and Around the Workplace,C:\Websites\learningmanagementsystem\Images\Course_Images\CourseImages tap\Explain Basic Health and Safety Principles in and Around the Workplace.webp
Explain the Requirements for Becoming a Security Service Provider,Explain the Requirements for Becoming a Security Service Provider,C:\Websites\learningmanagementsystem\Images\Course_Images\CourseImages tap\Explain the Requirements for Becoming a Security Service Provider.webp
Exploring Physical Quantities and Geometrical Relationships,Exploring Physical Quantities and Geometrical Relationships,C:\Websites\learningmanagementsystem\Images\Course_Images\CourseImages tap\Exploring Physical Quantities and Geometrical Relationships.webp
Facilitator Training,Facilitator Training,C:\Websites\learningmanagementsystem\Images\Course_Images\CourseImages tap\Facilitator Training.webp
Factors That Impact on the Bottom Line of a Wholesale and Retail Unit,Factors That Impact on the Bottom Line of a Wholesale and Retail Unit,C:\Websites\learningmanagementsystem\Images\Course_Images\CourseImages tap\Factors That Impact on the Bottom Line of a Wholesale and Retail Unit.webp
Fair and Effective Disciplinary Procedures,Fair and Effective Disciplinary Procedures,C:\Websites\learningmanagementsystem\Images\Course_Images\CourseImages tap\Fair and Effective Disciplinary Procedures.webp
Finance a New Venture,Finance a New Venture,C:\Websites\learningmanagementsystem\Images\Course_Images\CourseImages tap\Finance a New Venture.webp
Finance For Non Financial Managers,Finance For Non Financial Managers,C:\Websites\learningmanagementsystem\Images\Course_Images\CourseImages tap\Finance For Non Financial Managers.webp
Financial Advisory and Intermediary Services Act 2002 (FAIS) (Act 37 of 2002),Financial Advisory and Intermediary Services Act 2002 (FAIS) (Act 37 of 2002),C:\Websites\learningmanagementsystem\Images\Course_Images\CourseImages tap\Financial Advisory and Intermediary Services Act 2002 (FAIS) (Act 37 of 2002).webp
"Financial Aspects of Personal, Business and National Issues","Financial Aspects of Personal, Business and National Issues","C:\Websites\learningmanagementsystem\Images\Course_Images\CourseImages tap\Financial Aspects of Personal, Business and National Issues.webp"
Financial Intelligence Centre Act (FICA),Financial Intelligence Centre Act (FICA),C:\Websites\learningmanagementsystem\Images\Course_Images\CourseImages tap\Financial Intelligence Centre Act (FICA).webp
Financial Management Essentials for Entrepreneurs,Financial Management Essentials for Entrepreneurs,C:\Websites\learningmanagementsystem\Images\Course_Images\CourseImages tap\Financial Management Essentials for Entrepreneurs.webp
Financial Mathematics & Analysis,Financial Mathematics & Analysis,C:\Websites\learningmanagementsystem\Images\Course_Images\CourseImages tap\Financial Mathematics & Analysis.webp
Financial Modeling,Financial Modeling,C:\Websites\learningmanagementsystem\Images\Course_Images\CourseImages tap\Financial Modeling.webp
Financial Planning for New Ventures,Financial Planning for New Ventures,C:\Websites\learningmanagementsystem\Images\Course_Images\CourseImages tap\Financial Planning for New Ventures.webp
Fire Fighting,Fire Fighting,C:\Websites\learningmanagementsystem\Images\Course_Images\CourseImages tap\Fire Fighting.webp
First Aid,First Aid,C:\Websites\learningmanagementsystem\Images\Course_Images\CourseImages tap\First Aid.webp
Foundations of English: Building Blocks for Effective Communication,Foundations of English: Building Blocks for Effective Communication,C:\Websites\learningmanagementsystem\Images\Course_Images\CourseImages tap\Foundations of English Building Blocks for Effective Communication.webp
Fraud Management in the Office,Fraud Management in the Office,C:\Websites\learningmanagementsystem\Images\Course_Images\CourseImages tap\Fraud Management in the Office.webp
Fundamentals of International Trade,Fundamentals of International Trade,C:\Websites\learningmanagementsystem\Images\Course_Images\CourseImages tap\Fundamentals of International Trade.webp
Gather and Provide Relevant Information to Contribute to Contact Centre Problem Solving,Gather and Provide Relevant Information to Contribute to Contact Centre Problem Solving,C:\Websites\learningmanagementsystem\Images\Course_Images\CourseImages tap\Gather and Provide Relevant Information to Contribute to Contact Centre Problem Solving.webp
Give Evidence In Court,Give Evidence In Court,C:\Websites\learningmanagementsystem\Images\Course_Images\CourseImages tap\Give Evidence In Court.webp
Google Sheets and Forms,Google Sheets and Forms,C:\Websites\learningmanagementsystem\Images\Course_Images\CourseImages tap\Google Sheets and Forms.webp
Hand Over a Serviced Vehicle,Hand Over a Serviced Vehicle,C:\Websites\learningmanagementsystem\Images\Course_Images\CourseImages tap\Hand Over a Serviced Vehicle.webp
Handle Complaints and Problems,Handle Complaints and Problems,C:\Websites\learningmanagementsystem\Images\Course_Images\CourseImages tap\Handle Complaints and Problems.webp
How to Deal With Depression,How to Deal With Depression,C:\Websites\learningmanagementsystem\Images\Course_Images\CourseImages tap\How to Deal With Depression.webp
How to Start Your First Business,How to Start Your First Business,C:\Websites\learningmanagementsystem\Images\Course_Images\CourseImages tap\How to Start Your First Business.webp
How to Take Care of a Baby,How to Take Care of a Baby,C:\Websites\learningmanagementsystem\Images\Course_Images\CourseImages tap\How to Take Care of a Baby.webp
Identify and Respond to Customer Needs in a Contact Centre,Identify and Respond to Customer Needs in a Contact Centre,C:\Websites\learningmanagementsystem\Images\Course_Images\CourseImages tap\Identify and Respond to Customer Needs in a Contact Centre.webp
Identify Customers and Generate Selling Opportunities,Identify Customers and Generate Selling Opportunities,C:\Websites\learningmanagementsystem\Images\Course_Images\CourseImages tap\Identify Customers and Generate Selling Opportunities.webp
Identifying Business Opportunities,Identifying Business Opportunities,C:\Websites\learningmanagementsystem\Images\Course_Images\CourseImages tap\Identifying Business Opportunities.webp
Implement and Manage Human Resource and Labour Relations Policies and Acts,Implement and Manage Human Resource and Labour Relations Policies and Acts,C:\Websites\learningmanagementsystem\Images\Course_Images\CourseImages tap\Implement and Manage Human Resource and Labour Relations Policies and Acts.webp
Implementation Options for Information Technology (IT),Implementation Options for Information Technology (IT),C:\Websites\learningmanagementsystem\Images\Course_Images\CourseImages tap\Implementation Options for Information Technology (IT).webp
Implementing and Maintaining Information Systems,Implementing and Maintaining Information Systems,C:\Websites\learningmanagementsystem\Images\Course_Images\CourseImages tap\Implementing and Maintaining Information Systems.webp
Implementing Project Administration Processes,Implementing Project Administration Processes,C:\Websites\learningmanagementsystem\Images\Course_Images\CourseImages tap\Implementing Project Administration Processes.webp
Incorporate Batho Pele Principles in Your Work Role,Incorporate Batho Pele Principles in Your Work Role,C:\Websites\learningmanagementsystem\Images\Course_Images\CourseImages tap\Incorporate Batho Pele Principles in Your Work Role.webp
Installing a Networked Workstation,Installing a Networked Workstation,C:\Websites\learningmanagementsystem\Images\Course_Images\CourseImages tap\Installing a Networked Workstation.webp
Instil in Myself a Personal Contact Centre Culture,Instil in Myself a Personal Contact Centre Culture,C:\Websites\learningmanagementsystem\Images\Course_Images\CourseImages tap\Instil in Myself a Personal Contact Centre Culture.webp
Intermediate Excel Assessment,Intermediate Excel Assessment,C:\Websites\learningmanagementsystem\Images\Course_Images\CourseImages tap\Intermediate Excel Assessment.webp
Intermediate Microsoft Excel,Intermediate Microsoft Excel,C:\Websites\learningmanagementsystem\Images\Course_Images\CourseImages tap\Intermediate Microsoft Excel.webp
Intermediate Microsoft Word,Intermediate Microsoft Word,C:\Websites\learningmanagementsystem\Images\Course_Images\CourseImages tap\Intermediate Microsoft Word.webp
"Interpret Classification Systems in Order to Organise, Retrieve and Dispose of Records","Interpret Classification Systems in Order to Organise, Retrieve and Dispose of Records","C:\Websites\learningmanagementsystem\Images\Course_Images\CourseImages tap\Interpret Classification Systems in Order to Organise, Retrieve and Dispose of Records.webp"
Interpreting Financial Reports,Interpreting Financial Reports,C:\Websites\learningmanagementsystem\Images\Course_Images\CourseImages tap\Interpreting Financial Reports.webp
Interpreting Literary Texts,Interpreting Literary Texts,C:\Websites\learningmanagementsystem\Images\Course_Images\CourseImages tap\Interpreting Literary Texts.webp
Interview Skills Assessment,Interview Skills Assessment,C:\Websites\learningmanagementsystem\Images\Course_Images\CourseImages tap\Interview Skills Assessment.webp
Interviewing Skills for Employers,Interviewing Skills for Employers,C:\Websites\learningmanagementsystem\Images\Course_Images\CourseImages tap\Interviewing Skills for Employers.webp
Introduce New Staff to the Workplace,Introduce New Staff to the Workplace,C:\Websites\learningmanagementsystem\Images\Course_Images\CourseImages tap\Introduce New Staff to the Workplace.webp
Introducing a New Team Member,Introducing a New Team Member,C:\Websites\learningmanagementsystem\Images\Course_Images\CourseImages tap\Introducing a New Team Member.webp
Introduction to Computers,Introduction to Computers,C:\Websites\learningmanagementsystem\Images\Course_Images\CourseImages tap\Introduction to Computers.webp
Introduction to Labour Law and the Basic Conditions of Employment Act,Introduction to Labour Law and the Basic Conditions of Employment Act,C:\Websites\learningmanagementsystem\Images\Course_Images\CourseImages tap\Introduction to Labour Law and the Basic Conditions of Employment Act.webp
IT Business Analysis,IT Business Analysis,C:\Websites\learningmanagementsystem\Images\Course_Images\CourseImages tap\IT Business Analysis.webp
IT Solutions Assessment,IT Solutions Assessment,C:\Websites\learningmanagementsystem\Images\Course_Images\CourseImages tap\IT Solutions Assessment.webp
IT Support & Customer Care,IT Support & Customer Care,C:\Websites\learningmanagementsystem\Images\Course_Images\CourseImages tap\IT Support & Customer Care.webp
IT Support and Enterprise Systems Management,IT Support and Enterprise Systems Management,C:\Websites\learningmanagementsystem\Images\Course_Images\CourseImages tap\IT Support and Enterprise Systems Management.webp
IT System Support,IT System Support,C:\Websites\learningmanagementsystem\Images\Course_Images\CourseImages tap\IT System Support.webp
Knowledge Management,Knowledge Management,C:\Websites\learningmanagementsystem\Images\Course_Images\CourseImages tap\Knowledge Management.webp
LAN Installation and Commissioning,LAN Installation and Commissioning,C:\Websites\learningmanagementsystem\Images\Course_Images\CourseImages tap\LAN Installation and Commissioning.webp
Language and Communication in Occupational Learning,Language and Communication in Occupational Learning,C:\Websites\learningmanagementsystem\Images\Course_Images\CourseImages tap\Language and Communication in Occupational Learning.webp
Language Proficiency Test (English),Language Proficiency Test (English),C:\Websites\learningmanagementsystem\Images\Course_Images\CourseImages tap\Language Proficiency Test (English).webp
Leadership in Supply Chain Management,Leadership in Supply Chain Management,C:\Websites\learningmanagementsystem\Images\Course_Images\CourseImages tap\Leadership in Supply Chain Management.webp
Leadership Theories,Leadership Theories,C:\Websites\learningmanagementsystem\Images\Course_Images\CourseImages tap\Leadership Theories.webp
Local Area Network (LAN) Management Issues,Local Area Network (LAN) Management Issues,C:\Websites\learningmanagementsystem\Images\Course_Images\CourseImages tap\Local Area Network (LAN) Management Issues.webp
Local Area Network Administration,Local Area Network Administration,C:\Websites\learningmanagementsystem\Images\Course_Images\CourseImages tap\Local Area Network Administration.webp
Logical Problem Solving and Error Detection,Logical Problem Solving and Error Detection,C:\Websites\learningmanagementsystem\Images\Course_Images\CourseImages tap\Logical Problem Solving and Error Detection.webp
Maintain and Adapt Oral/signed Communication,Maintain and Adapt Oral/signed Communication,C:\Websites\learningmanagementsystem\Images\Course_Images\CourseImages tap\Maintain and Adapt Oralsigned Communication.webp
Maintain Stock in the Automotive Sales Retail Industry,Maintain Stock in the Automotive Sales Retail Industry,C:\Websites\learningmanagementsystem\Images\Course_Images\CourseImages tap\Maintain Stock in the Automotive Sales Retail Industry.webp
Maintenance of Office Equipment,Maintenance of Office Equipment,C:\Websites\learningmanagementsystem\Images\Course_Images\CourseImages tap\Maintenance of Office Equipment.webp
Make Appointments and Control Flow of Customer Vehicles,Make Appointments and Control Flow of Customer Vehicles,C:\Websites\learningmanagementsystem\Images\Course_Images\CourseImages tap\Make Appointments and Control Flow of Customer Vehicles.webp
Manage and Communicate Requirements,Manage and Communicate Requirements,C:\Websites\learningmanagementsystem\Images\Course_Images\CourseImages tap\Manage and Communicate Requirements.webp
Manage and Supervise Business Analysis,Manage and Supervise Business Analysis,C:\Websites\learningmanagementsystem\Images\Course_Images\CourseImages tap\Manage and Supervise Business Analysis.webp
Manage Business Operations,Manage Business Operations,C:\Websites\learningmanagementsystem\Images\Course_Images\CourseImages tap\Manage Business Operations.webp
Manage Diversity to Add Value in the Workplace,Manage Diversity to Add Value in the Workplace,C:\Websites\learningmanagementsystem\Images\Course_Images\CourseImages tap\Manage Diversity to Add Value in the Workplace.webp
Manage General Administration,Manage General Administration,C:\Websites\learningmanagementsystem\Images\Course_Images\CourseImages tap\Manage General Administration.webp
Manage in-bound and/or Out-bound Calls in a Contact Centre,Manage in-bound and/or Out-bound Calls in a Contact Centre,C:\Websites\learningmanagementsystem\Images\Course_Images\CourseImages tap\Manage in-bound andor Out-bound Calls in a Contact Centre.webp
Manage Personal Finances,Manage Personal Finances,C:\Websites\learningmanagementsystem\Images\Course_Images\CourseImages tap\Manage Personal Finances.webp
Manage Project Meetings and Workshops,Manage Project Meetings and Workshops,C:\Websites\learningmanagementsystem\Images\Course_Images\CourseImages tap\Manage Project Meetings and Workshops.webp
Managing an Information System in a Business,Managing an Information System in a Business,C:\Websites\learningmanagementsystem\Images\Course_Images\CourseImages tap\Managing an Information System in a Business.webp
Managing Customer Complaints in a Contact Centre,Managing Customer Complaints in a Contact Centre,C:\Websites\learningmanagementsystem\Images\Course_Images\CourseImages tap\Managing Customer Complaints in a Contact Centre.webp
Managing of Service Providers,Managing of Service Providers,C:\Websites\learningmanagementsystem\Images\Course_Images\CourseImages tap\Managing of Service Providers.webp
Managing Office Supplies,Managing Office Supplies,C:\Websites\learningmanagementsystem\Images\Course_Images\CourseImages tap\Managing Office Supplies.webp
Managing Project Documentation,Managing Project Documentation,C:\Websites\learningmanagementsystem\Images\Course_Images\CourseImages tap\Managing Project Documentation.webp
Managing Supply Chain Relationships,Managing Supply Chain Relationships,C:\Websites\learningmanagementsystem\Images\Course_Images\CourseImages tap\Managing Supply Chain Relationships.webp
Managing Workplace Conflicts,Managing Workplace Conflicts,C:\Websites\learningmanagementsystem\Images\Course_Images\CourseImages tap\Managing Workplace Conflicts.webp
Mastering Cv Construction and Interview Skills,Mastering Cv Construction and Interview Skills,C:\Websites\learningmanagementsystem\Images\Course_Images\CourseImages tap\Mastering Cv Construction and Interview Skills.webp
Mastering Disciplinary Hearings: A Comprehensive Guide,Mastering Disciplinary Hearings: A Comprehensive Guide,C:\Websites\learningmanagementsystem\Images\Course_Images\CourseImages tap\Mastering Disciplinary Hearings A Comprehensive Guide.webp
Match New Venture Opportunity to Market Needs,Match New Venture Opportunity to Market Needs,C:\Websites\learningmanagementsystem\Images\Course_Images\CourseImages tap\Match New Venture Opportunity to Market Needs.webp
Mathematical Analysis in Economics and Finance,Mathematical Analysis in Economics and Finance,C:\Websites\learningmanagementsystem\Images\Course_Images\CourseImages tap\Mathematical Analysis in Economics and Finance.webp
Meet Performance Standards Within a Contact Centre,Meet Performance Standards Within a Contact Centre,C:\Websites\learningmanagementsystem\Images\Course_Images\CourseImages tap\Meet Performance Standards Within a Contact Centre.webp
"Merchandise and display products, services and related goods","Merchandise and display products, services and related goods","C:\Websites\learningmanagementsystem\Images\Course_Images\CourseImages tap\Merchandise and display products, services and related goods.webp"
Microsoft Outlook,Microsoft Outlook,C:\Websites\learningmanagementsystem\Images\Course_Images\CourseImages tap\Microsoft Outlook.webp
Microsoft Teams,Microsoft Teams,C:\Websites\learningmanagementsystem\Images\Course_Images\CourseImages tap\Microsoft Teams.webp
Microsoft Visual Basic for Excel,Microsoft Visual Basic for Excel,C:\Websites\learningmanagementsystem\Images\Course_Images\CourseImages tap\Microsoft Visual Basic for Excel.webp
Moderator,Moderator,C:\Websites\learningmanagementsystem\Images\Course_Images\CourseImages tap\Moderator.webp
"Monitor, Assess and Manage Risk","Monitor, Assess and Manage Risk","C:\Websites\learningmanagementsystem\Images\Course_Images\CourseImages tap\Monitor, Assess and Manage Risk.webp"
Motivational Theories and Principles in Leadership,Motivational Theories and Principles in Leadership,C:\Websites\learningmanagementsystem\Images\Course_Images\CourseImages tap\Motivational Theories and Principles in Leadership.webp
Motor Vehicle Learner's License - K53,Motor Vehicle Learner's License - K53,C:\Websites\learningmanagementsystem\Images\Course_Images\CourseImages tap\Motor Vehicle Learner's License - K53.webp
Motorcycle Learner's License - K53,Motorcycle Learner's License - K53,C:\Websites\learningmanagementsystem\Images\Course_Images\CourseImages tap\Motorcycle Learner's License - K53.webp
Multi-User Computer System Security Administration,Multi-User Computer System Security Administration,C:\Websites\learningmanagementsystem\Images\Course_Images\CourseImages tap\Multi-User Computer System Security Administration.webp
Multi-User Operating System Management,Multi-User Operating System Management,C:\Websites\learningmanagementsystem\Images\Course_Images\CourseImages tap\Multi-User Operating System Management.webp
Negotiation Skills,Negotiation Skills,C:\Websites\learningmanagementsystem\Images\Course_Images\CourseImages tap\Negotiation Skills.webp
Negotiation Skills in Business,Negotiation Skills in Business,C:\Websites\learningmanagementsystem\Images\Course_Images\CourseImages tap\Negotiation Skills in Business.webp
New Venture Marketing Strategies,New Venture Marketing Strategies,C:\Websites\learningmanagementsystem\Images\Course_Images\CourseImages tap\New Venture Marketing Strategies.webp
Numerical Reasoning Assessment,Numerical Reasoning Assessment,C:\Websites\learningmanagementsystem\Images\Course_Images\CourseImages tap\Numerical Reasoning Assessment.webp
Occupational Health and Safety,Occupational Health and Safety,C:\Websites\learningmanagementsystem\Images\Course_Images\CourseImages tap\Occupational Health and Safety.webp
Office Etiquette,Office Etiquette,C:\Websites\learningmanagementsystem\Images\Course_Images\CourseImages tap\Office Etiquette.webp
Office Local Area Network (LAN) Design,Office Local Area Network (LAN) Design,C:\Websites\learningmanagementsystem\Images\Course_Images\CourseImages tap\Office Local Area Network (LAN) Design.webp
Operational Planning,Operational Planning,C:\Websites\learningmanagementsystem\Images\Course_Images\CourseImages tap\Operational Planning.webp
Optimising Supply Chain Information,Optimising Supply Chain Information,C:\Websites\learningmanagementsystem\Images\Course_Images\CourseImages tap\Optimising Supply Chain Information.webp
Optimising Supply Chain Performance,Optimising Supply Chain Performance,C:\Websites\learningmanagementsystem\Images\Course_Images\CourseImages tap\Optimising Supply Chain Performance.webp
Oral Communication and Text Evaluation,Oral Communication and Text Evaluation,C:\Websites\learningmanagementsystem\Images\Course_Images\CourseImages tap\Oral Communication and Text Evaluation.webp
Oversee and Share Project Timelines,Oversee and Share Project Timelines,C:\Websites\learningmanagementsystem\Images\Course_Images\CourseImages tap\Oversee and Share Project Timelines.webp
Participate in the Estimation and Preparation of Cost Budget for a Project or Sub-project and Monitor and Control Actual Cost Against Budget,Participate in the Estimation and Preparation of Cost Budget for a Project or Sub-project and Monitor and Control Actual Cost Against Budget,C:\Websites\learningmanagementsystem\Images\Course_Images\CourseImages tap\Participate in the Estimation and Preparation of Cost Budget for a Project or Sub-project and Monitor and Control Actual Cost Against Budget.webp
Perform Basic Business Calculations,Perform Basic Business Calculations,C:\Websites\learningmanagementsystem\Images\Course_Images\CourseImages tap\Perform Basic Business Calculations.webp
Perform Basic Fire Fighting,Perform Basic Fire Fighting,C:\Websites\learningmanagementsystem\Images\Course_Images\CourseImages tap\Perform Basic Fire Fighting.webp
Perform Hand Over and Take Over Responsibilities,Perform Hand Over and Take Over Responsibilities,C:\Websites\learningmanagementsystem\Images\Course_Images\CourseImages tap\Perform Hand Over and Take Over Responsibilities.webp
Perform Requirements Analysis,Perform Requirements Analysis,C:\Websites\learningmanagementsystem\Images\Course_Images\CourseImages tap\Perform Requirements Analysis.webp
Performance Standards and Review Processes,Performance Standards and Review Processes,C:\Websites\learningmanagementsystem\Images\Course_Images\CourseImages tap\Performance Standards and Review Processes.webp
Personal Development,Personal Development,C:\Websites\learningmanagementsystem\Images\Course_Images\CourseImages tap\Personal Development.webp
Philosophy of Supply Chain Management,Philosophy of Supply Chain Management,C:\Websites\learningmanagementsystem\Images\Course_Images\CourseImages tap\Philosophy of Supply Chain Management.webp
Plan and Manage Production/Operations in a New Venture,Plan and Manage Production/Operations in a New Venture,C:\Websites\learningmanagementsystem\Images\Course_Images\CourseImages tap\Plan and Manage ProductionOperations in a New Venture.webp
Plan and Prepare Meeting Communications,Plan and Prepare Meeting Communications,C:\Websites\learningmanagementsystem\Images\Course_Images\CourseImages tap\Plan and Prepare Meeting Communications.webp
Prepare and Deliver a Purchased Vehicle to a Customer,Prepare and Deliver a Purchased Vehicle to a Customer,C:\Websites\learningmanagementsystem\Images\Course_Images\CourseImages tap\Prepare and Deliver a Purchased Vehicle to a Customer.webp
Present Information in Report Format,Present Information in Report Format,C:\Websites\learningmanagementsystem\Images\Course_Images\CourseImages tap\Present Information in Report Format.webp
Process Data Using Information Technology,Process Data Using Information Technology,C:\Websites\learningmanagementsystem\Images\Course_Images\CourseImages tap\Process Data Using Information Technology.webp
Process Facilitation in Supply Chain Information Integration,Process Facilitation in Supply Chain Information Integration,C:\Websites\learningmanagementsystem\Images\Course_Images\CourseImages tap\Process Facilitation in Supply Chain Information Integration.webp
Process Incoming and Outgoing Telephone Calls,Process Incoming and Outgoing Telephone Calls,C:\Websites\learningmanagementsystem\Images\Course_Images\CourseImages tap\Process Incoming and Outgoing Telephone Calls.webp
Process Vehicle Service or Repair Requests,Process Vehicle Service or Repair Requests,C:\Websites\learningmanagementsystem\Images\Course_Images\CourseImages tap\Process Vehicle Service or Repair Requests.webp
Processing of Automotive Orders and Payments,Processing of Automotive Orders and Payments,C:\Websites\learningmanagementsystem\Images\Course_Images\CourseImages tap\Processing of Automotive Orders and Payments.webp
Processing Transactions: Petty Cash and Banking,Processing Transactions: Petty Cash and Banking,C:\Websites\learningmanagementsystem\Images\Course_Images\CourseImages tap\Processing Transactions Petty Cash and Banking.webp
Produce a Business Plan for a New Venture,Produce a Business Plan for a New Venture,C:\Websites\learningmanagementsystem\Images\Course_Images\CourseImages tap\Produce a Business Plan for a New Venture.webp
Professional Conduct and Ethics in the Workplace,Professional Conduct and Ethics in the Workplace,C:\Websites\learningmanagementsystem\Images\Course_Images\CourseImages tap\Professional Conduct and Ethics in the Workplace.webp
Professional Interaction Techniques,Professional Interaction Techniques,C:\Websites\learningmanagementsystem\Images\Course_Images\CourseImages tap\Professional Interaction Techniques.webp
Project Budget Preparation and Management,Project Budget Preparation and Management,C:\Websites\learningmanagementsystem\Images\Course_Images\CourseImages tap\Project Budget Preparation and Management.webp
Project Management Fundamentals,Project Management Fundamentals,C:\Websites\learningmanagementsystem\Images\Course_Images\CourseImages tap\Project Management Fundamentals.webp
Promote a Learning Culture,Promote a Learning Culture,C:\Websites\learningmanagementsystem\Images\Course_Images\CourseImages tap\Promote a Learning Culture.webp
Protection of Personal Information Act,Protection of Personal Information Act,C:\Websites\learningmanagementsystem\Images\Course_Images\CourseImages tap\Protection of Personal Information Act.webp
Provide Information to Customers in a Contact Centre,Provide Information to Customers in a Contact Centre,C:\Websites\learningmanagementsystem\Images\Course_Images\CourseImages tap\Provide Information to Customers in a Contact Centre.webp
Public Speaking,Public Speaking,C:\Websites\learningmanagementsystem\Images\Course_Images\CourseImages tap\Public Speaking.webp
Rational and Irrational Numbers and Number Systems,Rational and Irrational Numbers and Number Systems,C:\Websites\learningmanagementsystem\Images\Course_Images\CourseImages tap\Rational and Irrational Numbers and Number Systems.webp
"Reading, Analysing, and Responding to Texts","Reading, Analysing, and Responding to Texts","C:\Websites\learningmanagementsystem\Images\Course_Images\CourseImages tap\Reading, Analysing, and Responding to Texts.webp"
Reception Management Skills,Reception Management Skills,C:\Websites\learningmanagementsystem\Images\Course_Images\CourseImages tap\Reception Management Skills.webp
Recruitment,Recruitment,C:\Websites\learningmanagementsystem\Images\Course_Images\CourseImages tap\Recruitment.webp
Research the Viability of New Venture Ideas/Opportunities,Research the Viability of New Venture Ideas/Opportunities,C:\Websites\learningmanagementsystem\Images\Course_Images\CourseImages tap\Research the Viability of New Venture IdeasOpportunities.webp
Research Using Computer Technology,Research Using Computer Technology,C:\Websites\learningmanagementsystem\Images\Course_Images\CourseImages tap\Research Using Computer Technology.webp
Reviewing Your Retail Sales Performance,Reviewing Your Retail Sales Performance,C:\Websites\learningmanagementsystem\Images\Course_Images\CourseImages tap\Reviewing Your Retail Sales Performance.webp
Sell Products to Customers in a Wholesale and Retail Outlet,Sell Products to Customers in a Wholesale and Retail Outlet,C:\Websites\learningmanagementsystem\Images\Course_Images\CourseImages tap\Sell Products to Customers in a Wholesale and Retail Outlet.webp
Selling to Corporate Fleet Owners,Selling to Corporate Fleet Owners,C:\Websites\learningmanagementsystem\Images\Course_Images\CourseImages tap\Selling to Corporate Fleet Owners.webp
Set Priorities for Team and Personal Tasks,Set Priorities for Team and Personal Tasks,C:\Websites\learningmanagementsystem\Images\Course_Images\CourseImages tap\Set Priorities for Team and Personal Tasks.webp
Setting Up Multi-User Network Operating Systems,Setting Up Multi-User Network Operating Systems,C:\Websites\learningmanagementsystem\Images\Course_Images\CourseImages tap\Setting Up Multi-User Network Operating Systems.webp
Sexual Harassment,Sexual Harassment,C:\Websites\learningmanagementsystem\Images\Course_Images\CourseImages tap\Sexual Harassment.webp
Situational Judgement Assessment,Situational Judgement Assessment,C:\Websites\learningmanagementsystem\Images\Course_Images\CourseImages tap\Situational Judgement Assessment.webp
Skills Development Coordination Practices (SDF),Skills Development Coordination Practices (SDF),C:\Websites\learningmanagementsystem\Images\Course_Images\CourseImages tap\Skills Development Coordination Practices (SDF).webp
Solving Problems with Data and Probability,Solving Problems with Data and Probability,C:\Websites\learningmanagementsystem\Images\Course_Images\CourseImages tap\Solving Problems with Data and Probability.webp
Specify Heavy Vehicles Options and Add-on Products,Specify Heavy Vehicles Options and Add-on Products,C:\Websites\learningmanagementsystem\Images\Course_Images\CourseImages tap\Specify Heavy Vehicles Options and Add-on Products.webp
Speed Typing Test Assessment,Speed Typing Test Assessment,C:\Websites\learningmanagementsystem\Images\Course_Images\CourseImages tap\Speed Typing Test Assessment.webp
Standard Insurance Cover in Terms of SASRIA,Standard Insurance Cover in Terms of SASRIA,C:\Websites\learningmanagementsystem\Images\Course_Images\CourseImages tap\Standard Insurance Cover in Terms of SASRIA.webp
Statistics and Probability to Influence the Use of Data and Procedures,Statistics and Probability to Influence the Use of Data and Procedures,C:\Websites\learningmanagementsystem\Images\Course_Images\CourseImages tap\Statistics and Probability to Influence the Use of Data and Procedures.webp
Stock and Fixed Asset Management,Stock and Fixed Asset Management,C:\Websites\learningmanagementsystem\Images\Course_Images\CourseImages tap\Stock and Fixed Asset Management.webp
Stock Procurement in the Retail Industry,Stock Procurement in the Retail Industry,C:\Websites\learningmanagementsystem\Images\Course_Images\CourseImages tap\Stock Procurement in the Retail Industry.webp
Stock Replenishment in a Retail Business,Stock Replenishment in a Retail Business,C:\Websites\learningmanagementsystem\Images\Course_Images\CourseImages tap\Stock Replenishment in a Retail Business.webp
Strategic Financial Planning for Startups,Strategic Financial Planning for Startups,C:\Websites\learningmanagementsystem\Images\Course_Images\CourseImages tap\Strategic Financial Planning for Startups.webp
Strategic Supply Chain Management Concepts,Strategic Supply Chain Management Concepts,C:\Websites\learningmanagementsystem\Images\Course_Images\CourseImages tap\Strategic Supply Chain Management Concepts.webp
Strategies to Improve New Venture Performance,Strategies to Improve New Venture Performance,C:\Websites\learningmanagementsystem\Images\Course_Images\CourseImages tap\Strategies to Improve New Venture Performance.webp
Stress Management,Stress Management,C:\Websites\learningmanagementsystem\Images\Course_Images\CourseImages tap\Stress Management.webp
Supply Chain Negotiation Skills,Supply Chain Negotiation Skills,C:\Websites\learningmanagementsystem\Images\Course_Images\CourseImages tap\Supply Chain Negotiation Skills.webp
Support Quality Implementation in Projects,Support Quality Implementation in Projects,C:\Websites\learningmanagementsystem\Images\Course_Images\CourseImages tap\Support Quality Implementation in Projects.webp
Talent Management,Talent Management,C:\Websites\learningmanagementsystem\Images\Course_Images\CourseImages tap\Talent Management.webp
Tender Procedures for a New Venture,Tender Procedures for a New Venture,C:\Websites\learningmanagementsystem\Images\Course_Images\CourseImages tap\Tender Procedures for a New Venture.webp
Testing IT Systems Against Given Specifications,Testing IT Systems Against Given Specifications,C:\Websites\learningmanagementsystem\Images\Course_Images\CourseImages tap\Testing IT Systems Against Given Specifications.webp
The Key Issues Important for Compliance With Corporate Governance Principles and Social Responsibility,The Key Issues Important for Compliance With Corporate Governance Principles and Social Responsibility,C:\Websites\learningmanagementsystem\Images\Course_Images\CourseImages tap\The Key Issues Important for Compliance With Corporate Governance Principles and Social Responsibility.webp
Time Management,Time Management,C:\Websites\learningmanagementsystem\Images\Course_Images\CourseImages tap\Time Management.webp
Tools and Techniques for Project Management,Tools and Techniques for Project Management,C:\Websites\learningmanagementsystem\Images\Course_Images\CourseImages tap\Tools and Techniques for Project Management.webp
Train the Trainer,Train the Trainer,C:\Websites\learningmanagementsystem\Images\Course_Images\CourseImages tap\Train the Trainer.webp
Troubleshooting Single- and Multi-User OS Issues,Troubleshooting Single- and Multi-User OS Issues,C:\Websites\learningmanagementsystem\Images\Course_Images\CourseImages tap\Troubleshooting Single- and Multi-User OS Issues.webp
Understanding Broad-Based Black Economic Empowerment,Understanding Broad-Based Black Economic Empowerment,C:\Websites\learningmanagementsystem\Images\Course_Images\CourseImages tap\Understanding Broad-Based Black Economic Empowerment.webp
Understanding Computer Database Management Systems,Understanding Computer Database Management Systems,C:\Websites\learningmanagementsystem\Images\Course_Images\CourseImages tap\Understanding Computer Database Management Systems.webp
Understanding Computer Network Architectures and Standards,Understanding Computer Network Architectures and Standards,C:\Websites\learningmanagementsystem\Images\Course_Images\CourseImages tap\Understanding Computer Network Architectures and Standards.webp
Understanding Different Business Environments,Understanding Different Business Environments,C:\Websites\learningmanagementsystem\Images\Course_Images\CourseImages tap\Understanding Different Business Environments.webp
Understanding Gender-Based Violence,Understanding Gender-Based Violence,C:\Websites\learningmanagementsystem\Images\Course_Images\CourseImages tap\Understanding Gender-Based Violence.webp
Understanding HIV/AIDS in the Workplace,Understanding HIV/AIDS in the Workplace,C:\Websites\learningmanagementsystem\Images\Course_Images\CourseImages tap\Understanding HIVAIDS in the Workplace.webp
Understanding Market Mechanisms in New Ventures,Understanding Market Mechanisms in New Ventures,C:\Websites\learningmanagementsystem\Images\Course_Images\CourseImages tap\Understanding Market Mechanisms in New Ventures.webp
Understanding Multi-User Operating Systems,Understanding Multi-User Operating Systems,C:\Websites\learningmanagementsystem\Images\Course_Images\CourseImages tap\Understanding Multi-User Operating Systems.webp
Understanding Organisational Ethics,Understanding Organisational Ethics,C:\Websites\learningmanagementsystem\Images\Course_Images\CourseImages tap\Understanding Organisational Ethics.webp
Understanding VAT (Value Added Tax),Understanding VAT (Value Added Tax),C:\Websites\learningmanagementsystem\Images\Course_Images\CourseImages tap\Understanding VAT (Value Added Tax).webp
Use Security Equipment,Use Security Equipment,C:\Websites\learningmanagementsystem\Images\Course_Images\CourseImages tap\Use Security Equipment.webp
Using Information From Texts,Using Information From Texts,C:\Websites\learningmanagementsystem\Images\Course_Images\CourseImages tap\Using Information From Texts.webp
Using Statistics and Probability to Analyse and Communicate Life Problems,Using Statistics and Probability to Analyse and Communicate Life Problems,C:\Websites\learningmanagementsystem\Images\Course_Images\CourseImages tap\Using Statistics and Probability to Analyse and Communicate Life Problems.webp
Verbal Reasoning Assessment,Verbal Reasoning Assessment,C:\Websites\learningmanagementsystem\Images\Course_Images\CourseImages\Verbal Reasoning Assessment.png
WANs vs. LANs: Understanding and Comparison,WANs vs. LANs: Understanding and Comparison,C:\Websites\learningmanagementsystem\Images\Course_Images\CourseImages tap\WANs vs. LANs Understanding and Comparison.webp
Work as a member of a Contact Centre Team,Work as a member of a Contact Centre Team,C:\Websites\learningmanagementsystem\Images\Course_Images\CourseImages tap\Work as a member of a Contact Centre Team.webp
Work as a Project Team Member,Work as a Project Team Member,C:\Websites\learningmanagementsystem\Images\Course_Images\CourseImages tap\Work as a Project Team Member.webp
Work Unit Estimation and Late Delivery Implications,Work Unit Estimation and Late Delivery Implications,C:\Websites\learningmanagementsystem\Images\Course_Images\CourseImages tap\Work Unit Estimation and Late Delivery Implications.webp
Work With a Range of Patterns and Functions and Solve Problems,Work With a Range of Patterns and Functions and Solve Problems,C:\Websites\learningmanagementsystem\Images\Course_Images\CourseImages tap\Work With a Range of Patterns and Functions and Solve Problems.webp
Write/present for a Defined Context,Write/present for a Defined Context,C:\Websites\learningmanagementsystem\Images\Course_Images\CourseImages tap\Writepresent for a Defined Context.webp
Writing for Various Communicative Contexts,Writing for Various Communicative Contexts,C:\Websites\learningmanagementsystem\Images\Course_Images\CourseImages tap\Writing for Various Communicative Contexts.webp
