"Status","From","To","Note"
"Converted","C:\Websites\learningmanagementsystem\Images\Course_Images\TAP Courses Webp files\Administrative Procedure Development.webp","C:\Websites\learningmanagementsystem\Images\Course_Images\TAP Courses PNG FIles\Administrative Procedure Development.png",""
"Converted","C:\Websites\learningmanagementsystem\Images\Course_Images\TAP Courses Webp files\Administrative Record Management.webp","C:\Websites\learningmanagementsystem\Images\Course_Images\TAP Courses PNG FIles\Administrative Record Management.png",""
"Converted","C:\Websites\learningmanagementsystem\Images\Course_Images\TAP Courses Webp files\Administrative Skills for Meeting and Event Coordination.webp","C:\Websites\learningmanagementsystem\Images\Course_Images\TAP Courses PNG FIles\Administrative Skills for Meeting and Event Coordination.png",""
"Converted","C:\Websites\learningmanagementsystem\Images\Course_Images\TAP Courses Webp files\Advanced Excel Assessment.webp","C:\Websites\learningmanagementsystem\Images\Course_Images\TAP Courses PNG FIles\Advanced Excel Assessment.png",""
"Converted","C:\Websites\learningmanagementsystem\Images\Course_Images\TAP Courses Webp files\Advanced Microsoft Excel.webp","C:\Websites\learningmanagementsystem\Images\Course_Images\TAP Courses PNG FIles\Advanced Microsoft Excel.png",""
"Converted","C:\Websites\learningmanagementsystem\Images\Course_Images\TAP Courses Webp files\Advanced Microsoft PowerPoint.webp","C:\Websites\learningmanagementsystem\Images\Course_Images\TAP Courses PNG FIles\Advanced Microsoft PowerPoint.png",""
"Converted","C:\Websites\learningmanagementsystem\Images\Course_Images\TAP Courses Webp files\Advanced Microsoft Word.webp","C:\Websites\learningmanagementsystem\Images\Course_Images\TAP Courses PNG FIles\Advanced Microsoft Word.png",""
"Converted","C:\Websites\learningmanagementsystem\Images\Course_Images\TAP Courses Webp files\Analyse and Apply Management Practices Within the Supply Chain.webp","C:\Websites\learningmanagementsystem\Images\Course_Images\TAP Courses PNG FIles\Analyse and Apply Management Practices Within the Supply Chain.png",""
"Converted","C:\Websites\learningmanagementsystem\Images\Course_Images\TAP Courses Webp files\Analysing Media Impact on Business Sectors.webp","C:\Websites\learningmanagementsystem\Images\Course_Images\TAP Courses PNG FIles\Analysing Media Impact on Business Sectors.png",""
"Converted","C:\Websites\learningmanagementsystem\Images\Course_Images\TAP Courses Webp files\Analysing Shape and Motion in 2D and 3D Space.webp","C:\Websites\learningmanagementsystem\Images\Course_Images\TAP Courses PNG FIles\Analysing Shape and Motion in 2D and 3D Space.png",""
"Converted","C:\Websites\learningmanagementsystem\Images\Course_Images\TAP Courses Webp files\Apply Concepts and Principles of Business Ethics in the Professional Environment.webp","C:\Websites\learningmanagementsystem\Images\Course_Images\TAP Courses PNG FIles\Apply Concepts and Principles of Business Ethics in the Professional Environment.png",""
"Converted","C:\Websites\learningmanagementsystem\Images\Course_Images\TAP Courses Webp files\Apply In-bound Contact Centre Operations Within a Commercial Environment.webp","C:\Websites\learningmanagementsystem\Images\Course_Images\TAP Courses PNG FIles\Apply In-bound Contact Centre Operations Within a Commercial Environment.png",""
"Converted","C:\Websites\learningmanagementsystem\Images\Course_Images\TAP Courses Webp files\Apply Legal Aspects in a Security Environment.webp","C:\Websites\learningmanagementsystem\Images\Course_Images\TAP Courses PNG FIles\Apply Legal Aspects in a Security Environment.png",""
"Converted","C:\Websites\learningmanagementsystem\Images\Course_Images\TAP Courses Webp files\Apply Out-bound Contact Centre Operations Within a Commercial Environment.webp","C:\Websites\learningmanagementsystem\Images\Course_Images\TAP Courses PNG FIles\Apply Out-bound Contact Centre Operations Within a Commercial Environment.png",""
"Converted","C:\Websites\learningmanagementsystem\Images\Course_Images\TAP Courses Webp files\Apply the Skills of Customer Care.webp","C:\Websites\learningmanagementsystem\Images\Course_Images\TAP Courses PNG FIles\Apply the Skills of Customer Care.png",""
"Converted","C:\Websites\learningmanagementsystem\Images\Course_Images\TAP Courses Webp files\Applying an Organisation's Code of Conduct.webp","C:\Websites\learningmanagementsystem\Images\Course_Images\TAP Courses PNG FIles\Applying an Organisation's Code of Conduct.png",""
"Converted","C:\Websites\learningmanagementsystem\Images\Course_Images\TAP Courses Webp files\Appraise and Valuate Used Vehicles.webp","C:\Websites\learningmanagementsystem\Images\Course_Images\TAP Courses PNG FIles\Appraise and Valuate Used Vehicles.png",""
"Converted","C:\Websites\learningmanagementsystem\Images\Course_Images\TAP Courses Webp files\Assessor (Conduct Outcome-based Assessments).webp","C:\Websites\learningmanagementsystem\Images\Course_Images\TAP Courses PNG FIles\Assessor (Conduct Outcome-based Assessments).png",""
"Converted","C:\Websites\learningmanagementsystem\Images\Course_Images\TAP Courses Webp files\Audience and Context Needs In Oral Communication.webp","C:\Websites\learningmanagementsystem\Images\Course_Images\TAP Courses PNG FIles\Audience and Context Needs In Oral Communication.png",""
"Converted","C:\Websites\learningmanagementsystem\Images\Course_Images\TAP Courses Webp files\Basic Business Principles.webp","C:\Websites\learningmanagementsystem\Images\Course_Images\TAP Courses PNG FIles\Basic Business Principles.png",""
"Converted","C:\Websites\learningmanagementsystem\Images\Course_Images\TAP Courses Webp files\Basic Computer Skills Assessment.webp","C:\Websites\learningmanagementsystem\Images\Course_Images\TAP Courses PNG FIles\Basic Computer Skills Assessment.png",""
"Converted","C:\Websites\learningmanagementsystem\Images\Course_Images\TAP Courses Webp files\Basic Excel Assessment.webp","C:\Websites\learningmanagementsystem\Images\Course_Images\TAP Courses PNG FIles\Basic Excel Assessment.png",""
"Converted","C:\Websites\learningmanagementsystem\Images\Course_Images\TAP Courses Webp files\Basic Microsoft Excel.webp","C:\Websites\learningmanagementsystem\Images\Course_Images\TAP Courses PNG FIles\Basic Microsoft Excel.png",""
"Converted","C:\Websites\learningmanagementsystem\Images\Course_Images\TAP Courses Webp files\Basic Microsoft PowerPoint.webp","C:\Websites\learningmanagementsystem\Images\Course_Images\TAP Courses PNG FIles\Basic Microsoft PowerPoint.png",""
"Converted","C:\Websites\learningmanagementsystem\Images\Course_Images\TAP Courses Webp files\Basic Microsoft Word.webp","C:\Websites\learningmanagementsystem\Images\Course_Images\TAP Courses PNG FIles\Basic Microsoft Word.png",""
"Converted","C:\Websites\learningmanagementsystem\Images\Course_Images\TAP Courses Webp files\Basic Office Research.webp","C:\Websites\learningmanagementsystem\Images\Course_Images\TAP Courses PNG FIles\Basic Office Research.png",""
"Converted","C:\Websites\learningmanagementsystem\Images\Course_Images\TAP Courses Webp files\Basic Supervisory Skills - Supervising Project Teams.webp","C:\Websites\learningmanagementsystem\Images\Course_Images\TAP Courses PNG FIles\Basic Supervisory Skills - Supervising Project Teams.png",""
"Converted","C:\Websites\learningmanagementsystem\Images\Course_Images\TAP Courses Webp files\Basics of Drafting a Contract.webp","C:\Websites\learningmanagementsystem\Images\Course_Images\TAP Courses PNG FIles\Basics of Drafting a Contract.png",""
"Converted","C:\Websites\learningmanagementsystem\Images\Course_Images\TAP Courses Webp files\Booking Systems.webp","C:\Websites\learningmanagementsystem\Images\Course_Images\TAP Courses PNG FIles\Booking Systems.png",""
"Converted","C:\Websites\learningmanagementsystem\Images\Course_Images\TAP Courses Webp files\Branding.webp","C:\Websites\learningmanagementsystem\Images\Course_Images\TAP Courses PNG FIles\Branding.png",""
"Converted","C:\Websites\learningmanagementsystem\Images\Course_Images\TAP Courses Webp files\Breast Cancer.webp","C:\Websites\learningmanagementsystem\Images\Course_Images\TAP Courses PNG FIles\Breast Cancer.png",""
"Converted","C:\Websites\learningmanagementsystem\Images\Course_Images\TAP Courses Webp files\Build Customer Relations in an Operational Unit.webp","C:\Websites\learningmanagementsystem\Images\Course_Images\TAP Courses PNG FIles\Build Customer Relations in an Operational Unit.png",""
"Converted","C:\Websites\learningmanagementsystem\Images\Course_Images\TAP Courses Webp files\Building Competitive Supply Chain Networks.webp","C:\Websites\learningmanagementsystem\Images\Course_Images\TAP Courses PNG FIles\Building Competitive Supply Chain Networks.png",""
"Converted","C:\Websites\learningmanagementsystem\Images\Course_Images\TAP Courses Webp files\Building High-Performance Teams.webp","C:\Websites\learningmanagementsystem\Images\Course_Images\TAP Courses PNG FIles\Building High-Performance Teams.png",""
"Converted","C:\Websites\learningmanagementsystem\Images\Course_Images\TAP Courses Webp files\Business & Personal Financial Analysis.webp","C:\Websites\learningmanagementsystem\Images\Course_Images\TAP Courses PNG FIles\Business & Personal Financial Analysis.png",""
"Converted","C:\Websites\learningmanagementsystem\Images\Course_Images\TAP Courses Webp files\Business Communication.webp","C:\Websites\learningmanagementsystem\Images\Course_Images\TAP Courses PNG FIles\Business Communication.png",""
"Converted","C:\Websites\learningmanagementsystem\Images\Course_Images\TAP Courses Webp files\Business Ethics.webp","C:\Websites\learningmanagementsystem\Images\Course_Images\TAP Courses PNG FIles\Business Ethics.png",""
"Converted","C:\Websites\learningmanagementsystem\Images\Course_Images\TAP Courses Webp files\Business Planning for New Ventures.webp","C:\Websites\learningmanagementsystem\Images\Course_Images\TAP Courses PNG FIles\Business Planning for New Ventures.png",""
"Converted","C:\Websites\learningmanagementsystem\Images\Course_Images\TAP Courses Webp files\Business Principles and Information Technology.webp","C:\Websites\learningmanagementsystem\Images\Course_Images\TAP Courses PNG FIles\Business Principles and Information Technology.png",""
"Converted","C:\Websites\learningmanagementsystem\Images\Course_Images\TAP Courses Webp files\Business Report Writing in RetailWholesale.webp","C:\Websites\learningmanagementsystem\Images\Course_Images\TAP Courses PNG FIles\Business Report Writing in RetailWholesale.png",""
"Converted","C:\Websites\learningmanagementsystem\Images\Course_Images\TAP Courses Webp files\Business Writing Level 4.webp","C:\Websites\learningmanagementsystem\Images\Course_Images\TAP Courses PNG FIles\Business Writing Level 4.png",""
"Converted","C:\Websites\learningmanagementsystem\Images\Course_Images\TAP Courses Webp files\Carrying Out Basic First Aid Treatment in the Workplace.webp","C:\Websites\learningmanagementsystem\Images\Course_Images\TAP Courses PNG FIles\Carrying Out Basic First Aid Treatment in the Workplace.png",""
"Converted","C:\Websites\learningmanagementsystem\Images\Course_Images\TAP Courses Webp files\Change Management.webp","C:\Websites\learningmanagementsystem\Images\Course_Images\TAP Courses PNG FIles\Change Management.png",""
"Converted","C:\Websites\learningmanagementsystem\Images\Course_Images\TAP Courses Webp files\Choosing Suppliers Selection and Evaluation.webp","C:\Websites\learningmanagementsystem\Images\Course_Images\TAP Courses PNG FIles\Choosing Suppliers Selection and Evaluation.png",""
"Converted","C:\Websites\learningmanagementsystem\Images\Course_Images\TAP Courses Webp files\Coaching for Business Managers.webp","C:\Websites\learningmanagementsystem\Images\Course_Images\TAP Courses PNG FIles\Coaching for Business Managers.png",""
"Converted","C:\Websites\learningmanagementsystem\Images\Course_Images\TAP Courses Webp files\Collect and record information queries and requests from customers.webp","C:\Websites\learningmanagementsystem\Images\Course_Images\TAP Courses PNG FIles\Collect and record information queries and requests from customers.png",""
"Converted","C:\Websites\learningmanagementsystem\Images\Course_Images\TAP Courses Webp files\Communicate in an Assertive Manner With Clients and Fellow Workers.webp","C:\Websites\learningmanagementsystem\Images\Course_Images\TAP Courses PNG FIles\Communicate in an Assertive Manner With Clients and Fellow Workers.png",""
"Converted","C:\Websites\learningmanagementsystem\Images\Course_Images\TAP Courses Webp files\Communicate Verbally and Non-verbally in the Workplace.webp","C:\Websites\learningmanagementsystem\Images\Course_Images\TAP Courses PNG FIles\Communicate Verbally and Non-verbally in the Workplace.png",""
"Converted","C:\Websites\learningmanagementsystem\Images\Course_Images\TAP Courses Webp files\Communicate With Customers in a Contact Centre and BPO.webp","C:\Websites\learningmanagementsystem\Images\Course_Images\TAP Courses PNG FIles\Communicate With Customers in a Contact Centre and BPO.png",""
"Converted","C:\Websites\learningmanagementsystem\Images\Course_Images\TAP Courses Webp files\Communication in Diverse Contexts.webp","C:\Websites\learningmanagementsystem\Images\Course_Images\TAP Courses PNG FIles\Communication in Diverse Contexts.png",""
"Converted","C:\Websites\learningmanagementsystem\Images\Course_Images\TAP Courses Webp files\Communication Skills.webp","C:\Websites\learningmanagementsystem\Images\Course_Images\TAP Courses PNG FIles\Communication Skills.png",""
"Converted","C:\Websites\learningmanagementsystem\Images\Course_Images\TAP Courses Webp files\Comprehensive Security Risk Training.webp","C:\Websites\learningmanagementsystem\Images\Course_Images\TAP Courses PNG FIles\Comprehensive Security Risk Training.png",""
"Converted","C:\Websites\learningmanagementsystem\Images\Course_Images\TAP Courses Webp files\Computer Industry Ethics in South Africa.webp","C:\Websites\learningmanagementsystem\Images\Course_Images\TAP Courses PNG FIles\Computer Industry Ethics in South Africa.png",""
"Converted","C:\Websites\learningmanagementsystem\Images\Course_Images\TAP Courses Webp files\Computer Skills for Contact Centre Staff.webp","C:\Websites\learningmanagementsystem\Images\Course_Images\TAP Courses PNG FIles\Computer Skills for Contact Centre Staff.png",""
"Converted","C:\Websites\learningmanagementsystem\Images\Course_Images\TAP Courses Webp files\Conduct a Meeting.webp","C:\Websites\learningmanagementsystem\Images\Course_Images\TAP Courses PNG FIles\Conduct a Meeting.png",""
"Converted","C:\Websites\learningmanagementsystem\Images\Course_Images\TAP Courses Webp files\Conduct a Security Patrol in an Area of Responsibility.webp","C:\Websites\learningmanagementsystem\Images\Course_Images\TAP Courses PNG FIles\Conduct a Security Patrol in an Area of Responsibility.png",""
"Converted","C:\Websites\learningmanagementsystem\Images\Course_Images\TAP Courses Webp files\Conduct Sales and Support Services.webp","C:\Websites\learningmanagementsystem\Images\Course_Images\TAP Courses PNG FIles\Conduct Sales and Support Services.png",""
"Converted","C:\Websites\learningmanagementsystem\Images\Course_Images\TAP Courses Webp files\Conducting a Technical Meeting.webp","C:\Websites\learningmanagementsystem\Images\Course_Images\TAP Courses PNG FIles\Conducting a Technical Meeting.png",""
"Converted","C:\Websites\learningmanagementsystem\Images\Course_Images\TAP Courses Webp files\Conducting Organisational Needs Analysis.webp","C:\Websites\learningmanagementsystem\Images\Course_Images\TAP Courses PNG FIles\Conducting Organisational Needs Analysis.png",""
"Converted","C:\Websites\learningmanagementsystem\Images\Course_Images\TAP Courses Webp files\Contract Administration in a New Business.webp","C:\Websites\learningmanagementsystem\Images\Course_Images\TAP Courses PNG FIles\Contract Administration in a New Business.png",""
"Converted","C:\Websites\learningmanagementsystem\Images\Course_Images\TAP Courses Webp files\Contribute to a Diverse Working Environment in a Contact Centre.webp","C:\Websites\learningmanagementsystem\Images\Course_Images\TAP Courses PNG FIles\Contribute to a Diverse Working Environment in a Contact Centre.png",""
"Converted","C:\Websites\learningmanagementsystem\Images\Course_Images\TAP Courses Webp files\Contributing to Project Initiation and Scope Definition.webp","C:\Websites\learningmanagementsystem\Images\Course_Images\TAP Courses PNG FIles\Contributing to Project Initiation and Scope Definition.png",""
"Converted","C:\Websites\learningmanagementsystem\Images\Course_Images\TAP Courses Webp files\Contributing to Project Risk Management.webp","C:\Websites\learningmanagementsystem\Images\Course_Images\TAP Courses PNG FIles\Contributing to Project Risk Management.png",""
"Converted","C:\Websites\learningmanagementsystem\Images\Course_Images\TAP Courses Webp files\Control Expenses Within a Budget.webp","C:\Websites\learningmanagementsystem\Images\Course_Images\TAP Courses PNG FIles\Control Expenses Within a Budget.png",""
"Converted","C:\Websites\learningmanagementsystem\Images\Course_Images\TAP Courses Webp files\Create Database Access with SQL.webp","C:\Websites\learningmanagementsystem\Images\Course_Images\TAP Courses PNG FIles\Create Database Access with SQL.png",""
"Converted","C:\Websites\learningmanagementsystem\Images\Course_Images\TAP Courses Webp files\Critical Thinking and Problem Resolution.webp","C:\Websites\learningmanagementsystem\Images\Course_Images\TAP Courses PNG FIles\Critical Thinking and Problem Resolution.png",""
"Converted","C:\Websites\learningmanagementsystem\Images\Course_Images\TAP Courses Webp files\Cultivating Productive Supply Chain Culture.webp","C:\Websites\learningmanagementsystem\Images\Course_Images\TAP Courses PNG FIles\Cultivating Productive Supply Chain Culture.png",""
"Converted","C:\Websites\learningmanagementsystem\Images\Course_Images\TAP Courses Webp files\Cultural Awareness.webp","C:\Websites\learningmanagementsystem\Images\Course_Images\TAP Courses PNG FIles\Cultural Awareness.png",""
"Converted","C:\Websites\learningmanagementsystem\Images\Course_Images\TAP Courses Webp files\Customer Data Collection and Recording.webp","C:\Websites\learningmanagementsystem\Images\Course_Images\TAP Courses PNG FIles\Customer Data Collection and Recording.png",""
"Converted","C:\Websites\learningmanagementsystem\Images\Course_Images\TAP Courses Webp files\Customer Satisfaction.webp","C:\Websites\learningmanagementsystem\Images\Course_Images\TAP Courses PNG FIles\Customer Satisfaction.png",""
"Converted","C:\Websites\learningmanagementsystem\Images\Course_Images\TAP Courses Webp files\Customer Service for Professionals.webp","C:\Websites\learningmanagementsystem\Images\Course_Images\TAP Courses PNG FIles\Customer Service for Professionals.png",""
"Converted","C:\Websites\learningmanagementsystem\Images\Course_Images\TAP Courses Webp files\Data Checking Assessment.webp","C:\Websites\learningmanagementsystem\Images\Course_Images\TAP Courses PNG FIles\Data Checking Assessment.png",""
"Converted","C:\Websites\learningmanagementsystem\Images\Course_Images\TAP Courses Webp files\Define Core and Secondary Functions of an Organisation.webp","C:\Websites\learningmanagementsystem\Images\Course_Images\TAP Courses PNG FIles\Define Core and Secondary Functions of an Organisation.png",""
"Converted","C:\Websites\learningmanagementsystem\Images\Course_Images\TAP Courses Webp files\Demonstrate an Understanding of Contact Centre and BPO Working Practices.webp","C:\Websites\learningmanagementsystem\Images\Course_Images\TAP Courses PNG FIles\Demonstrate an Understanding of Contact Centre and BPO Working Practices.png",""
"Converted","C:\Websites\learningmanagementsystem\Images\Course_Images\TAP Courses Webp files\Demonstrate Automotive Vehicle Product Knowledge.webp","C:\Websites\learningmanagementsystem\Images\Course_Images\TAP Courses PNG FIles\Demonstrate Automotive Vehicle Product Knowledge.png",""
"Converted","C:\Websites\learningmanagementsystem\Images\Course_Images\TAP Courses Webp files\Demonstrate Knowledge and Application of Ethical Conduct in a Business Environment.webp","C:\Websites\learningmanagementsystem\Images\Course_Images\TAP Courses PNG FIles\Demonstrate Knowledge and Application of Ethical Conduct in a Business Environment.png",""
"Converted","C:\Websites\learningmanagementsystem\Images\Course_Images\TAP Courses Webp files\Describe the Interaction With Internal Departments and External Sales Support Structures.webp","C:\Websites\learningmanagementsystem\Images\Course_Images\TAP Courses PNG FIles\Describe the Interaction With Internal Departments and External Sales Support Structures.png",""
"Converted","C:\Websites\learningmanagementsystem\Images\Course_Images\TAP Courses Webp files\Designing Information Systems.webp","C:\Websites\learningmanagementsystem\Images\Course_Images\TAP Courses PNG FIles\Designing Information Systems.png",""
"Converted","C:\Websites\learningmanagementsystem\Images\Course_Images\TAP Courses Webp files\Develop Understanding Within an Organisation About the Risks Associated With Its Functioning and Contexts.webp","C:\Websites\learningmanagementsystem\Images\Course_Images\TAP Courses PNG FIles\Develop Understanding Within an Organisation About the Risks Associated With Its Functioning and Contexts.png",""
"Converted","C:\Websites\learningmanagementsystem\Images\Course_Images\TAP Courses Webp files\Develop, Implement and Evaluate a Project Plan.webp","C:\Websites\learningmanagementsystem\Images\Course_Images\TAP Courses PNG FIles\Develop, Implement and Evaluate a Project Plan.png",""
"Converted","C:\Websites\learningmanagementsystem\Images\Course_Images\TAP Courses Webp files\Developing Innovative Work Environments.webp","C:\Websites\learningmanagementsystem\Images\Course_Images\TAP Courses PNG FIles\Developing Innovative Work Environments.png",""
"Converted","C:\Websites\learningmanagementsystem\Images\Course_Images\TAP Courses Webp files\Developing Strategies for Operational Supply Optimisation.webp","C:\Websites\learningmanagementsystem\Images\Course_Images\TAP Courses PNG FIles\Developing Strategies for Operational Supply Optimisation.png",""
"Converted","C:\Websites\learningmanagementsystem\Images\Course_Images\TAP Courses Webp files\Devise and Apply Strategies to Establish and Maintain Workplace Relations.webp","C:\Websites\learningmanagementsystem\Images\Course_Images\TAP Courses PNG FIles\Devise and Apply Strategies to Establish and Maintain Workplace Relations.png",""
"Converted","C:\Websites\learningmanagementsystem\Images\Course_Images\TAP Courses Webp files\Effective Communication Techniques.webp","C:\Websites\learningmanagementsystem\Images\Course_Images\TAP Courses PNG FIles\Effective Communication Techniques.png",""
"Converted","C:\Websites\learningmanagementsystem\Images\Course_Images\TAP Courses Webp files\Effective Performance in a Business.webp","C:\Websites\learningmanagementsystem\Images\Course_Images\TAP Courses PNG FIles\Effective Performance in a Business.png",""
"Converted","C:\Websites\learningmanagementsystem\Images\Course_Images\TAP Courses Webp files\Effective Sales A Masterclass.webp","C:\Websites\learningmanagementsystem\Images\Course_Images\TAP Courses PNG FIles\Effective Sales A Masterclass.png",""
"Converted","C:\Websites\learningmanagementsystem\Images\Course_Images\TAP Courses Webp files\Effective Time Management.webp","C:\Websites\learningmanagementsystem\Images\Course_Images\TAP Courses PNG FIles\Effective Time Management.png",""
"Converted","C:\Websites\learningmanagementsystem\Images\Course_Images\TAP Courses Webp files\Emotional intelligence.webp","C:\Websites\learningmanagementsystem\Images\Course_Images\TAP Courses PNG FIles\Emotional intelligence.png",""
"Converted","C:\Websites\learningmanagementsystem\Images\Course_Images\TAP Courses Webp files\Employment Relations.webp","C:\Websites\learningmanagementsystem\Images\Course_Images\TAP Courses PNG FIles\Employment Relations.png",""
"Converted","C:\Websites\learningmanagementsystem\Images\Course_Images\TAP Courses Webp files\Empowering Team Members.webp","C:\Websites\learningmanagementsystem\Images\Course_Images\TAP Courses PNG FIles\Empowering Team Members.png",""
"Converted","C:\Websites\learningmanagementsystem\Images\Course_Images\TAP Courses Webp files\Entrepreneurial Characteristics.webp","C:\Websites\learningmanagementsystem\Images\Course_Images\TAP Courses PNG FIles\Entrepreneurial Characteristics.png",""
"Converted","C:\Websites\learningmanagementsystem\Images\Course_Images\TAP Courses Webp files\Everyday Business Functions.webp","C:\Websites\learningmanagementsystem\Images\Course_Images\TAP Courses PNG FIles\Everyday Business Functions.png",""
"Converted","C:\Websites\learningmanagementsystem\Images\Course_Images\TAP Courses Webp files\Exhibitor and Visitor Engagement Management.webp","C:\Websites\learningmanagementsystem\Images\Course_Images\TAP Courses PNG FIles\Exhibitor and Visitor Engagement Management.png",""
"Converted","C:\Websites\learningmanagementsystem\Images\Course_Images\TAP Courses Webp files\Explain Basic Health and Safety Principles in and Around the Workplace.webp","C:\Websites\learningmanagementsystem\Images\Course_Images\TAP Courses PNG FIles\Explain Basic Health and Safety Principles in and Around the Workplace.png",""
"Converted","C:\Websites\learningmanagementsystem\Images\Course_Images\TAP Courses Webp files\Explain the Requirements for Becoming a Security Service Provider.webp","C:\Websites\learningmanagementsystem\Images\Course_Images\TAP Courses PNG FIles\Explain the Requirements for Becoming a Security Service Provider.png",""
"Converted","C:\Websites\learningmanagementsystem\Images\Course_Images\TAP Courses Webp files\Exploring Physical Quantities and Geometrical Relationships.webp","C:\Websites\learningmanagementsystem\Images\Course_Images\TAP Courses PNG FIles\Exploring Physical Quantities and Geometrical Relationships.png",""
"Converted","C:\Websites\learningmanagementsystem\Images\Course_Images\TAP Courses Webp files\Facilitator Training.webp","C:\Websites\learningmanagementsystem\Images\Course_Images\TAP Courses PNG FIles\Facilitator Training.png",""
"Converted","C:\Websites\learningmanagementsystem\Images\Course_Images\TAP Courses Webp files\Factors That Impact on the Bottom Line of a Wholesale and Retail Unit.webp","C:\Websites\learningmanagementsystem\Images\Course_Images\TAP Courses PNG FIles\Factors That Impact on the Bottom Line of a Wholesale and Retail Unit.png",""
"Converted","C:\Websites\learningmanagementsystem\Images\Course_Images\TAP Courses Webp files\Fair and Effective Disciplinary Procedures.webp","C:\Websites\learningmanagementsystem\Images\Course_Images\TAP Courses PNG FIles\Fair and Effective Disciplinary Procedures.png",""
"Converted","C:\Websites\learningmanagementsystem\Images\Course_Images\TAP Courses Webp files\Finance a New Venture.webp","C:\Websites\learningmanagementsystem\Images\Course_Images\TAP Courses PNG FIles\Finance a New Venture.png",""
"Converted","C:\Websites\learningmanagementsystem\Images\Course_Images\TAP Courses Webp files\Finance For Non Financial Managers.webp","C:\Websites\learningmanagementsystem\Images\Course_Images\TAP Courses PNG FIles\Finance For Non Financial Managers.png",""
"Converted","C:\Websites\learningmanagementsystem\Images\Course_Images\TAP Courses Webp files\Financial Advisory and Intermediary Services Act 2002 (FAIS) (Act 37 of 2002).webp","C:\Websites\learningmanagementsystem\Images\Course_Images\TAP Courses PNG FIles\Financial Advisory and Intermediary Services Act 2002 (FAIS) (Act 37 of 2002).png",""
"Converted","C:\Websites\learningmanagementsystem\Images\Course_Images\TAP Courses Webp files\Financial Aspects of Personal, Business and National Issues.webp","C:\Websites\learningmanagementsystem\Images\Course_Images\TAP Courses PNG FIles\Financial Aspects of Personal, Business and National Issues.png",""
"Converted","C:\Websites\learningmanagementsystem\Images\Course_Images\TAP Courses Webp files\Financial Intelligence Centre Act (FICA).webp","C:\Websites\learningmanagementsystem\Images\Course_Images\TAP Courses PNG FIles\Financial Intelligence Centre Act (FICA).png",""
"Converted","C:\Websites\learningmanagementsystem\Images\Course_Images\TAP Courses Webp files\Financial Management Essentials for Entrepreneurs.webp","C:\Websites\learningmanagementsystem\Images\Course_Images\TAP Courses PNG FIles\Financial Management Essentials for Entrepreneurs.png",""
"Converted","C:\Websites\learningmanagementsystem\Images\Course_Images\TAP Courses Webp files\Financial Mathematics & Analysis.webp","C:\Websites\learningmanagementsystem\Images\Course_Images\TAP Courses PNG FIles\Financial Mathematics & Analysis.png",""
"Converted","C:\Websites\learningmanagementsystem\Images\Course_Images\TAP Courses Webp files\Financial Modeling.webp","C:\Websites\learningmanagementsystem\Images\Course_Images\TAP Courses PNG FIles\Financial Modeling.png",""
"Converted","C:\Websites\learningmanagementsystem\Images\Course_Images\TAP Courses Webp files\Financial Planning for New Ventures.webp","C:\Websites\learningmanagementsystem\Images\Course_Images\TAP Courses PNG FIles\Financial Planning for New Ventures.png",""
"Converted","C:\Websites\learningmanagementsystem\Images\Course_Images\TAP Courses Webp files\Fire Fighting.webp","C:\Websites\learningmanagementsystem\Images\Course_Images\TAP Courses PNG FIles\Fire Fighting.png",""
"Converted","C:\Websites\learningmanagementsystem\Images\Course_Images\TAP Courses Webp files\First Aid.webp","C:\Websites\learningmanagementsystem\Images\Course_Images\TAP Courses PNG FIles\First Aid.png",""
"Converted","C:\Websites\learningmanagementsystem\Images\Course_Images\TAP Courses Webp files\Foundations of English Building Blocks for Effective Communication.webp","C:\Websites\learningmanagementsystem\Images\Course_Images\TAP Courses PNG FIles\Foundations of English Building Blocks for Effective Communication.png",""
"Converted","C:\Websites\learningmanagementsystem\Images\Course_Images\TAP Courses Webp files\Fraud Management in the Office.webp","C:\Websites\learningmanagementsystem\Images\Course_Images\TAP Courses PNG FIles\Fraud Management in the Office.png",""
"Converted","C:\Websites\learningmanagementsystem\Images\Course_Images\TAP Courses Webp files\Fundamentals of International Trade.webp","C:\Websites\learningmanagementsystem\Images\Course_Images\TAP Courses PNG FIles\Fundamentals of International Trade.png",""
"Converted","C:\Websites\learningmanagementsystem\Images\Course_Images\TAP Courses Webp files\Gather and Provide Relevant Information to Contribute to Contact Centre Problem Solving.webp","C:\Websites\learningmanagementsystem\Images\Course_Images\TAP Courses PNG FIles\Gather and Provide Relevant Information to Contribute to Contact Centre Problem Solving.png",""
"Converted","C:\Websites\learningmanagementsystem\Images\Course_Images\TAP Courses Webp files\Give Evidence In Court.webp","C:\Websites\learningmanagementsystem\Images\Course_Images\TAP Courses PNG FIles\Give Evidence In Court.png",""
"Converted","C:\Websites\learningmanagementsystem\Images\Course_Images\TAP Courses Webp files\Google Sheets and Forms.webp","C:\Websites\learningmanagementsystem\Images\Course_Images\TAP Courses PNG FIles\Google Sheets and Forms.png",""
"Converted","C:\Websites\learningmanagementsystem\Images\Course_Images\TAP Courses Webp files\Hand Over a Serviced Vehicle.webp","C:\Websites\learningmanagementsystem\Images\Course_Images\TAP Courses PNG FIles\Hand Over a Serviced Vehicle.png",""
"Converted","C:\Websites\learningmanagementsystem\Images\Course_Images\TAP Courses Webp files\Handle Complaints and Problems.webp","C:\Websites\learningmanagementsystem\Images\Course_Images\TAP Courses PNG FIles\Handle Complaints and Problems.png",""
"Converted","C:\Websites\learningmanagementsystem\Images\Course_Images\TAP Courses Webp files\How to Deal With Depression.webp","C:\Websites\learningmanagementsystem\Images\Course_Images\TAP Courses PNG FIles\How to Deal With Depression.png",""
"Converted","C:\Websites\learningmanagementsystem\Images\Course_Images\TAP Courses Webp files\How to Start Your First Business.webp","C:\Websites\learningmanagementsystem\Images\Course_Images\TAP Courses PNG FIles\How to Start Your First Business.png",""
"Converted","C:\Websites\learningmanagementsystem\Images\Course_Images\TAP Courses Webp files\How to Take Care of a Baby.webp","C:\Websites\learningmanagementsystem\Images\Course_Images\TAP Courses PNG FIles\How to Take Care of a Baby.png",""
"Converted","C:\Websites\learningmanagementsystem\Images\Course_Images\TAP Courses Webp files\Identify and Respond to Customer Needs in a Contact Centre.webp","C:\Websites\learningmanagementsystem\Images\Course_Images\TAP Courses PNG FIles\Identify and Respond to Customer Needs in a Contact Centre.png",""
"Converted","C:\Websites\learningmanagementsystem\Images\Course_Images\TAP Courses Webp files\Identify Customers and Generate Selling Opportunities.webp","C:\Websites\learningmanagementsystem\Images\Course_Images\TAP Courses PNG FIles\Identify Customers and Generate Selling Opportunities.png",""
"Converted","C:\Websites\learningmanagementsystem\Images\Course_Images\TAP Courses Webp files\Identifying Business Opportunities.webp","C:\Websites\learningmanagementsystem\Images\Course_Images\TAP Courses PNG FIles\Identifying Business Opportunities.png",""
"Converted","C:\Websites\learningmanagementsystem\Images\Course_Images\TAP Courses Webp files\Implement and Manage Human Resource and Labour Relations Policies and Acts.webp","C:\Websites\learningmanagementsystem\Images\Course_Images\TAP Courses PNG FIles\Implement and Manage Human Resource and Labour Relations Policies and Acts.png",""
"Converted","C:\Websites\learningmanagementsystem\Images\Course_Images\TAP Courses Webp files\Implementation Options for Information Technology (IT).webp","C:\Websites\learningmanagementsystem\Images\Course_Images\TAP Courses PNG FIles\Implementation Options for Information Technology (IT).png",""
"Converted","C:\Websites\learningmanagementsystem\Images\Course_Images\TAP Courses Webp files\Implementing and Maintaining Information Systems.webp","C:\Websites\learningmanagementsystem\Images\Course_Images\TAP Courses PNG FIles\Implementing and Maintaining Information Systems.png",""
"Converted","C:\Websites\learningmanagementsystem\Images\Course_Images\TAP Courses Webp files\Implementing Project Administration Processes.webp","C:\Websites\learningmanagementsystem\Images\Course_Images\TAP Courses PNG FIles\Implementing Project Administration Processes.png",""
"Converted","C:\Websites\learningmanagementsystem\Images\Course_Images\TAP Courses Webp files\Incorporate Batho Pele Principles in Your Work Role.webp","C:\Websites\learningmanagementsystem\Images\Course_Images\TAP Courses PNG FIles\Incorporate Batho Pele Principles in Your Work Role.png",""
"Converted","C:\Websites\learningmanagementsystem\Images\Course_Images\TAP Courses Webp files\Installing a Networked Workstation.webp","C:\Websites\learningmanagementsystem\Images\Course_Images\TAP Courses PNG FIles\Installing a Networked Workstation.png",""
"Converted","C:\Websites\learningmanagementsystem\Images\Course_Images\TAP Courses Webp files\Instil in Myself a Personal Contact Centre Culture.webp","C:\Websites\learningmanagementsystem\Images\Course_Images\TAP Courses PNG FIles\Instil in Myself a Personal Contact Centre Culture.png",""
"Converted","C:\Websites\learningmanagementsystem\Images\Course_Images\TAP Courses Webp files\Intermediate Excel Assessment.webp","C:\Websites\learningmanagementsystem\Images\Course_Images\TAP Courses PNG FIles\Intermediate Excel Assessment.png",""
"Converted","C:\Websites\learningmanagementsystem\Images\Course_Images\TAP Courses Webp files\Intermediate Microsoft Excel.webp","C:\Websites\learningmanagementsystem\Images\Course_Images\TAP Courses PNG FIles\Intermediate Microsoft Excel.png",""
"Converted","C:\Websites\learningmanagementsystem\Images\Course_Images\TAP Courses Webp files\Intermediate Microsoft Word.webp","C:\Websites\learningmanagementsystem\Images\Course_Images\TAP Courses PNG FIles\Intermediate Microsoft Word.png",""
"Converted","C:\Websites\learningmanagementsystem\Images\Course_Images\TAP Courses Webp files\Interpret Classification Systems in Order to Organise, Retrieve and Dispose of Records.webp","C:\Websites\learningmanagementsystem\Images\Course_Images\TAP Courses PNG FIles\Interpret Classification Systems in Order to Organise, Retrieve and Dispose of Records.png",""
"Converted","C:\Websites\learningmanagementsystem\Images\Course_Images\TAP Courses Webp files\Interpreting Financial Reports.webp","C:\Websites\learningmanagementsystem\Images\Course_Images\TAP Courses PNG FIles\Interpreting Financial Reports.png",""
"Converted","C:\Websites\learningmanagementsystem\Images\Course_Images\TAP Courses Webp files\Interpreting Literary Texts.webp","C:\Websites\learningmanagementsystem\Images\Course_Images\TAP Courses PNG FIles\Interpreting Literary Texts.png",""
"Converted","C:\Websites\learningmanagementsystem\Images\Course_Images\TAP Courses Webp files\Interview Skills Assessment.webp","C:\Websites\learningmanagementsystem\Images\Course_Images\TAP Courses PNG FIles\Interview Skills Assessment.png",""
"Converted","C:\Websites\learningmanagementsystem\Images\Course_Images\TAP Courses Webp files\Interviewing Skills for Employers.webp","C:\Websites\learningmanagementsystem\Images\Course_Images\TAP Courses PNG FIles\Interviewing Skills for Employers.png",""
"Converted","C:\Websites\learningmanagementsystem\Images\Course_Images\TAP Courses Webp files\Introduce New Staff to the Workplace.webp","C:\Websites\learningmanagementsystem\Images\Course_Images\TAP Courses PNG FIles\Introduce New Staff to the Workplace.png",""
"Converted","C:\Websites\learningmanagementsystem\Images\Course_Images\TAP Courses Webp files\Introducing a New Team Member.webp","C:\Websites\learningmanagementsystem\Images\Course_Images\TAP Courses PNG FIles\Introducing a New Team Member.png",""
"Converted","C:\Websites\learningmanagementsystem\Images\Course_Images\TAP Courses Webp files\Introduction to Computers.webp","C:\Websites\learningmanagementsystem\Images\Course_Images\TAP Courses PNG FIles\Introduction to Computers.png",""
"Converted","C:\Websites\learningmanagementsystem\Images\Course_Images\TAP Courses Webp files\Introduction to Labour Law and the Basic Conditions of Employment Act.webp","C:\Websites\learningmanagementsystem\Images\Course_Images\TAP Courses PNG FIles\Introduction to Labour Law and the Basic Conditions of Employment Act.png",""
"Converted","C:\Websites\learningmanagementsystem\Images\Course_Images\TAP Courses Webp files\IT Business Analysis.webp","C:\Websites\learningmanagementsystem\Images\Course_Images\TAP Courses PNG FIles\IT Business Analysis.png",""
"Converted","C:\Websites\learningmanagementsystem\Images\Course_Images\TAP Courses Webp files\IT Solutions Assessment.webp","C:\Websites\learningmanagementsystem\Images\Course_Images\TAP Courses PNG FIles\IT Solutions Assessment.png",""
"Converted","C:\Websites\learningmanagementsystem\Images\Course_Images\TAP Courses Webp files\IT Support & Customer Care.webp","C:\Websites\learningmanagementsystem\Images\Course_Images\TAP Courses PNG FIles\IT Support & Customer Care.png",""
"Converted","C:\Websites\learningmanagementsystem\Images\Course_Images\TAP Courses Webp files\IT Support and Enterprise Systems Management.webp","C:\Websites\learningmanagementsystem\Images\Course_Images\TAP Courses PNG FIles\IT Support and Enterprise Systems Management.png",""
"Converted","C:\Websites\learningmanagementsystem\Images\Course_Images\TAP Courses Webp files\IT System Support.webp","C:\Websites\learningmanagementsystem\Images\Course_Images\TAP Courses PNG FIles\IT System Support.png",""
"Converted","C:\Websites\learningmanagementsystem\Images\Course_Images\TAP Courses Webp files\Knowledge Management.webp","C:\Websites\learningmanagementsystem\Images\Course_Images\TAP Courses PNG FIles\Knowledge Management.png",""
"Converted","C:\Websites\learningmanagementsystem\Images\Course_Images\TAP Courses Webp files\LAN Installation and Commissioning.webp","C:\Websites\learningmanagementsystem\Images\Course_Images\TAP Courses PNG FIles\LAN Installation and Commissioning.png",""
"Converted","C:\Websites\learningmanagementsystem\Images\Course_Images\TAP Courses Webp files\Language and Communication in Occupational Learning.webp","C:\Websites\learningmanagementsystem\Images\Course_Images\TAP Courses PNG FIles\Language and Communication in Occupational Learning.png",""
"Converted","C:\Websites\learningmanagementsystem\Images\Course_Images\TAP Courses Webp files\Language Proficiency Test (English).webp","C:\Websites\learningmanagementsystem\Images\Course_Images\TAP Courses PNG FIles\Language Proficiency Test (English).png",""
"Converted","C:\Websites\learningmanagementsystem\Images\Course_Images\TAP Courses Webp files\Leadership in Supply Chain Management.webp","C:\Websites\learningmanagementsystem\Images\Course_Images\TAP Courses PNG FIles\Leadership in Supply Chain Management.png",""
"Converted","C:\Websites\learningmanagementsystem\Images\Course_Images\TAP Courses Webp files\Leadership Theories.webp","C:\Websites\learningmanagementsystem\Images\Course_Images\TAP Courses PNG FIles\Leadership Theories.png",""
"Converted","C:\Websites\learningmanagementsystem\Images\Course_Images\TAP Courses Webp files\Local Area Network (LAN) Management Issues.webp","C:\Websites\learningmanagementsystem\Images\Course_Images\TAP Courses PNG FIles\Local Area Network (LAN) Management Issues.png",""
"Converted","C:\Websites\learningmanagementsystem\Images\Course_Images\TAP Courses Webp files\Local Area Network Administration.webp","C:\Websites\learningmanagementsystem\Images\Course_Images\TAP Courses PNG FIles\Local Area Network Administration.png",""
"Converted","C:\Websites\learningmanagementsystem\Images\Course_Images\TAP Courses Webp files\Logical Problem Solving and Error Detection.webp","C:\Websites\learningmanagementsystem\Images\Course_Images\TAP Courses PNG FIles\Logical Problem Solving and Error Detection.png",""
"Converted","C:\Websites\learningmanagementsystem\Images\Course_Images\TAP Courses Webp files\Maintain and Adapt Oralsigned Communication.webp","C:\Websites\learningmanagementsystem\Images\Course_Images\TAP Courses PNG FIles\Maintain and Adapt Oralsigned Communication.png",""
"Converted","C:\Websites\learningmanagementsystem\Images\Course_Images\TAP Courses Webp files\Maintain Stock in the Automotive Sales Retail Industry.webp","C:\Websites\learningmanagementsystem\Images\Course_Images\TAP Courses PNG FIles\Maintain Stock in the Automotive Sales Retail Industry.png",""
"Converted","C:\Websites\learningmanagementsystem\Images\Course_Images\TAP Courses Webp files\Maintenance of Office Equipment.webp","C:\Websites\learningmanagementsystem\Images\Course_Images\TAP Courses PNG FIles\Maintenance of Office Equipment.png",""
"Converted","C:\Websites\learningmanagementsystem\Images\Course_Images\TAP Courses Webp files\Make Appointments and Control Flow of Customer Vehicles.webp","C:\Websites\learningmanagementsystem\Images\Course_Images\TAP Courses PNG FIles\Make Appointments and Control Flow of Customer Vehicles.png",""
"Converted","C:\Websites\learningmanagementsystem\Images\Course_Images\TAP Courses Webp files\Manage and Communicate Requirements.webp","C:\Websites\learningmanagementsystem\Images\Course_Images\TAP Courses PNG FIles\Manage and Communicate Requirements.png",""
"Converted","C:\Websites\learningmanagementsystem\Images\Course_Images\TAP Courses Webp files\Manage and Supervise Business Analysis.webp","C:\Websites\learningmanagementsystem\Images\Course_Images\TAP Courses PNG FIles\Manage and Supervise Business Analysis.png",""
"Converted","C:\Websites\learningmanagementsystem\Images\Course_Images\TAP Courses Webp files\Manage Business Operations.webp","C:\Websites\learningmanagementsystem\Images\Course_Images\TAP Courses PNG FIles\Manage Business Operations.png",""
"Converted","C:\Websites\learningmanagementsystem\Images\Course_Images\TAP Courses Webp files\Manage Diversity to Add Value in the Workplace.webp","C:\Websites\learningmanagementsystem\Images\Course_Images\TAP Courses PNG FIles\Manage Diversity to Add Value in the Workplace.png",""
"Converted","C:\Websites\learningmanagementsystem\Images\Course_Images\TAP Courses Webp files\Manage General Administration.webp","C:\Websites\learningmanagementsystem\Images\Course_Images\TAP Courses PNG FIles\Manage General Administration.png",""
"Converted","C:\Websites\learningmanagementsystem\Images\Course_Images\TAP Courses Webp files\Manage in-bound andor Out-bound Calls in a Contact Centre.webp","C:\Websites\learningmanagementsystem\Images\Course_Images\TAP Courses PNG FIles\Manage in-bound andor Out-bound Calls in a Contact Centre.png",""
"Converted","C:\Websites\learningmanagementsystem\Images\Course_Images\TAP Courses Webp files\Manage Personal Finances.webp","C:\Websites\learningmanagementsystem\Images\Course_Images\TAP Courses PNG FIles\Manage Personal Finances.png",""
"Converted","C:\Websites\learningmanagementsystem\Images\Course_Images\TAP Courses Webp files\Manage Project Meetings and Workshops.webp","C:\Websites\learningmanagementsystem\Images\Course_Images\TAP Courses PNG FIles\Manage Project Meetings and Workshops.png",""
"Converted","C:\Websites\learningmanagementsystem\Images\Course_Images\TAP Courses Webp files\Managing an Information System in a Business.webp","C:\Websites\learningmanagementsystem\Images\Course_Images\TAP Courses PNG FIles\Managing an Information System in a Business.png",""
"Converted","C:\Websites\learningmanagementsystem\Images\Course_Images\TAP Courses Webp files\Managing Customer Complaints in a Contact Centre.webp","C:\Websites\learningmanagementsystem\Images\Course_Images\TAP Courses PNG FIles\Managing Customer Complaints in a Contact Centre.png",""
"Converted","C:\Websites\learningmanagementsystem\Images\Course_Images\TAP Courses Webp files\Managing of Service Providers.webp","C:\Websites\learningmanagementsystem\Images\Course_Images\TAP Courses PNG FIles\Managing of Service Providers.png",""
"Converted","C:\Websites\learningmanagementsystem\Images\Course_Images\TAP Courses Webp files\Managing Office Supplies.webp","C:\Websites\learningmanagementsystem\Images\Course_Images\TAP Courses PNG FIles\Managing Office Supplies.png",""
"Converted","C:\Websites\learningmanagementsystem\Images\Course_Images\TAP Courses Webp files\Managing Project Documentation.webp","C:\Websites\learningmanagementsystem\Images\Course_Images\TAP Courses PNG FIles\Managing Project Documentation.png",""
"Converted","C:\Websites\learningmanagementsystem\Images\Course_Images\TAP Courses Webp files\Managing Supply Chain Relationships.webp","C:\Websites\learningmanagementsystem\Images\Course_Images\TAP Courses PNG FIles\Managing Supply Chain Relationships.png",""
"Converted","C:\Websites\learningmanagementsystem\Images\Course_Images\TAP Courses Webp files\Managing Workplace Conflicts.webp","C:\Websites\learningmanagementsystem\Images\Course_Images\TAP Courses PNG FIles\Managing Workplace Conflicts.png",""
"Converted","C:\Websites\learningmanagementsystem\Images\Course_Images\TAP Courses Webp files\Mastering Cv Construction and Interview Skills.webp","C:\Websites\learningmanagementsystem\Images\Course_Images\TAP Courses PNG FIles\Mastering Cv Construction and Interview Skills.png",""
"Converted","C:\Websites\learningmanagementsystem\Images\Course_Images\TAP Courses Webp files\Mastering Disciplinary Hearings A Comprehensive Guide.webp","C:\Websites\learningmanagementsystem\Images\Course_Images\TAP Courses PNG FIles\Mastering Disciplinary Hearings A Comprehensive Guide.png",""
"Converted","C:\Websites\learningmanagementsystem\Images\Course_Images\TAP Courses Webp files\Match New Venture Opportunity to Market Needs.webp","C:\Websites\learningmanagementsystem\Images\Course_Images\TAP Courses PNG FIles\Match New Venture Opportunity to Market Needs.png",""
"Converted","C:\Websites\learningmanagementsystem\Images\Course_Images\TAP Courses Webp files\Mathematical Analysis in Economics and Finance.webp","C:\Websites\learningmanagementsystem\Images\Course_Images\TAP Courses PNG FIles\Mathematical Analysis in Economics and Finance.png",""
"Converted","C:\Websites\learningmanagementsystem\Images\Course_Images\TAP Courses Webp files\Meet Performance Standards Within a Contact Centre.webp","C:\Websites\learningmanagementsystem\Images\Course_Images\TAP Courses PNG FIles\Meet Performance Standards Within a Contact Centre.png",""
"Converted","C:\Websites\learningmanagementsystem\Images\Course_Images\TAP Courses Webp files\Merchandise and display products, services and related goods.webp","C:\Websites\learningmanagementsystem\Images\Course_Images\TAP Courses PNG FIles\Merchandise and display products, services and related goods.png",""
"Converted","C:\Websites\learningmanagementsystem\Images\Course_Images\TAP Courses Webp files\Microsoft Outlook.webp","C:\Websites\learningmanagementsystem\Images\Course_Images\TAP Courses PNG FIles\Microsoft Outlook.png",""
"Converted","C:\Websites\learningmanagementsystem\Images\Course_Images\TAP Courses Webp files\Microsoft Teams.webp","C:\Websites\learningmanagementsystem\Images\Course_Images\TAP Courses PNG FIles\Microsoft Teams.png",""
"Converted","C:\Websites\learningmanagementsystem\Images\Course_Images\TAP Courses Webp files\Microsoft Visual Basic for Excel.webp","C:\Websites\learningmanagementsystem\Images\Course_Images\TAP Courses PNG FIles\Microsoft Visual Basic for Excel.png",""
"Converted","C:\Websites\learningmanagementsystem\Images\Course_Images\TAP Courses Webp files\Moderator.webp","C:\Websites\learningmanagementsystem\Images\Course_Images\TAP Courses PNG FIles\Moderator.png",""
"Converted","C:\Websites\learningmanagementsystem\Images\Course_Images\TAP Courses Webp files\Monitor, Assess and Manage Risk.webp","C:\Websites\learningmanagementsystem\Images\Course_Images\TAP Courses PNG FIles\Monitor, Assess and Manage Risk.png",""
"Converted","C:\Websites\learningmanagementsystem\Images\Course_Images\TAP Courses Webp files\Motivational Theories and Principles in Leadership.webp","C:\Websites\learningmanagementsystem\Images\Course_Images\TAP Courses PNG FIles\Motivational Theories and Principles in Leadership.png",""
"Converted","C:\Websites\learningmanagementsystem\Images\Course_Images\TAP Courses Webp files\Motor Vehicle Learner's License - K53.webp","C:\Websites\learningmanagementsystem\Images\Course_Images\TAP Courses PNG FIles\Motor Vehicle Learner's License - K53.png",""
"Converted","C:\Websites\learningmanagementsystem\Images\Course_Images\TAP Courses Webp files\Motorcycle Learner's License - K53.webp","C:\Websites\learningmanagementsystem\Images\Course_Images\TAP Courses PNG FIles\Motorcycle Learner's License - K53.png",""
"Converted","C:\Websites\learningmanagementsystem\Images\Course_Images\TAP Courses Webp files\Multi-User Computer System Security Administration.webp","C:\Websites\learningmanagementsystem\Images\Course_Images\TAP Courses PNG FIles\Multi-User Computer System Security Administration.png",""
"Converted","C:\Websites\learningmanagementsystem\Images\Course_Images\TAP Courses Webp files\Multi-User Operating System Management.webp","C:\Websites\learningmanagementsystem\Images\Course_Images\TAP Courses PNG FIles\Multi-User Operating System Management.png",""
"Converted","C:\Websites\learningmanagementsystem\Images\Course_Images\TAP Courses Webp files\Negotiation Skills in Business.webp","C:\Websites\learningmanagementsystem\Images\Course_Images\TAP Courses PNG FIles\Negotiation Skills in Business.png",""
"Converted","C:\Websites\learningmanagementsystem\Images\Course_Images\TAP Courses Webp files\Negotiation Skills.webp","C:\Websites\learningmanagementsystem\Images\Course_Images\TAP Courses PNG FIles\Negotiation Skills.png",""
"Converted","C:\Websites\learningmanagementsystem\Images\Course_Images\TAP Courses Webp files\New Venture Marketing Strategies.webp","C:\Websites\learningmanagementsystem\Images\Course_Images\TAP Courses PNG FIles\New Venture Marketing Strategies.png",""
"Converted","C:\Websites\learningmanagementsystem\Images\Course_Images\TAP Courses Webp files\Numerical Reasoning Assessment.webp","C:\Websites\learningmanagementsystem\Images\Course_Images\TAP Courses PNG FIles\Numerical Reasoning Assessment.png",""
"Converted","C:\Websites\learningmanagementsystem\Images\Course_Images\TAP Courses Webp files\Occupational Health and Safety.webp","C:\Websites\learningmanagementsystem\Images\Course_Images\TAP Courses PNG FIles\Occupational Health and Safety.png",""
"Converted","C:\Websites\learningmanagementsystem\Images\Course_Images\TAP Courses Webp files\Office Etiquette.webp","C:\Websites\learningmanagementsystem\Images\Course_Images\TAP Courses PNG FIles\Office Etiquette.png",""
"Converted","C:\Websites\learningmanagementsystem\Images\Course_Images\TAP Courses Webp files\Office Local Area Network (LAN) Design.webp","C:\Websites\learningmanagementsystem\Images\Course_Images\TAP Courses PNG FIles\Office Local Area Network (LAN) Design.png",""
"Converted","C:\Websites\learningmanagementsystem\Images\Course_Images\TAP Courses Webp files\Operational Planning.webp","C:\Websites\learningmanagementsystem\Images\Course_Images\TAP Courses PNG FIles\Operational Planning.png",""
"Converted","C:\Websites\learningmanagementsystem\Images\Course_Images\TAP Courses Webp files\Optimising Supply Chain Information.webp","C:\Websites\learningmanagementsystem\Images\Course_Images\TAP Courses PNG FIles\Optimising Supply Chain Information.png",""
"Converted","C:\Websites\learningmanagementsystem\Images\Course_Images\TAP Courses Webp files\Optimising Supply Chain Performance.webp","C:\Websites\learningmanagementsystem\Images\Course_Images\TAP Courses PNG FIles\Optimising Supply Chain Performance.png",""
"Converted","C:\Websites\learningmanagementsystem\Images\Course_Images\TAP Courses Webp files\Oral Communication and Text Evaluation.webp","C:\Websites\learningmanagementsystem\Images\Course_Images\TAP Courses PNG FIles\Oral Communication and Text Evaluation.png",""
"Converted","C:\Websites\learningmanagementsystem\Images\Course_Images\TAP Courses Webp files\Oversee and Share Project Timelines.webp","C:\Websites\learningmanagementsystem\Images\Course_Images\TAP Courses PNG FIles\Oversee and Share Project Timelines.png",""
"Converted","C:\Websites\learningmanagementsystem\Images\Course_Images\TAP Courses Webp files\Participate in the Estimation and Preparation of Cost Budget for a Project or Sub-project and Monitor and Control Actual Cost Against Budget.webp","C:\Websites\learningmanagementsystem\Images\Course_Images\TAP Courses PNG FIles\Participate in the Estimation and Preparation of Cost Budget for a Project or Sub-project and Monitor and Control Actual Cost Against Budget.png",""
"Converted","C:\Websites\learningmanagementsystem\Images\Course_Images\TAP Courses Webp files\Perform Basic Business Calculations.webp","C:\Websites\learningmanagementsystem\Images\Course_Images\TAP Courses PNG FIles\Perform Basic Business Calculations.png",""
"Converted","C:\Websites\learningmanagementsystem\Images\Course_Images\TAP Courses Webp files\Perform Basic Fire Fighting.webp","C:\Websites\learningmanagementsystem\Images\Course_Images\TAP Courses PNG FIles\Perform Basic Fire Fighting.png",""
"Converted","C:\Websites\learningmanagementsystem\Images\Course_Images\TAP Courses Webp files\Perform Hand Over and Take Over Responsibilities.webp","C:\Websites\learningmanagementsystem\Images\Course_Images\TAP Courses PNG FIles\Perform Hand Over and Take Over Responsibilities.png",""
"Converted","C:\Websites\learningmanagementsystem\Images\Course_Images\TAP Courses Webp files\Perform Requirements Analysis.webp","C:\Websites\learningmanagementsystem\Images\Course_Images\TAP Courses PNG FIles\Perform Requirements Analysis.png",""
"Converted","C:\Websites\learningmanagementsystem\Images\Course_Images\TAP Courses Webp files\Performance Standards and Review Processes.webp","C:\Websites\learningmanagementsystem\Images\Course_Images\TAP Courses PNG FIles\Performance Standards and Review Processes.png",""
"Converted","C:\Websites\learningmanagementsystem\Images\Course_Images\TAP Courses Webp files\Personal Development.webp","C:\Websites\learningmanagementsystem\Images\Course_Images\TAP Courses PNG FIles\Personal Development.png",""
"Converted","C:\Websites\learningmanagementsystem\Images\Course_Images\TAP Courses Webp files\Philosophy of Supply Chain Management.webp","C:\Websites\learningmanagementsystem\Images\Course_Images\TAP Courses PNG FIles\Philosophy of Supply Chain Management.png",""
"Converted","C:\Websites\learningmanagementsystem\Images\Course_Images\TAP Courses Webp files\Plan and Manage ProductionOperations in a New Venture.webp","C:\Websites\learningmanagementsystem\Images\Course_Images\TAP Courses PNG FIles\Plan and Manage ProductionOperations in a New Venture.png",""
"Converted","C:\Websites\learningmanagementsystem\Images\Course_Images\TAP Courses Webp files\Plan and Prepare Meeting Communications.webp","C:\Websites\learningmanagementsystem\Images\Course_Images\TAP Courses PNG FIles\Plan and Prepare Meeting Communications.png",""
"Converted","C:\Websites\learningmanagementsystem\Images\Course_Images\TAP Courses Webp files\Prepare and Deliver a Purchased Vehicle to a Customer.webp","C:\Websites\learningmanagementsystem\Images\Course_Images\TAP Courses PNG FIles\Prepare and Deliver a Purchased Vehicle to a Customer.png",""
"Converted","C:\Websites\learningmanagementsystem\Images\Course_Images\TAP Courses Webp files\Present Information in Report Format.webp","C:\Websites\learningmanagementsystem\Images\Course_Images\TAP Courses PNG FIles\Present Information in Report Format.png",""
"Converted","C:\Websites\learningmanagementsystem\Images\Course_Images\TAP Courses Webp files\Process Data Using Information Technology.webp","C:\Websites\learningmanagementsystem\Images\Course_Images\TAP Courses PNG FIles\Process Data Using Information Technology.png",""
"Converted","C:\Websites\learningmanagementsystem\Images\Course_Images\TAP Courses Webp files\Process Facilitation in Supply Chain Information Integration.webp","C:\Websites\learningmanagementsystem\Images\Course_Images\TAP Courses PNG FIles\Process Facilitation in Supply Chain Information Integration.png",""
"Converted","C:\Websites\learningmanagementsystem\Images\Course_Images\TAP Courses Webp files\Process Incoming and Outgoing Telephone Calls.webp","C:\Websites\learningmanagementsystem\Images\Course_Images\TAP Courses PNG FIles\Process Incoming and Outgoing Telephone Calls.png",""
"Converted","C:\Websites\learningmanagementsystem\Images\Course_Images\TAP Courses Webp files\Process Vehicle Service or Repair Requests.webp","C:\Websites\learningmanagementsystem\Images\Course_Images\TAP Courses PNG FIles\Process Vehicle Service or Repair Requests.png",""
"Converted","C:\Websites\learningmanagementsystem\Images\Course_Images\TAP Courses Webp files\Processing of Automotive Orders and Payments.webp","C:\Websites\learningmanagementsystem\Images\Course_Images\TAP Courses PNG FIles\Processing of Automotive Orders and Payments.png",""
"Converted","C:\Websites\learningmanagementsystem\Images\Course_Images\TAP Courses Webp files\Processing Transactions Petty Cash and Banking.webp","C:\Websites\learningmanagementsystem\Images\Course_Images\TAP Courses PNG FIles\Processing Transactions Petty Cash and Banking.png",""
"Converted","C:\Websites\learningmanagementsystem\Images\Course_Images\TAP Courses Webp files\Produce a Business Plan for a New Venture.webp","C:\Websites\learningmanagementsystem\Images\Course_Images\TAP Courses PNG FIles\Produce a Business Plan for a New Venture.png",""
"Converted","C:\Websites\learningmanagementsystem\Images\Course_Images\TAP Courses Webp files\Professional Conduct and Ethics in the Workplace.webp","C:\Websites\learningmanagementsystem\Images\Course_Images\TAP Courses PNG FIles\Professional Conduct and Ethics in the Workplace.png",""
"Converted","C:\Websites\learningmanagementsystem\Images\Course_Images\TAP Courses Webp files\Professional Interaction Techniques.webp","C:\Websites\learningmanagementsystem\Images\Course_Images\TAP Courses PNG FIles\Professional Interaction Techniques.png",""
"Converted","C:\Websites\learningmanagementsystem\Images\Course_Images\TAP Courses Webp files\Project Budget Preparation and Management.webp","C:\Websites\learningmanagementsystem\Images\Course_Images\TAP Courses PNG FIles\Project Budget Preparation and Management.png",""
"Converted","C:\Websites\learningmanagementsystem\Images\Course_Images\TAP Courses Webp files\Project Management Fundamentals.webp","C:\Websites\learningmanagementsystem\Images\Course_Images\TAP Courses PNG FIles\Project Management Fundamentals.png",""
"Converted","C:\Websites\learningmanagementsystem\Images\Course_Images\TAP Courses Webp files\Promote a Learning Culture.webp","C:\Websites\learningmanagementsystem\Images\Course_Images\TAP Courses PNG FIles\Promote a Learning Culture.png",""
"Converted","C:\Websites\learningmanagementsystem\Images\Course_Images\TAP Courses Webp files\Protection of Personal Information Act.webp","C:\Websites\learningmanagementsystem\Images\Course_Images\TAP Courses PNG FIles\Protection of Personal Information Act.png",""
"Converted","C:\Websites\learningmanagementsystem\Images\Course_Images\TAP Courses Webp files\Provide Information to Customers in a Contact Centre.webp","C:\Websites\learningmanagementsystem\Images\Course_Images\TAP Courses PNG FIles\Provide Information to Customers in a Contact Centre.png",""
"Converted","C:\Websites\learningmanagementsystem\Images\Course_Images\TAP Courses Webp files\Public Speaking.webp","C:\Websites\learningmanagementsystem\Images\Course_Images\TAP Courses PNG FIles\Public Speaking.png",""
"Converted","C:\Websites\learningmanagementsystem\Images\Course_Images\TAP Courses Webp files\Rational and Irrational Numbers and Number Systems.webp","C:\Websites\learningmanagementsystem\Images\Course_Images\TAP Courses PNG FIles\Rational and Irrational Numbers and Number Systems.png",""
"Converted","C:\Websites\learningmanagementsystem\Images\Course_Images\TAP Courses Webp files\Reading, Analysing, and Responding to Texts.webp","C:\Websites\learningmanagementsystem\Images\Course_Images\TAP Courses PNG FIles\Reading, Analysing, and Responding to Texts.png",""
"Converted","C:\Websites\learningmanagementsystem\Images\Course_Images\TAP Courses Webp files\Reception Management Skills.webp","C:\Websites\learningmanagementsystem\Images\Course_Images\TAP Courses PNG FIles\Reception Management Skills.png",""
"Converted","C:\Websites\learningmanagementsystem\Images\Course_Images\TAP Courses Webp files\Recruitment.webp","C:\Websites\learningmanagementsystem\Images\Course_Images\TAP Courses PNG FIles\Recruitment.png",""
"Converted","C:\Websites\learningmanagementsystem\Images\Course_Images\TAP Courses Webp files\Research the Viability of New Venture IdeasOpportunities.webp","C:\Websites\learningmanagementsystem\Images\Course_Images\TAP Courses PNG FIles\Research the Viability of New Venture IdeasOpportunities.png",""
"Converted","C:\Websites\learningmanagementsystem\Images\Course_Images\TAP Courses Webp files\Research Using Computer Technology.webp","C:\Websites\learningmanagementsystem\Images\Course_Images\TAP Courses PNG FIles\Research Using Computer Technology.png",""
"Converted","C:\Websites\learningmanagementsystem\Images\Course_Images\TAP Courses Webp files\Reviewing Your Retail Sales Performance.webp","C:\Websites\learningmanagementsystem\Images\Course_Images\TAP Courses PNG FIles\Reviewing Your Retail Sales Performance.png",""
"Converted","C:\Websites\learningmanagementsystem\Images\Course_Images\TAP Courses Webp files\Sell Products to Customers in a Wholesale and Retail Outlet.webp","C:\Websites\learningmanagementsystem\Images\Course_Images\TAP Courses PNG FIles\Sell Products to Customers in a Wholesale and Retail Outlet.png",""
"Converted","C:\Websites\learningmanagementsystem\Images\Course_Images\TAP Courses Webp files\Selling to Corporate Fleet Owners.webp","C:\Websites\learningmanagementsystem\Images\Course_Images\TAP Courses PNG FIles\Selling to Corporate Fleet Owners.png",""
"Converted","C:\Websites\learningmanagementsystem\Images\Course_Images\TAP Courses Webp files\Set Priorities for Team and Personal Tasks.webp","C:\Websites\learningmanagementsystem\Images\Course_Images\TAP Courses PNG FIles\Set Priorities for Team and Personal Tasks.png",""
"Converted","C:\Websites\learningmanagementsystem\Images\Course_Images\TAP Courses Webp files\Setting Up Multi-User Network Operating Systems.webp","C:\Websites\learningmanagementsystem\Images\Course_Images\TAP Courses PNG FIles\Setting Up Multi-User Network Operating Systems.png",""
"Converted","C:\Websites\learningmanagementsystem\Images\Course_Images\TAP Courses Webp files\Sexual Harassment.webp","C:\Websites\learningmanagementsystem\Images\Course_Images\TAP Courses PNG FIles\Sexual Harassment.png",""
"Converted","C:\Websites\learningmanagementsystem\Images\Course_Images\TAP Courses Webp files\Situational Judgement Assessment.webp","C:\Websites\learningmanagementsystem\Images\Course_Images\TAP Courses PNG FIles\Situational Judgement Assessment.png",""
"Converted","C:\Websites\learningmanagementsystem\Images\Course_Images\TAP Courses Webp files\Skills Development Coordination Practices (SDF).webp","C:\Websites\learningmanagementsystem\Images\Course_Images\TAP Courses PNG FIles\Skills Development Coordination Practices (SDF).png",""
"Converted","C:\Websites\learningmanagementsystem\Images\Course_Images\TAP Courses Webp files\Solving Problems with Data and Probability.webp","C:\Websites\learningmanagementsystem\Images\Course_Images\TAP Courses PNG FIles\Solving Problems with Data and Probability.png",""
"Converted","C:\Websites\learningmanagementsystem\Images\Course_Images\TAP Courses Webp files\Specify Heavy Vehicles Options and Add-on Products.webp","C:\Websites\learningmanagementsystem\Images\Course_Images\TAP Courses PNG FIles\Specify Heavy Vehicles Options and Add-on Products.png",""
"Converted","C:\Websites\learningmanagementsystem\Images\Course_Images\TAP Courses Webp files\Speed Typing Test Assessment.webp","C:\Websites\learningmanagementsystem\Images\Course_Images\TAP Courses PNG FIles\Speed Typing Test Assessment.png",""
"Converted","C:\Websites\learningmanagementsystem\Images\Course_Images\TAP Courses Webp files\Standard Insurance Cover in Terms of SASRIA.webp","C:\Websites\learningmanagementsystem\Images\Course_Images\TAP Courses PNG FIles\Standard Insurance Cover in Terms of SASRIA.png",""
"Converted","C:\Websites\learningmanagementsystem\Images\Course_Images\TAP Courses Webp files\Statistics and Probability to Influence the Use of Data and Procedures.webp","C:\Websites\learningmanagementsystem\Images\Course_Images\TAP Courses PNG FIles\Statistics and Probability to Influence the Use of Data and Procedures.png",""
"Converted","C:\Websites\learningmanagementsystem\Images\Course_Images\TAP Courses Webp files\Stock and Fixed Asset Management.webp","C:\Websites\learningmanagementsystem\Images\Course_Images\TAP Courses PNG FIles\Stock and Fixed Asset Management.png",""
"Converted","C:\Websites\learningmanagementsystem\Images\Course_Images\TAP Courses Webp files\Stock Procurement in the Retail Industry.webp","C:\Websites\learningmanagementsystem\Images\Course_Images\TAP Courses PNG FIles\Stock Procurement in the Retail Industry.png",""
"Converted","C:\Websites\learningmanagementsystem\Images\Course_Images\TAP Courses Webp files\Stock Replenishment in a Retail Business.webp","C:\Websites\learningmanagementsystem\Images\Course_Images\TAP Courses PNG FIles\Stock Replenishment in a Retail Business.png",""
"Converted","C:\Websites\learningmanagementsystem\Images\Course_Images\TAP Courses Webp files\Strategic Financial Planning for Startups.webp","C:\Websites\learningmanagementsystem\Images\Course_Images\TAP Courses PNG FIles\Strategic Financial Planning for Startups.png",""
"Converted","C:\Websites\learningmanagementsystem\Images\Course_Images\TAP Courses Webp files\Strategic Supply Chain Management Concepts.webp","C:\Websites\learningmanagementsystem\Images\Course_Images\TAP Courses PNG FIles\Strategic Supply Chain Management Concepts.png",""
"Converted","C:\Websites\learningmanagementsystem\Images\Course_Images\TAP Courses Webp files\Strategies to Improve New Venture Performance.webp","C:\Websites\learningmanagementsystem\Images\Course_Images\TAP Courses PNG FIles\Strategies to Improve New Venture Performance.png",""
"Converted","C:\Websites\learningmanagementsystem\Images\Course_Images\TAP Courses Webp files\Stress Management.webp","C:\Websites\learningmanagementsystem\Images\Course_Images\TAP Courses PNG FIles\Stress Management.png",""
"Converted","C:\Websites\learningmanagementsystem\Images\Course_Images\TAP Courses Webp files\Supply Chain Negotiation Skills.webp","C:\Websites\learningmanagementsystem\Images\Course_Images\TAP Courses PNG FIles\Supply Chain Negotiation Skills.png",""
"Converted","C:\Websites\learningmanagementsystem\Images\Course_Images\TAP Courses Webp files\Support Quality Implementation in Projects.webp","C:\Websites\learningmanagementsystem\Images\Course_Images\TAP Courses PNG FIles\Support Quality Implementation in Projects.png",""
"Converted","C:\Websites\learningmanagementsystem\Images\Course_Images\TAP Courses Webp files\Talent Management.webp","C:\Websites\learningmanagementsystem\Images\Course_Images\TAP Courses PNG FIles\Talent Management.png",""
"Converted","C:\Websites\learningmanagementsystem\Images\Course_Images\TAP Courses Webp files\Tender Procedures for a New Venture.webp","C:\Websites\learningmanagementsystem\Images\Course_Images\TAP Courses PNG FIles\Tender Procedures for a New Venture.png",""
"Converted","C:\Websites\learningmanagementsystem\Images\Course_Images\TAP Courses Webp files\Testing IT Systems Against Given Specifications.webp","C:\Websites\learningmanagementsystem\Images\Course_Images\TAP Courses PNG FIles\Testing IT Systems Against Given Specifications.png",""
"Converted","C:\Websites\learningmanagementsystem\Images\Course_Images\TAP Courses Webp files\The Key Issues Important for Compliance With Corporate Governance Principles and Social Responsibility.webp","C:\Websites\learningmanagementsystem\Images\Course_Images\TAP Courses PNG FIles\The Key Issues Important for Compliance With Corporate Governance Principles and Social Responsibility.png",""
"Converted","C:\Websites\learningmanagementsystem\Images\Course_Images\TAP Courses Webp files\Time Management.webp","C:\Websites\learningmanagementsystem\Images\Course_Images\TAP Courses PNG FIles\Time Management.png",""
"Converted","C:\Websites\learningmanagementsystem\Images\Course_Images\TAP Courses Webp files\Tools and Techniques for Project Management.webp","C:\Websites\learningmanagementsystem\Images\Course_Images\TAP Courses PNG FIles\Tools and Techniques for Project Management.png",""
"Converted","C:\Websites\learningmanagementsystem\Images\Course_Images\TAP Courses Webp files\Train the Trainer.webp","C:\Websites\learningmanagementsystem\Images\Course_Images\TAP Courses PNG FIles\Train the Trainer.png",""
"Converted","C:\Websites\learningmanagementsystem\Images\Course_Images\TAP Courses Webp files\Troubleshooting Single- and Multi-User OS Issues.webp","C:\Websites\learningmanagementsystem\Images\Course_Images\TAP Courses PNG FIles\Troubleshooting Single- and Multi-User OS Issues.png",""
"Converted","C:\Websites\learningmanagementsystem\Images\Course_Images\TAP Courses Webp files\Understanding Broad-Based Black Economic Empowerment.webp","C:\Websites\learningmanagementsystem\Images\Course_Images\TAP Courses PNG FIles\Understanding Broad-Based Black Economic Empowerment.png",""
"Converted","C:\Websites\learningmanagementsystem\Images\Course_Images\TAP Courses Webp files\Understanding Computer Database Management Systems.webp","C:\Websites\learningmanagementsystem\Images\Course_Images\TAP Courses PNG FIles\Understanding Computer Database Management Systems.png",""
"Converted","C:\Websites\learningmanagementsystem\Images\Course_Images\TAP Courses Webp files\Understanding Computer Network Architectures and Standards.webp","C:\Websites\learningmanagementsystem\Images\Course_Images\TAP Courses PNG FIles\Understanding Computer Network Architectures and Standards.png",""
"Converted","C:\Websites\learningmanagementsystem\Images\Course_Images\TAP Courses Webp files\Understanding Different Business Environments.webp","C:\Websites\learningmanagementsystem\Images\Course_Images\TAP Courses PNG FIles\Understanding Different Business Environments.png",""
"Converted","C:\Websites\learningmanagementsystem\Images\Course_Images\TAP Courses Webp files\Understanding Gender-Based Violence.webp","C:\Websites\learningmanagementsystem\Images\Course_Images\TAP Courses PNG FIles\Understanding Gender-Based Violence.png",""
"Converted","C:\Websites\learningmanagementsystem\Images\Course_Images\TAP Courses Webp files\Understanding HIVAIDS in the Workplace.webp","C:\Websites\learningmanagementsystem\Images\Course_Images\TAP Courses PNG FIles\Understanding HIVAIDS in the Workplace.png",""
"Converted","C:\Websites\learningmanagementsystem\Images\Course_Images\TAP Courses Webp files\Understanding Market Mechanisms in New Ventures.webp","C:\Websites\learningmanagementsystem\Images\Course_Images\TAP Courses PNG FIles\Understanding Market Mechanisms in New Ventures.png",""
"Converted","C:\Websites\learningmanagementsystem\Images\Course_Images\TAP Courses Webp files\Understanding Multi-User Operating Systems.webp","C:\Websites\learningmanagementsystem\Images\Course_Images\TAP Courses PNG FIles\Understanding Multi-User Operating Systems.png",""
"Converted","C:\Websites\learningmanagementsystem\Images\Course_Images\TAP Courses Webp files\Understanding Organisational Ethics.webp","C:\Websites\learningmanagementsystem\Images\Course_Images\TAP Courses PNG FIles\Understanding Organisational Ethics.png",""
"Converted","C:\Websites\learningmanagementsystem\Images\Course_Images\TAP Courses Webp files\Understanding VAT (Value Added Tax).webp","C:\Websites\learningmanagementsystem\Images\Course_Images\TAP Courses PNG FIles\Understanding VAT (Value Added Tax).png",""
"Converted","C:\Websites\learningmanagementsystem\Images\Course_Images\TAP Courses Webp files\Use Security Equipment.webp","C:\Websites\learningmanagementsystem\Images\Course_Images\TAP Courses PNG FIles\Use Security Equipment.png",""
"Converted","C:\Websites\learningmanagementsystem\Images\Course_Images\TAP Courses Webp files\Using Information From Texts.webp","C:\Websites\learningmanagementsystem\Images\Course_Images\TAP Courses PNG FIles\Using Information From Texts.png",""
"Converted","C:\Websites\learningmanagementsystem\Images\Course_Images\TAP Courses Webp files\Using Statistics and Probability to Analyse and Communicate Life Problems.webp","C:\Websites\learningmanagementsystem\Images\Course_Images\TAP Courses PNG FIles\Using Statistics and Probability to Analyse and Communicate Life Problems.png",""
"Converted","C:\Websites\learningmanagementsystem\Images\Course_Images\TAP Courses Webp files\WANs vs. LANs Understanding and Comparison.webp","C:\Websites\learningmanagementsystem\Images\Course_Images\TAP Courses PNG FIles\WANs vs. LANs Understanding and Comparison.png",""
"Converted","C:\Websites\learningmanagementsystem\Images\Course_Images\TAP Courses Webp files\Work as a member of a Contact Centre Team.webp","C:\Websites\learningmanagementsystem\Images\Course_Images\TAP Courses PNG FIles\Work as a member of a Contact Centre Team.png",""
"Converted","C:\Websites\learningmanagementsystem\Images\Course_Images\TAP Courses Webp files\Work as a Project Team Member.webp","C:\Websites\learningmanagementsystem\Images\Course_Images\TAP Courses PNG FIles\Work as a Project Team Member.png",""
"Converted","C:\Websites\learningmanagementsystem\Images\Course_Images\TAP Courses Webp files\Work Unit Estimation and Late Delivery Implications.webp","C:\Websites\learningmanagementsystem\Images\Course_Images\TAP Courses PNG FIles\Work Unit Estimation and Late Delivery Implications.png",""
"Converted","C:\Websites\learningmanagementsystem\Images\Course_Images\TAP Courses Webp files\Work With a Range of Patterns and Functions and Solve Problems.webp","C:\Websites\learningmanagementsystem\Images\Course_Images\TAP Courses PNG FIles\Work With a Range of Patterns and Functions and Solve Problems.png",""
"Converted","C:\Websites\learningmanagementsystem\Images\Course_Images\TAP Courses Webp files\Writepresent for a Defined Context.webp","C:\Websites\learningmanagementsystem\Images\Course_Images\TAP Courses PNG FIles\Writepresent for a Defined Context.png",""
"Converted","C:\Websites\learningmanagementsystem\Images\Course_Images\TAP Courses Webp files\Writing for Various Communicative Contexts.webp","C:\Websites\learningmanagementsystem\Images\Course_Images\TAP Courses PNG FIles\Writing for Various Communicative Contexts.png",""
